order_id,order_date,order_status,store_name,customer_name,state,product_name,category_name,brand_name,quantity,list_price,discount,line_total,current_stock
1,01-01-2016,4,Santa Cruz Bikes,Johnathan Velazquez,CA,Electra Townie Original 7D EQ - Women's - 2016,Cruisers Bicycles,Electra,1,599.99,0.2,479.992,26
1,01-01-2016,4,Santa Cruz Bikes,Johnathan Velazquez,CA,Trek Remedy 29 Carbon Frameset - 2016,Mountain Bikes,Trek,2,1799.99,0.07,3347.9814,0
1,01-01-2016,4,Santa Cruz Bikes,Johnathan Velazquez,CA,Surly Straggler - 2016,Cyclocross Bicycles,Surly,2,1549,0.05,2943.1,15
1,01-01-2016,4,Santa Cruz Bikes,Johnathan Velazquez,CA,Electra Townie Original 7D EQ - 2016,Cruisers Bicycles,Electra,2,599.99,0.05,1139.981,4
1,01-01-2016,4,Santa Cruz Bikes,Johnathan Velazquez,CA,Trek Fuel EX 8 29 - 2016,Mountain Bikes,Trek,1,2899.99,0.2,2319.992,23
2,01-01-2016,4,Baldwin Bikes,Jaqueline Cummings,NY,Electra Townie Original 7D EQ - Women's - 2016,Cruisers Bicycles,Electra,1,599.99,0.07,557.9907,20
2,01-01-2016,4,Baldwin Bikes,Jaqueline Cummings,NY,Electra Townie Original 7D EQ - 2016,Cruisers Bicycles,Electra,2,599.99,0.05,1139.981,20
3,02-01-2016,4,Baldwin Bikes,Joshua Robertson,NY,Surly Wednesday Frameset - 2016,Mountain Bikes,Surly,1,999.99,0.05,949.9905,28
3,02-01-2016,4,Baldwin Bikes,Joshua Robertson,NY,Electra Townie Original 7D EQ - Women's - 2016,Cruisers Bicycles,Electra,1,599.99,0.05,569.9905,20
4,03-01-2016,4,Santa Cruz Bikes,Nova Hess,CA,Ritchey Timberwolf Frameset - 2016,Mountain Bikes,Ritchey,2,749.99,0.1,1349.982,5
5,03-01-2016,4,Baldwin Bikes,Arla Ellis,NY,Surly Straggler - 2016,Cyclocross Bicycles,Surly,2,1549,0.05,2943.1,13
5,03-01-2016,4,Baldwin Bikes,Arla Ellis,NY,Pure Cycles Vine 8-Speed - 2016,Cruisers Bicycles,Pure Cycles,1,429,0.07,398.97,3
5,03-01-2016,4,Baldwin Bikes,Arla Ellis,NY,Electra Townie Original 7D EQ - 2016,Comfort Bicycles,Electra,1,599.99,0.07,557.9907,2
6,04-01-2016,4,Baldwin Bikes,Sharyn Hopkins,NY,Pure Cycles Western 3-Speed - Women's - 2015/2016,Cruisers Bicycles,Pure Cycles,1,449,0.07,417.57,13
6,04-01-2016,4,Baldwin Bikes,Sharyn Hopkins,NY,Electra Townie Original 21D - 2016,Cruisers Bicycles,Electra,2,549.99,0.05,1044.981,2
6,04-01-2016,4,Baldwin Bikes,Sharyn Hopkins,NY,Electra Townie Original 7D EQ - Women's - 2016,Cruisers Bicycles,Electra,1,599.99,0.1,539.991,20
6,04-01-2016,4,Baldwin Bikes,Sharyn Hopkins,NY,Surly Wednesday Frameset - 2016,Mountain Bikes,Surly,2,999.99,0.07,1859.9814,28
6,04-01-2016,4,Baldwin Bikes,Sharyn Hopkins,NY,Trek Conduit+ - 2016,Electric Bikes,Trek,2,2999.99,0.07,5579.9814,17
7,04-01-2016,4,Baldwin Bikes,Laureen Paul,NY,Electra Moto 1 - 2016,Cruisers Bicycles,Electra,1,529.99,0.07,492.8907,6
7,04-01-2016,4,Baldwin Bikes,Laureen Paul,NY,Surly Wednesday Frameset - 2016,Mountain Bikes,Surly,1,999.99,0.1,899.991,28
7,04-01-2016,4,Baldwin Bikes,Laureen Paul,NY,Pure Cycles Vine 8-Speed - 2016,Cruisers Bicycles,Pure Cycles,2,429,0.1,772.2,3
8,04-01-2016,4,Baldwin Bikes,Leslie Higgins,NY,Electra Girl's Hawaii 1 (16-inch) - 2015/2016,Children Bicycles,Electra,1,269.99,0.05,256.4905,0
8,04-01-2016,4,Baldwin Bikes,Leslie Higgins,NY,Electra Townie Original 7D EQ - Women's - 2016,Cruisers Bicycles,Electra,2,599.99,0.07,1115.9814,20
9,05-01-2016,4,Santa Cruz Bikes,Neil Mccall,CA,Trek Slash 8 27.5 - 2016,Mountain Bikes,Trek,2,3999.99,0.1,7199.982,8
10,05-01-2016,4,Baldwin Bikes,Alane Munoz,NY,Electra Girl's Hawaii 1 (16-inch) - 2015/2016,Cruisers Bicycles,Electra,1,269.99,0.1,242.991,18
11,05-01-2016,4,Baldwin Bikes,Tarra Guerrero,NY,Trek Remedy 29 Carbon Frameset - 2016,Mountain Bikes,Trek,1,1799.99,0.05,1709.9905,1
11,05-01-2016,4,Baldwin Bikes,Tarra Guerrero,NY,Electra Girl's Hawaii 1 (16-inch) - 2015/2016,Children Bicycles,Electra,2,269.99,0.1,485.982,0
11,05-01-2016,4,Baldwin Bikes,Tarra Guerrero,NY,Electra Townie Original 7D EQ - 2016,Cruisers Bicycles,Electra,2,599.99,0.2,959.984,20
12,06-01-2016,4,Santa Cruz Bikes,Marvin Mullins,CA,Trek Fuel EX 8 29 - 2016,Mountain Bikes,Trek,2,2899.99,0.1,5219.982,23
12,06-01-2016,4,Santa Cruz Bikes,Marvin Mullins,CA,Surly Straggler 650b - 2016,Cyclocross Bicycles,Surly,1,1680.99,0.05,1596.9405,8
13,08-01-2016,4,Baldwin Bikes,Patience Clayton,NY,Electra Cruiser 1 (24-Inch) - 2016,Cruisers Bicycles,Electra,1,269.99,0.1,242.991,1
13,08-01-2016,4,Baldwin Bikes,Patience Clayton,NY,Pure Cycles Vine 8-Speed - 2016,Cruisers Bicycles,Pure Cycles,2,429,0.05,815.1,3
13,08-01-2016,4,Baldwin Bikes,Patience Clayton,NY,Electra Townie Original 7D EQ - Women's - 2016,Cruisers Bicycles,Electra,2,599.99,0.1,1079.982,20
13,08-01-2016,4,Baldwin Bikes,Patience Clayton,NY,Electra Townie Original 7D EQ - 2016,Cruisers Bicycles,Electra,2,599.99,0.05,1139.981,20
14,09-01-2016,4,Santa Cruz Bikes,Maribel William,CA,Surly Ice Cream Truck Frameset - 2016,Mountain Bikes,Surly,1,469.99,0.07,437.0907,0
15,09-01-2016,4,Baldwin Bikes,Ellsworth Michael,NY,Electra Townie Original 21D - 2016,Cruisers Bicycles,Electra,2,549.99,0.07,1022.9814,2
15,09-01-2016,4,Baldwin Bikes,Ellsworth Michael,NY,Trek Remedy 29 Carbon Frameset - 2016,Mountain Bikes,Trek,1,1799.99,0.07,1673.9907,1
15,09-01-2016,4,Baldwin Bikes,Ellsworth Michael,NY,Pure Cycles Western 3-Speed - Women's - 2015/2016,Cruisers Bicycles,Pure Cycles,2,449,0.05,853.1,13
15,09-01-2016,4,Baldwin Bikes,Ellsworth Michael,NY,Electra Girl's Hawaii 1 (20-inch) - 2015/2016,Children Bicycles,Electra,2,299.99,0.2,479.984,12
16,12-01-2016,4,Santa Cruz Bikes,Lea Key,CA,Trek Remedy 29 Carbon Frameset - 2016,Mountain Bikes,Trek,1,1799.99,0.2,1439.992,0
16,12-01-2016,4,Santa Cruz Bikes,Lea Key,CA,Electra Cruiser 1 (24-Inch) - 2016,Children Bicycles,Electra,1,269.99,0.05,256.4905,24
16,12-01-2016,4,Santa Cruz Bikes,Lea Key,CA,Electra Cruiser 1 (24-Inch) - 2016,Cruisers Bicycles,Electra,2,269.99,0.07,502.1814,13
16,12-01-2016,4,Santa Cruz Bikes,Lea Key,CA,Electra Girl's Hawaii 1 (16-inch) - 2015/2016,Cruisers Bicycles,Electra,1,269.99,0.07,251.0907,8
17,12-01-2016,4,Santa Cruz Bikes,Sindy Anderson,CA,Trek Remedy 29 Carbon Frameset - 2016,Mountain Bikes,Trek,1,1799.99,0.07,1673.9907,0
17,12-01-2016,4,Santa Cruz Bikes,Sindy Anderson,CA,Electra Girl's Hawaii 1 (20-inch) - 2015/2016,Children Bicycles,Electra,1,299.99,0.1,269.991,9
17,12-01-2016,4,Santa Cruz Bikes,Sindy Anderson,CA,Heller Shagamaw Frame - 2016,Mountain Bikes,Heller,1,1320.99,0.1,1188.891,22
17,12-01-2016,4,Santa Cruz Bikes,Sindy Anderson,CA,Electra Townie Original 7D EQ - Women's - 2016,Cruisers Bicycles,Electra,2,599.99,0.2,959.984,26
18,14-01-2016,4,Santa Cruz Bikes,Lanita Burton,CA,Ritchey Timberwolf Frameset - 2016,Mountain Bikes,Ritchey,2,749.99,0.2,1199.984,5
18,14-01-2016,4,Santa Cruz Bikes,Lanita Burton,CA,Electra Girl's Hawaii 1 (16-inch) - 2015/2016,Children Bicycles,Electra,1,269.99,0.05,256.4905,29
18,14-01-2016,4,Santa Cruz Bikes,Lanita Burton,CA,Trek Slash 8 27.5 - 2016,Mountain Bikes,Trek,1,3999.99,0.1,3599.991,8
18,14-01-2016,4,Santa Cruz Bikes,Lanita Burton,CA,Electra Townie Original 7D - 2015/2016,Comfort Bicycles,Electra,2,499.99,0.05,949.981,10
18,14-01-2016,4,Santa Cruz Bikes,Lanita Burton,CA,Trek Conduit+ - 2016,Electric Bikes,Trek,2,2999.99,0.1,5399.982,11
19,14-01-2016,4,Santa Cruz Bikes,Norine Huffman,CA,Surly Straggler - 2016,Cyclocross Bicycles,Surly,1,1549,0.07,1440.57,15
19,14-01-2016,4,Santa Cruz Bikes,Norine Huffman,CA,Trek Conduit+ - 2016,Electric Bikes,Trek,2,2999.99,0.2,4799.984,11
20,14-01-2016,4,Santa Cruz Bikes,Randee Pitts,CA,Trek Conduit+ - 2016,Electric Bikes,Trek,1,2999.99,0.07,2789.9907,11
20,14-01-2016,4,Santa Cruz Bikes,Randee Pitts,CA,Surly Straggler - 2016,Cyclocross Bicycles,Surly,2,1549,0.07,2881.14,15
21,15-01-2016,4,Baldwin Bikes,Neoma Daugherty,NY,Electra Girl's Hawaii 1 (16-inch) - 2015/2016,Cruisers Bicycles,Electra,1,269.99,0.05,256.4905,18
21,15-01-2016,4,Baldwin Bikes,Neoma Daugherty,NY,Pure Cycles Vine 8-Speed - 2016,Cruisers Bicycles,Pure Cycles,1,429,0.1,386.1,3
21,15-01-2016,4,Baldwin Bikes,Neoma Daugherty,NY,Surly Straggler - 2016,Cyclocross Bicycles,Surly,1,1549,0.07,1440.57,13
22,16-01-2016,4,Santa Cruz Bikes,Tangela Hurley,CA,Electra Moto 1 - 2016,Cruisers Bicycles,Electra,2,529.99,0.2,847.984,3
22,16-01-2016,4,Santa Cruz Bikes,Tangela Hurley,CA,Electra Girl's Hawaii 1 (16-inch) - 2015/2016,Children Bicycles,Electra,1,269.99,0.05,256.4905,29
23,16-01-2016,4,Santa Cruz Bikes,Drucilla Gilliam,CA,Trek Fuel EX 8 29 - 2016,Mountain Bikes,Trek,2,2899.99,0.05,5509.981,23
23,16-01-2016,4,Santa Cruz Bikes,Drucilla Gilliam,CA,Electra Girl's Hawaii 1 (20-inch) - 2015/2016,Children Bicycles,Electra,2,299.99,0.1,539.982,9
23,16-01-2016,4,Santa Cruz Bikes,Drucilla Gilliam,CA,Electra Cruiser 1 (24-Inch) - 2016,Cruisers Bicycles,Electra,1,269.99,0.2,215.992,13
24,18-01-2016,4,Baldwin Bikes,Ashton Lott,NY,Surly Wednesday Frameset - 2016,Mountain Bikes,Surly,2,999.99,0.1,1799.982,28
24,18-01-2016,4,Baldwin Bikes,Ashton Lott,NY,Pure Cycles Western 3-Speed - Women's - 2015/2016,Cruisers Bicycles,Pure Cycles,2,449,0.07,835.14,13
25,18-01-2016,4,Baldwin Bikes,Sam Lester,NY,Electra Girl's Hawaii 1 (20-inch) - 2015/2016,Children Bicycles,Electra,2,299.99,0.2,479.984,12
25,18-01-2016,4,Baldwin Bikes,Sam Lester,NY,Surly Straggler - 2016,Cyclocross Bicycles,Surly,2,1549,0.2,2478.4,13
25,18-01-2016,4,Baldwin Bikes,Sam Lester,NY,Electra Girl's Hawaii 1 (16-inch) - 2015/2016,Children Bicycles,Electra,1,269.99,0.2,215.992,0
25,18-01-2016,4,Baldwin Bikes,Sam Lester,NY,Electra Girl's Hawaii 1 (16-inch) - 2015/2016,Cruisers Bicycles,Electra,1,269.99,0.2,215.992,18
25,18-01-2016,4,Baldwin Bikes,Sam Lester,NY,Electra Cruiser 1 (24-Inch) - 2016,Children Bicycles,Electra,1,269.99,0.1,242.991,16
26,18-01-2016,4,Baldwin Bikes,Jackeline Colon,NY,Trek Slash 8 27.5 - 2016,Mountain Bikes,Trek,1,3999.99,0.05,3799.9905,8
26,18-01-2016,4,Baldwin Bikes,Jackeline Colon,NY,Ritchey Timberwolf Frameset - 2016,Mountain Bikes,Ritchey,1,749.99,0.2,599.992,16
26,18-01-2016,4,Baldwin Bikes,Jackeline Colon,NY,Electra Townie Original 21D - 2016,Cruisers Bicycles,Electra,1,549.99,0.2,439.992,2
26,18-01-2016,4,Baldwin Bikes,Jackeline Colon,NY,Electra Cruiser 1 (24-Inch) - 2016,Children Bicycles,Electra,2,269.99,0.07,502.1814,16
27,19-01-2016,4,Baldwin Bikes,Pamala Henry,NY,Heller Shagamaw Frame - 2016,Mountain Bikes,Heller,1,1320.99,0.2,1056.792,1
27,19-01-2016,4,Baldwin Bikes,Pamala Henry,NY,Pure Cycles William 3-Speed - 2016,Cruisers Bicycles,Pure Cycles,1,449,0.2,359.2,15
27,19-01-2016,4,Baldwin Bikes,Pamala Henry,NY,Electra Townie Original 7D EQ - 2016,Comfort Bicycles,Electra,2,599.99,0.07,1115.9814,2
27,19-01-2016,4,Baldwin Bikes,Pamala Henry,NY,Trek Remedy 29 Carbon Frameset - 2016,Mountain Bikes,Trek,1,1799.99,0.07,1673.9907,1
28,19-01-2016,4,Baldwin Bikes,Eleni Gordon,NY,Heller Shagamaw Frame - 2016,Mountain Bikes,Heller,1,1320.99,0.05,1254.9405,1
28,19-01-2016,4,Baldwin Bikes,Eleni Gordon,NY,Trek Slash 8 27.5 - 2016,Mountain Bikes,Trek,2,3999.99,0.2,6399.984,8
28,19-01-2016,4,Baldwin Bikes,Eleni Gordon,NY,Electra Girl's Hawaii 1 (16-inch) - 2015/2016,Cruisers Bicycles,Electra,2,269.99,0.1,485.982,18
28,19-01-2016,4,Baldwin Bikes,Eleni Gordon,NY,Surly Ice Cream Truck Frameset - 2016,Mountain Bikes,Surly,1,469.99,0.05,446.4905,11
29,20-01-2016,4,Baldwin Bikes,Laureen Barry,NY,Electra Townie Original 21D - 2016,Comfort Bicycles,Electra,2,549.99,0.05,1044.981,16
29,20-01-2016,4,Baldwin Bikes,Laureen Barry,NY,Surly Ice Cream Truck Frameset - 2016,Mountain Bikes,Surly,1,469.99,0.2,375.992,11
29,20-01-2016,4,Baldwin Bikes,Laureen Barry,NY,Electra Cruiser 1 (24-Inch) - 2016,Children Bicycles,Electra,2,269.99,0.1,485.982,16
29,20-01-2016,4,Baldwin Bikes,Laureen Barry,NY,Trek Remedy 29 Carbon Frameset - 2016,Mountain Bikes,Trek,1,1799.99,0.2,1439.992,1
29,20-01-2016,4,Baldwin Bikes,Laureen Barry,NY,Electra Girl's Hawaii 1 (16-inch) - 2015/2016,Cruisers Bicycles,Electra,2,269.99,0.05,512.981,18
30,20-01-2016,4,Baldwin Bikes,Yvone Guerrero,NY,Electra Townie Original 7D EQ - 2016,Comfort Bicycles,Electra,1,599.99,0.05,569.9905,2
30,20-01-2016,4,Baldwin Bikes,Yvone Guerrero,NY,Pure Cycles Vine 8-Speed - 2016,Cruisers Bicycles,Pure Cycles,1,429,0.07,398.97,3
30,20-01-2016,4,Baldwin Bikes,Yvone Guerrero,NY,Pure Cycles William 3-Speed - 2016,Cruisers Bicycles,Pure Cycles,1,449,0.1,404.1,15
30,20-01-2016,4,Baldwin Bikes,Yvone Guerrero,NY,Trek Fuel EX 8 29 - 2016,Mountain Bikes,Trek,1,2899.99,0.1,2609.991,2
30,20-01-2016,4,Baldwin Bikes,Yvone Guerrero,NY,Trek Slash 8 27.5 - 2016,Mountain Bikes,Trek,2,3999.99,0.1,7199.982,8
31,20-01-2016,4,Rowlett Bikes,Edgar Quinn,TX,Surly Straggler 650b - 2016,Cyclocross Bicycles,Surly,2,1680.99,0.05,3193.881,30
31,20-01-2016,4,Rowlett Bikes,Edgar Quinn,TX,Trek Conduit+ - 2016,Electric Bikes,Trek,2,2999.99,0.2,4799.984,23
32,21-01-2016,4,Santa Cruz Bikes,Kimbery Nieves,CA,Trek Remedy 29 Carbon Frameset - 2016,Mountain Bikes,Trek,2,1799.99,0.07,3347.9814,0
32,21-01-2016,4,Santa Cruz Bikes,Kimbery Nieves,CA,Electra Townie Original 21D - 2016,Cruisers Bicycles,Electra,2,549.99,0.07,1022.9814,16
32,21-01-2016,4,Santa Cruz Bikes,Kimbery Nieves,CA,Electra Townie Original 7D - 2015/2016,Comfort Bicycles,Electra,2,499.99,0.1,899.982,10
33,21-01-2016,4,Baldwin Bikes,Verona O'neill,NY,Electra Girl's Hawaii 1 (20-inch) - 2015/2016,Children Bicycles,Electra,2,299.99,0.07,557.9814,12
33,21-01-2016,4,Baldwin Bikes,Verona O'neill,NY,Trek Slash 8 27.5 - 2016,Mountain Bikes,Trek,1,3999.99,0.1,3599.991,8
34,22-01-2016,4,Baldwin Bikes,Sarai Mckee,NY,Trek Remedy 29 Carbon Frameset - 2016,Mountain Bikes,Trek,2,1799.99,0.07,3347.9814,1
34,22-01-2016,4,Baldwin Bikes,Sarai Mckee,NY,Surly Straggler - 2016,Cyclocross Bicycles,Surly,2,1549,0.1,2788.2,13
34,22-01-2016,4,Baldwin Bikes,Sarai Mckee,NY,Pure Cycles Vine 8-Speed - 2016,Cruisers Bicycles,Pure Cycles,2,429,0.2,686.4,3
35,22-01-2016,4,Baldwin Bikes,Neville Mcclain,NY,Pure Cycles Western 3-Speed - Women's - 2015/2016,Cruisers Bicycles,Pure Cycles,1,449,0.05,426.55,13
35,22-01-2016,4,Baldwin Bikes,Neville Mcclain,NY,Electra Townie Original 7D EQ - Women's - 2016,Cruisers Bicycles,Electra,2,599.99,0.05,1139.981,20
35,22-01-2016,4,Baldwin Bikes,Neville Mcclain,NY,Heller Shagamaw Frame - 2016,Mountain Bikes,Heller,1,1320.99,0.2,1056.792,1
35,22-01-2016,4,Baldwin Bikes,Neville Mcclain,NY,Electra Cruiser 1 (24-Inch) - 2016,Children Bicycles,Electra,2,269.99,0.07,502.1814,16
35,22-01-2016,4,Baldwin Bikes,Neville Mcclain,NY,Electra Girl's Hawaii 1 (16-inch) - 2015/2016,Children Bicycles,Electra,1,269.99,0.07,251.0907,0
36,23-01-2016,4,Baldwin Bikes,Shantel Gregory,NY,Trek Conduit+ - 2016,Electric Bikes,Trek,1,2999.99,0.07,2789.9907,17
36,23-01-2016,4,Baldwin Bikes,Shantel Gregory,NY,Heller Shagamaw Frame - 2016,Mountain Bikes,Heller,1,1320.99,0.05,1254.9405,1
36,23-01-2016,4,Baldwin Bikes,Shantel Gregory,NY,Surly Wednesday Frameset - 2016,Mountain Bikes,Surly,2,999.99,0.2,1599.984,28
37,25-01-2016,4,Baldwin Bikes,Tomika Larson,NY,Electra Townie Original 7D EQ - 2016,Cruisers Bicycles,Electra,2,599.99,0.05,1139.981,20
38,25-01-2016,4,Baldwin Bikes,Lashandra Turner,NY,Trek Slash 8 27.5 - 2016,Mountain Bikes,Trek,2,3999.99,0.05,7599.981,8
38,25-01-2016,4,Baldwin Bikes,Lashandra Turner,NY,Electra Girl's Hawaii 1 (20-inch) - 2015/2016,Children Bicycles,Electra,1,299.99,0.07,278.9907,12
38,25-01-2016,4,Baldwin Bikes,Lashandra Turner,NY,Electra Townie Original 7D - 2015/2016,Comfort Bicycles,Electra,1,499.99,0.2,399.992,18
38,25-01-2016,4,Baldwin Bikes,Lashandra Turner,NY,Surly Straggler - 2016,Cyclocross Bicycles,Surly,2,1549,0.1,2788.2,13
38,25-01-2016,4,Baldwin Bikes,Lashandra Turner,NY,Electra Townie Original 21D - 2016,Comfort Bicycles,Electra,1,549.99,0.07,511.4907,16
39,25-01-2016,4,Baldwin Bikes,Travis Whitley,NY,Electra Girl's Hawaii 1 (16-inch) - 2015/2016,Children Bicycles,Electra,2,269.99,0.2,431.984,0
39,25-01-2016,4,Baldwin Bikes,Travis Whitley,NY,Electra Townie Original 7D EQ - 2016,Cruisers Bicycles,Electra,2,599.99,0.2,959.984,20
39,25-01-2016,4,Baldwin Bikes,Travis Whitley,NY,Surly Wednesday Frameset - 2016,Mountain Bikes,Surly,2,999.99,0.05,1899.981,28
39,25-01-2016,4,Baldwin Bikes,Travis Whitley,NY,Electra Moto 1 - 2016,Cruisers Bicycles,Electra,1,529.99,0.1,476.991,6
40,27-01-2016,4,Santa Cruz Bikes,Darren Witt,CA,Pure Cycles Vine 8-Speed - 2016,Cruisers Bicycles,Pure Cycles,1,429,0.2,343.2,2
40,27-01-2016,4,Santa Cruz Bikes,Darren Witt,CA,Trek Remedy 29 Carbon Frameset - 2016,Mountain Bikes,Trek,2,1799.99,0.2,2879.984,0
41,27-01-2016,4,Baldwin Bikes,Ingeborg Ellison,NY,Heller Shagamaw Frame - 2016,Mountain Bikes,Heller,1,1320.99,0.1,1188.891,1
41,27-01-2016,4,Baldwin Bikes,Ingeborg Ellison,NY,Pure Cycles William 3-Speed - 2016,Cruisers Bicycles,Pure Cycles,2,449,0.2,718.4,15
41,27-01-2016,4,Baldwin Bikes,Ingeborg Ellison,NY,Electra Townie Original 7D EQ - 2016,Comfort Bicycles,Electra,2,599.99,0.2,959.984,2
42,27-01-2016,4,Baldwin Bikes,Corene Swanson,NY,Pure Cycles William 3-Speed - 2016,Cruisers Bicycles,Pure Cycles,1,449,0.05,426.55,15
43,27-01-2016,4,Baldwin Bikes,Elana Miles,NY,Electra Cruiser 1 (24-Inch) - 2016,Cruisers Bicycles,Electra,2,269.99,0.1,485.982,1
43,27-01-2016,4,Baldwin Bikes,Elana Miles,NY,Electra Townie Original 21D - 2016,Cruisers Bicycles,Electra,2,549.99,0.05,1044.981,2
44,28-01-2016,4,Baldwin Bikes,Olympia Figueroa,NY,Trek Slash 8 27.5 - 2016,Mountain Bikes,Trek,1,3999.99,0.1,3599.991,8
44,28-01-2016,4,Baldwin Bikes,Olympia Figueroa,NY,Electra Townie Original 7D EQ - 2016,Cruisers Bicycles,Electra,1,599.99,0.05,569.9905,20
45,28-01-2016,4,Baldwin Bikes,Carissa Cross,NY,Trek Fuel EX 8 29 - 2016,Mountain Bikes,Trek,2,2899.99,0.2,4639.984,2
45,28-01-2016,4,Baldwin Bikes,Carissa Cross,NY,Electra Girl's Hawaii 1 (16-inch) - 2015/2016,Children Bicycles,Electra,1,269.99,0.07,251.0907,0
45,28-01-2016,4,Baldwin Bikes,Carissa Cross,NY,Electra Cruiser 1 (24-Inch) - 2016,Children Bicycles,Electra,2,269.99,0.05,512.981,16
46,29-01-2016,4,Baldwin Bikes,Eldridge Greer,NY,Pure Cycles Vine 8-Speed - 2016,Cruisers Bicycles,Pure Cycles,1,429,0.1,386.1,3
47,29-01-2016,4,Baldwin Bikes,Joshua Berg,NY,Surly Ice Cream Truck Frameset - 2016,Mountain Bikes,Surly,1,469.99,0.05,446.4905,11
47,29-01-2016,4,Baldwin Bikes,Joshua Berg,NY,Electra Moto 1 - 2016,Cruisers Bicycles,Electra,1,529.99,0.1,476.991,6
47,29-01-2016,4,Baldwin Bikes,Joshua Berg,NY,Electra Townie Original 7D - 2015/2016,Comfort Bicycles,Electra,2,499.99,0.07,929.9814,18
47,29-01-2016,4,Baldwin Bikes,Joshua Berg,NY,Electra Cruiser 1 (24-Inch) - 2016,Cruisers Bicycles,Electra,1,269.99,0.2,215.992,1
48,30-01-2016,4,Baldwin Bikes,Josephine Dale,NY,Surly Straggler 650b - 2016,Cyclocross Bicycles,Surly,1,1680.99,0.1,1512.891,21
48,30-01-2016,4,Baldwin Bikes,Josephine Dale,NY,Trek Fuel EX 8 29 - 2016,Mountain Bikes,Trek,1,2899.99,0.2,2319.992,2
48,30-01-2016,4,Baldwin Bikes,Josephine Dale,NY,Heller Shagamaw Frame - 2016,Mountain Bikes,Heller,2,1320.99,0.1,2377.782,1
48,30-01-2016,4,Baldwin Bikes,Josephine Dale,NY,Electra Girl's Hawaii 1 (16-inch) - 2015/2016,Cruisers Bicycles,Electra,2,269.99,0.07,502.1814,18
49,31-01-2016,4,Baldwin Bikes,Taisha Vang,NY,Electra Cruiser 1 (24-Inch) - 2016,Cruisers Bicycles,Electra,2,269.99,0.07,502.1814,1
50,31-01-2016,4,Rowlett Bikes,Silas Tate,TX,Surly Wednesday Frameset - 2016,Mountain Bikes,Surly,1,999.99,0.05,949.9905,0
50,31-01-2016,4,Rowlett Bikes,Silas Tate,TX,Electra Townie Original 7D EQ - 2016,Comfort Bicycles,Electra,2,599.99,0.07,1115.9814,27
50,31-01-2016,4,Rowlett Bikes,Silas Tate,TX,Electra Cruiser 1 (24-Inch) - 2016,Cruisers Bicycles,Electra,2,269.99,0.2,431.984,19
51,01-02-2016,4,Baldwin Bikes,Jamaal Baker,NY,Electra Cruiser 1 (24-Inch) - 2016,Cruisers Bicycles,Electra,1,269.99,0.05,256.4905,1
51,01-02-2016,4,Baldwin Bikes,Jamaal Baker,NY,Electra Townie Original 7D EQ - Women's - 2016,Cruisers Bicycles,Electra,1,599.99,0.05,569.9905,20
51,01-02-2016,4,Baldwin Bikes,Jamaal Baker,NY,Electra Townie Original 7D EQ - 2016,Comfort Bicycles,Electra,2,599.99,0.2,959.984,2
52,03-02-2016,4,Santa Cruz Bikes,Twana Arnold,CA,Electra Townie Original 7D - 2015/2016,Comfort Bicycles,Electra,1,499.99,0.07,464.9907,10
53,03-02-2016,4,Baldwin Bikes,Margit Osborn,NY,Trek Remedy 29 Carbon Frameset - 2016,Mountain Bikes,Trek,2,1799.99,0.2,2879.984,1
53,03-02-2016,4,Baldwin Bikes,Margit Osborn,NY,Electra Girl's Hawaii 1 (20-inch) - 2015/2016,Children Bicycles,Electra,2,299.99,0.05,569.981,12
53,03-02-2016,4,Baldwin Bikes,Margit Osborn,NY,Electra Girl's Hawaii 1 (16-inch) - 2015/2016,Cruisers Bicycles,Electra,2,269.99,0.2,431.984,18
53,03-02-2016,4,Baldwin Bikes,Margit Osborn,NY,Electra Townie Original 7D - 2015/2016,Comfort Bicycles,Electra,2,499.99,0.1,899.982,18
54,04-02-2016,4,Baldwin Bikes,Inge Olsen,NY,Electra Townie Original 7D EQ - 2016,Comfort Bicycles,Electra,2,599.99,0.2,959.984,2
54,04-02-2016,4,Baldwin Bikes,Inge Olsen,NY,Surly Wednesday Frameset - 2016,Mountain Bikes,Surly,1,999.99,0.2,799.992,28
55,04-02-2016,4,Baldwin Bikes,Chanel May,NY,Electra Cruiser 1 (24-Inch) - 2016,Children Bicycles,Electra,1,269.99,0.05,256.4905,16
55,04-02-2016,4,Baldwin Bikes,Chanel May,NY,Electra Townie Original 7D - 2015/2016,Comfort Bicycles,Electra,2,499.99,0.2,799.984,18
55,04-02-2016,4,Baldwin Bikes,Chanel May,NY,Electra Moto 1 - 2016,Cruisers Bicycles,Electra,2,529.99,0.2,847.984,6
56,04-02-2016,4,Baldwin Bikes,Nathaniel Davidson,NY,Electra Townie Original 7D EQ - Women's - 2016,Cruisers Bicycles,Electra,2,599.99,0.07,1115.9814,20
57,04-02-2016,4,Baldwin Bikes,Dalia Carson,NY,Electra Girl's Hawaii 1 (20-inch) - 2015/2016,Children Bicycles,Electra,2,299.99,0.1,539.982,12
57,04-02-2016,4,Baldwin Bikes,Dalia Carson,NY,Pure Cycles William 3-Speed - 2016,Cruisers Bicycles,Pure Cycles,2,449,0.2,718.4,15
57,04-02-2016,4,Baldwin Bikes,Dalia Carson,NY,Electra Cruiser 1 (24-Inch) - 2016,Cruisers Bicycles,Electra,1,269.99,0.07,251.0907,1
58,05-02-2016,4,Baldwin Bikes,Tiana Henderson,NY,Electra Girl's Hawaii 1 (16-inch) - 2015/2016,Cruisers Bicycles,Electra,2,269.99,0.05,512.981,18
58,05-02-2016,4,Baldwin Bikes,Tiana Henderson,NY,Pure Cycles Western 3-Speed - Women's - 2015/2016,Cruisers Bicycles,Pure Cycles,1,449,0.07,417.57,13
58,05-02-2016,4,Baldwin Bikes,Tiana Henderson,NY,Electra Girl's Hawaii 1 (20-inch) - 2015/2016,Children Bicycles,Electra,1,299.99,0.1,269.991,12
59,05-02-2016,4,Baldwin Bikes,Rodney Odom,NY,Electra Cruiser 1 (24-Inch) - 2016,Children Bicycles,Electra,1,269.99,0.05,256.4905,16
59,05-02-2016,4,Baldwin Bikes,Rodney Odom,NY,Ritchey Timberwolf Frameset - 2016,Mountain Bikes,Ritchey,1,749.99,0.1,674.991,16
59,05-02-2016,4,Baldwin Bikes,Rodney Odom,NY,Pure Cycles Vine 8-Speed - 2016,Cruisers Bicycles,Pure Cycles,2,429,0.1,772.2,3
60,06-02-2016,4,Santa Cruz Bikes,Joesph Delacruz,CA,Electra Girl's Hawaii 1 (16-inch) - 2015/2016,Cruisers Bicycles,Electra,2,269.99,0.05,512.981,8
60,06-02-2016,4,Santa Cruz Bikes,Joesph Delacruz,CA,Trek Fuel EX 8 29 - 2016,Mountain Bikes,Trek,1,2899.99,0.1,2609.991,23
60,06-02-2016,4,Santa Cruz Bikes,Joesph Delacruz,CA,Electra Moto 1 - 2016,Cruisers Bicycles,Electra,1,529.99,0.07,492.8907,3
60,06-02-2016,4,Santa Cruz Bikes,Joesph Delacruz,CA,Electra Girl's Hawaii 1 (16-inch) - 2015/2016,Children Bicycles,Electra,1,269.99,0.2,215.992,29
61,06-02-2016,4,Baldwin Bikes,Mark Garrett,NY,Electra Townie Original 7D - 2015/2016,Comfort Bicycles,Electra,1,499.99,0.1,449.991,18
61,06-02-2016,4,Baldwin Bikes,Mark Garrett,NY,Electra Moto 1 - 2016,Cruisers Bicycles,Electra,2,529.99,0.05,1006.981,6
61,06-02-2016,4,Baldwin Bikes,Mark Garrett,NY,Heller Shagamaw Frame - 2016,Mountain Bikes,Heller,2,1320.99,0.2,2113.584,1
62,07-02-2016,4,Santa Cruz Bikes,Denis Logan,CA,Electra Girl's Hawaii 1 (16-inch) - 2015/2016,Cruisers Bicycles,Electra,1,269.99,0.07,251.0907,8
62,07-02-2016,4,Santa Cruz Bikes,Denis Logan,CA,Trek Remedy 29 Carbon Frameset - 2016,Mountain Bikes,Trek,2,1799.99,0.1,3239.982,0
62,07-02-2016,4,Santa Cruz Bikes,Denis Logan,CA,Electra Girl's Hawaii 1 (16-inch) - 2015/2016,Children Bicycles,Electra,2,269.99,0.1,485.982,29
63,07-02-2016,4,Baldwin Bikes,Dann Huff,NY,Electra Townie Original 7D - 2015/2016,Comfort Bicycles,Electra,2,499.99,0.1,899.982,18
63,07-02-2016,4,Baldwin Bikes,Dann Huff,NY,Pure Cycles William 3-Speed - 2016,Cruisers Bicycles,Pure Cycles,2,449,0.05,853.1,15
63,07-02-2016,4,Baldwin Bikes,Dann Huff,NY,Surly Wednesday Frameset - 2016,Mountain Bikes,Surly,1,999.99,0.1,899.991,28
64,07-02-2016,4,Baldwin Bikes,Corine Stuart,NY,Electra Townie Original 7D - 2015/2016,Comfort Bicycles,Electra,2,499.99,0.1,899.982,18
64,07-02-2016,4,Baldwin Bikes,Corine Stuart,NY,Electra Girl's Hawaii 1 (16-inch) - 2015/2016,Children Bicycles,Electra,2,269.99,0.2,431.984,0
64,07-02-2016,4,Baldwin Bikes,Corine Stuart,NY,Electra Girl's Hawaii 1 (20-inch) - 2015/2016,Children Bicycles,Electra,2,299.99,0.2,479.984,12
64,07-02-2016,4,Baldwin Bikes,Corine Stuart,NY,Electra Townie Original 21D - 2016,Comfort Bicycles,Electra,2,549.99,0.1,989.982,16
65,08-02-2016,4,Baldwin Bikes,Serafina Clemons,NY,Electra Townie Original 21D - 2016,Cruisers Bicycles,Electra,1,549.99,0.1,494.991,2
66,09-02-2016,4,Baldwin Bikes,Susannah Fields,NY,Ritchey Timberwolf Frameset - 2016,Mountain Bikes,Ritchey,1,749.99,0.2,599.992,16
66,09-02-2016,4,Baldwin Bikes,Susannah Fields,NY,Electra Girl's Hawaii 1 (20-inch) - 2015/2016,Children Bicycles,Electra,1,299.99,0.07,278.9907,12
66,09-02-2016,4,Baldwin Bikes,Susannah Fields,NY,Electra Townie Original 21D - 2016,Cruisers Bicycles,Electra,1,549.99,0.07,511.4907,2
67,09-02-2016,4,Rowlett Bikes,Lazaro Moran,TX,Electra Girl's Hawaii 1 (20-inch) - 2015/2016,Children Bicycles,Electra,2,299.99,0.2,479.984,8
67,09-02-2016,4,Rowlett Bikes,Lazaro Moran,TX,Electra Townie Original 21D - 2016,Cruisers Bicycles,Electra,2,549.99,0.1,989.982,30
67,09-02-2016,4,Rowlett Bikes,Lazaro Moran,TX,Electra Cruiser 1 (24-Inch) - 2016,Children Bicycles,Electra,1,269.99,0.2,215.992,8
67,09-02-2016,4,Rowlett Bikes,Lazaro Moran,TX,Heller Shagamaw Frame - 2016,Mountain Bikes,Heller,2,1320.99,0.1,2377.782,3
67,09-02-2016,4,Rowlett Bikes,Lazaro Moran,TX,Pure Cycles William 3-Speed - 2016,Cruisers Bicycles,Pure Cycles,1,449,0.2,359.2,24
68,10-02-2016,4,Baldwin Bikes,Kristen Alvarez,NY,Electra Cruiser 1 (24-Inch) - 2016,Cruisers Bicycles,Electra,2,269.99,0.07,502.1814,1
68,10-02-2016,4,Baldwin Bikes,Kristen Alvarez,NY,Pure Cycles Vine 8-Speed - 2016,Cruisers Bicycles,Pure Cycles,1,429,0.1,386.1,3
69,10-02-2016,4,Baldwin Bikes,Ophelia Decker,NY,Electra Girl's Hawaii 1 (16-inch) - 2015/2016,Children Bicycles,Electra,2,269.99,0.1,485.982,0
69,10-02-2016,4,Baldwin Bikes,Ophelia Decker,NY,Heller Shagamaw Frame - 2016,Mountain Bikes,Heller,1,1320.99,0.2,1056.792,1
69,10-02-2016,4,Baldwin Bikes,Ophelia Decker,NY,Surly Straggler - 2016,Cyclocross Bicycles,Surly,1,1549,0.05,1471.55,13
70,11-02-2016,3,Rowlett Bikes,Cleotilde Booth,TX,Surly Wednesday Frameset - 2016,Mountain Bikes,Surly,2,999.99,0.05,1899.981,0
70,11-02-2016,3,Rowlett Bikes,Cleotilde Booth,TX,Pure Cycles Western 3-Speed - Women's - 2015/2016,Cruisers Bicycles,Pure Cycles,1,449,0.2,359.2,5
70,11-02-2016,3,Rowlett Bikes,Cleotilde Booth,TX,Electra Townie Original 7D EQ - Women's - 2016,Cruisers Bicycles,Electra,1,599.99,0.05,569.9905,19
71,11-02-2016,4,Baldwin Bikes,Cathey Lamb,NY,Electra Townie Original 7D EQ - 2016,Comfort Bicycles,Electra,2,599.99,0.05,1139.981,2
71,11-02-2016,4,Baldwin Bikes,Cathey Lamb,NY,Electra Townie Original 21D - 2016,Comfort Bicycles,Electra,1,549.99,0.2,439.992,16
71,11-02-2016,4,Baldwin Bikes,Cathey Lamb,NY,Pure Cycles Western 3-Speed - Women's - 2015/2016,Cruisers Bicycles,Pure Cycles,1,449,0.1,404.1,13
72,12-02-2016,4,Santa Cruz Bikes,Cesar Wilkins,CA,Pure Cycles Vine 8-Speed - 2016,Cruisers Bicycles,Pure Cycles,2,429,0.07,797.94,2
72,12-02-2016,4,Santa Cruz Bikes,Cesar Wilkins,CA,Electra Townie Original 21D - 2016,Cruisers Bicycles,Electra,1,549.99,0.05,522.4905,16
72,12-02-2016,4,Santa Cruz Bikes,Cesar Wilkins,CA,Electra Cruiser 1 (24-Inch) - 2016,Cruisers Bicycles,Electra,2,269.99,0.1,485.982,13
73,12-02-2016,4,Baldwin Bikes,Gabriel Wagner,NY,Electra Girl's Hawaii 1 (16-inch) - 2015/2016,Children Bicycles,Electra,1,269.99,0.07,251.0907,0
73,12-02-2016,4,Baldwin Bikes,Gabriel Wagner,NY,Electra Townie Original 7D EQ - 2016,Comfort Bicycles,Electra,2,599.99,0.05,1139.981,2
73,12-02-2016,4,Baldwin Bikes,Gabriel Wagner,NY,Surly Wednesday Frameset - 2016,Mountain Bikes,Surly,2,999.99,0.07,1859.9814,28
73,12-02-2016,4,Baldwin Bikes,Gabriel Wagner,NY,Electra Townie Original 7D - 2015/2016,Comfort Bicycles,Electra,1,499.99,0.07,464.9907,18
73,12-02-2016,4,Baldwin Bikes,Gabriel Wagner,NY,Electra Girl's Hawaii 1 (20-inch) - 2015/2016,Children Bicycles,Electra,2,299.99,0.2,479.984,12
74,13-02-2016,4,Baldwin Bikes,Mariela Huffman,NY,Electra Townie Original 7D EQ - 2016,Cruisers Bicycles,Electra,2,599.99,0.05,1139.981,20
74,13-02-2016,4,Baldwin Bikes,Mariela Huffman,NY,Surly Ice Cream Truck Frameset - 2016,Mountain Bikes,Surly,1,469.99,0.07,437.0907,11
75,14-02-2016,4,Baldwin Bikes,Euna Lopez,NY,Surly Wednesday Frameset - 2016,Mountain Bikes,Surly,1,999.99,0.1,899.991,28
75,14-02-2016,4,Baldwin Bikes,Euna Lopez,NY,Trek Slash 8 27.5 - 2016,Mountain Bikes,Trek,2,3999.99,0.07,7439.9814,8
75,14-02-2016,4,Baldwin Bikes,Euna Lopez,NY,Electra Moto 1 - 2016,Cruisers Bicycles,Electra,1,529.99,0.2,423.992,6
76,16-02-2016,3,Baldwin Bikes,Genoveva Baldwin,NY,Electra Townie Original 21D - 2016,Cruisers Bicycles,Electra,1,549.99,0.05,522.4905,2
76,16-02-2016,3,Baldwin Bikes,Genoveva Baldwin,NY,Surly Straggler 650b - 2016,Cyclocross Bicycles,Surly,2,1680.99,0.1,3025.782,21
76,16-02-2016,3,Baldwin Bikes,Genoveva Baldwin,NY,Heller Shagamaw Frame - 2016,Mountain Bikes,Heller,1,1320.99,0.07,1228.5207,1
77,16-02-2016,4,Santa Cruz Bikes,Rochelle Ward,CA,Electra Townie Original 7D EQ - Women's - 2016,Cruisers Bicycles,Electra,1,599.99,0.07,557.9907,26
77,16-02-2016,4,Santa Cruz Bikes,Rochelle Ward,CA,Electra Townie Original 21D - 2016,Comfort Bicycles,Electra,2,549.99,0.1,989.982,10
77,16-02-2016,4,Santa Cruz Bikes,Rochelle Ward,CA,Electra Townie Original 7D EQ - 2016,Comfort Bicycles,Electra,1,599.99,0.2,479.992,16
77,16-02-2016,4,Santa Cruz Bikes,Rochelle Ward,CA,Electra Townie Original 7D - 2015/2016,Comfort Bicycles,Electra,1,499.99,0.2,399.992,10
78,16-02-2016,4,Baldwin Bikes,Trinidad Chapman,NY,Pure Cycles Vine 8-Speed - 2016,Cruisers Bicycles,Pure Cycles,1,429,0.07,398.97,3
78,16-02-2016,4,Baldwin Bikes,Trinidad Chapman,NY,Pure Cycles William 3-Speed - 2016,Cruisers Bicycles,Pure Cycles,1,449,0.2,359.2,15
78,16-02-2016,4,Baldwin Bikes,Trinidad Chapman,NY,Pure Cycles Western 3-Speed - Women's - 2015/2016,Cruisers Bicycles,Pure Cycles,2,449,0.1,808.2,13
78,16-02-2016,4,Baldwin Bikes,Trinidad Chapman,NY,Electra Girl's Hawaii 1 (16-inch) - 2015/2016,Cruisers Bicycles,Electra,2,269.99,0.1,485.982,18
79,17-02-2016,4,Santa Cruz Bikes,Ellena Clements,CA,Trek Conduit+ - 2016,Electric Bikes,Trek,2,2999.99,0.1,5399.982,11
79,17-02-2016,4,Santa Cruz Bikes,Ellena Clements,CA,Pure Cycles Vine 8-Speed - 2016,Cruisers Bicycles,Pure Cycles,2,429,0.05,815.1,2
79,17-02-2016,4,Santa Cruz Bikes,Ellena Clements,CA,Surly Ice Cream Truck Frameset - 2016,Mountain Bikes,Surly,1,469.99,0.1,422.991,0
79,17-02-2016,4,Santa Cruz Bikes,Ellena Clements,CA,Electra Townie Original 7D - 2015/2016,Comfort Bicycles,Electra,2,499.99,0.07,929.9814,10
80,17-02-2016,4,Baldwin Bikes,Jeannie Wilcox,NY,Electra Townie Original 7D EQ - 2016,Comfort Bicycles,Electra,1,599.99,0.1,539.991,2
80,17-02-2016,4,Baldwin Bikes,Jeannie Wilcox,NY,Electra Townie Original 21D - 2016,Comfort Bicycles,Electra,1,549.99,0.1,494.991,16
80,17-02-2016,4,Baldwin Bikes,Jeannie Wilcox,NY,Pure Cycles Vine 8-Speed - 2016,Cruisers Bicycles,Pure Cycles,1,429,0.2,343.2,3
81,17-02-2016,4,Baldwin Bikes,Max Charles,NY,Surly Straggler - 2016,Cyclocross Bicycles,Surly,2,1549,0.2,2478.4,13
81,17-02-2016,4,Baldwin Bikes,Max Charles,NY,Electra Girl's Hawaii 1 (20-inch) - 2015/2016,Children Bicycles,Electra,2,299.99,0.05,569.981,12
81,17-02-2016,4,Baldwin Bikes,Max Charles,NY,Electra Townie Original 7D - 2015/2016,Comfort Bicycles,Electra,2,499.99,0.05,949.981,18
82,18-02-2016,4,Baldwin Bikes,Bronwyn Vargas,NY,Electra Townie Original 7D - 2015/2016,Comfort Bicycles,Electra,2,499.99,0.1,899.982,18
82,18-02-2016,4,Baldwin Bikes,Bronwyn Vargas,NY,Surly Straggler 650b - 2016,Cyclocross Bicycles,Surly,2,1680.99,0.2,2689.584,21
83,19-02-2016,4,Santa Cruz Bikes,Gertrude Terry,CA,Electra Townie Original 7D EQ - Women's - 2016,Cruisers Bicycles,Electra,1,599.99,0.2,479.992,26
83,19-02-2016,4,Santa Cruz Bikes,Gertrude Terry,CA,Surly Wednesday Frameset - 2016,Mountain Bikes,Surly,2,999.99,0.05,1899.981,6
84,20-02-2016,4,Baldwin Bikes,Christia Wilkins,NY,Electra Girl's Hawaii 1 (20-inch) - 2015/2016,Children Bicycles,Electra,2,299.99,0.07,557.9814,12
84,20-02-2016,4,Baldwin Bikes,Christia Wilkins,NY,Electra Moto 1 - 2016,Cruisers Bicycles,Electra,2,529.99,0.07,985.7814,6
85,20-02-2016,4,Baldwin Bikes,Aaron Knapp,NY,Trek Fuel EX 8 29 - 2016,Mountain Bikes,Trek,2,2899.99,0.05,5509.981,2
85,20-02-2016,4,Baldwin Bikes,Aaron Knapp,NY,Pure Cycles Western 3-Speed - Women's - 2015/2016,Cruisers Bicycles,Pure Cycles,1,449,0.07,417.57,13
86,21-02-2016,4,Baldwin Bikes,Lavette Wright,NY,Trek Conduit+ - 2016,Electric Bikes,Trek,2,2999.99,0.1,5399.982,17
86,21-02-2016,4,Baldwin Bikes,Lavette Wright,NY,Electra Girl's Hawaii 1 (20-inch) - 2015/2016,Children Bicycles,Electra,2,299.99,0.07,557.9814,12
86,21-02-2016,4,Baldwin Bikes,Lavette Wright,NY,Electra Cruiser 1 (24-Inch) - 2016,Children Bicycles,Electra,2,269.99,0.2,431.984,16
86,21-02-2016,4,Baldwin Bikes,Lavette Wright,NY,Electra Moto 1 - 2016,Cruisers Bicycles,Electra,1,529.99,0.1,476.991,6
87,21-02-2016,4,Baldwin Bikes,Rosa Kinney,NY,Electra Townie Original 7D EQ - Women's - 2016,Cruisers Bicycles,Electra,2,599.99,0.2,959.984,20
87,21-02-2016,4,Baldwin Bikes,Rosa Kinney,NY,Electra Girl's Hawaii 1 (20-inch) - 2015/2016,Children Bicycles,Electra,2,299.99,0.1,539.982,12
88,21-02-2016,4,Baldwin Bikes,Rodolfo Buck,NY,Surly Straggler - 2016,Cyclocross Bicycles,Surly,1,1549,0.07,1440.57,13
88,21-02-2016,4,Baldwin Bikes,Rodolfo Buck,NY,Trek Remedy 29 Carbon Frameset - 2016,Mountain Bikes,Trek,2,1799.99,0.1,3239.982,1
88,21-02-2016,4,Baldwin Bikes,Rodolfo Buck,NY,Trek Slash 8 27.5 - 2016,Mountain Bikes,Trek,1,3999.99,0.1,3599.991,8
89,21-02-2016,4,Rowlett Bikes,Calandra Stanton,TX,Heller Shagamaw Frame - 2016,Mountain Bikes,Heller,1,1320.99,0.05,1254.9405,3
89,21-02-2016,4,Rowlett Bikes,Calandra Stanton,TX,Surly Ice Cream Truck Frameset - 2016,Mountain Bikes,Surly,2,469.99,0.1,845.982,27
90,23-02-2016,4,Baldwin Bikes,Romaine Haley,NY,Surly Wednesday Frameset - 2016,Mountain Bikes,Surly,1,999.99,0.1,899.991,28
90,23-02-2016,4,Baldwin Bikes,Romaine Haley,NY,Surly Ice Cream Truck Frameset - 2016,Mountain Bikes,Surly,1,469.99,0.07,437.0907,11
91,25-02-2016,4,Santa Cruz Bikes,Catrice Hicks,CA,Surly Straggler 650b - 2016,Cyclocross Bicycles,Surly,1,1680.99,0.1,1512.891,8
91,25-02-2016,4,Santa Cruz Bikes,Catrice Hicks,CA,Electra Townie Original 7D - 2015/2016,Comfort Bicycles,Electra,1,499.99,0.05,474.9905,10
91,25-02-2016,4,Santa Cruz Bikes,Catrice Hicks,CA,Electra Moto 1 - 2016,Cruisers Bicycles,Electra,2,529.99,0.07,985.7814,3
91,25-02-2016,4,Santa Cruz Bikes,Catrice Hicks,CA,Electra Cruiser 1 (24-Inch) - 2016,Cruisers Bicycles,Electra,2,269.99,0.07,502.1814,13
92,25-02-2016,4,Baldwin Bikes,Kimberli Cline,NY,Trek Remedy 29 Carbon Frameset - 2016,Mountain Bikes,Trek,1,1799.99,0.1,1619.991,1
93,26-02-2016,4,Santa Cruz Bikes,Cindie Franklin,CA,Electra Girl's Hawaii 1 (16-inch) - 2015/2016,Children Bicycles,Electra,2,269.99,0.07,502.1814,29
93,26-02-2016,4,Santa Cruz Bikes,Cindie Franklin,CA,Pure Cycles Vine 8-Speed - 2016,Cruisers Bicycles,Pure Cycles,1,429,0.05,407.55,2
93,26-02-2016,4,Santa Cruz Bikes,Cindie Franklin,CA,Electra Cruiser 1 (24-Inch) - 2016,Children Bicycles,Electra,1,269.99,0.1,242.991,24
93,26-02-2016,4,Santa Cruz Bikes,Cindie Franklin,CA,Ritchey Timberwolf Frameset - 2016,Mountain Bikes,Ritchey,1,749.99,0.2,599.992,5
93,26-02-2016,4,Santa Cruz Bikes,Cindie Franklin,CA,Surly Straggler - 2016,Cyclocross Bicycles,Surly,2,1549,0.07,2881.14,15
94,27-02-2016,4,Santa Cruz Bikes,Thurman Ellis,CA,Electra Townie Original 21D - 2016,Cruisers Bicycles,Electra,1,549.99,0.05,522.4905,16
94,27-02-2016,4,Santa Cruz Bikes,Thurman Ellis,CA,Trek Fuel EX 8 29 - 2016,Mountain Bikes,Trek,1,2899.99,0.2,2319.992,23
94,27-02-2016,4,Santa Cruz Bikes,Thurman Ellis,CA,Surly Straggler 650b - 2016,Cyclocross Bicycles,Surly,1,1680.99,0.2,1344.792,8
94,27-02-2016,4,Santa Cruz Bikes,Thurman Ellis,CA,Electra Cruiser 1 (24-Inch) - 2016,Children Bicycles,Electra,2,269.99,0.07,502.1814,24
95,27-02-2016,4,Baldwin Bikes,Casey Gill,NY,Surly Straggler - 2016,Cyclocross Bicycles,Surly,2,1549,0.2,2478.4,13
95,27-02-2016,4,Baldwin Bikes,Casey Gill,NY,Pure Cycles William 3-Speed - 2016,Cruisers Bicycles,Pure Cycles,1,449,0.1,404.1,15
95,27-02-2016,4,Baldwin Bikes,Casey Gill,NY,Trek Remedy 29 Carbon Frameset - 2016,Mountain Bikes,Trek,2,1799.99,0.2,2879.984,1
95,27-02-2016,4,Baldwin Bikes,Casey Gill,NY,Electra Townie Original 7D EQ - Women's - 2016,Cruisers Bicycles,Electra,2,599.99,0.05,1139.981,20
96,27-02-2016,4,Baldwin Bikes,Keitha Black,NY,Electra Townie Original 7D EQ - 2016,Comfort Bicycles,Electra,1,599.99,0.1,539.991,2
96,27-02-2016,4,Baldwin Bikes,Keitha Black,NY,Electra Girl's Hawaii 1 (20-inch) - 2015/2016,Children Bicycles,Electra,1,299.99,0.05,284.9905,12
97,28-02-2016,4,Baldwin Bikes,Alpha King,NY,Electra Townie Original 7D EQ - Women's - 2016,Cruisers Bicycles,Electra,2,599.99,0.2,959.984,20
97,28-02-2016,4,Baldwin Bikes,Alpha King,NY,Ritchey Timberwolf Frameset - 2016,Mountain Bikes,Ritchey,1,749.99,0.07,697.4907,16
97,28-02-2016,4,Baldwin Bikes,Alpha King,NY,Surly Ice Cream Truck Frameset - 2016,Mountain Bikes,Surly,2,469.99,0.2,751.984,11
97,28-02-2016,4,Baldwin Bikes,Alpha King,NY,Pure Cycles William 3-Speed - 2016,Cruisers Bicycles,Pure Cycles,1,449,0.1,404.1,15
98,28-02-2016,4,Baldwin Bikes,Leticia Snyder,NY,Pure Cycles William 3-Speed - 2016,Cruisers Bicycles,Pure Cycles,1,449,0.07,417.57,15
98,28-02-2016,4,Baldwin Bikes,Leticia Snyder,NY,Electra Cruiser 1 (24-Inch) - 2016,Children Bicycles,Electra,1,269.99,0.1,242.991,16
98,28-02-2016,4,Baldwin Bikes,Leticia Snyder,NY,Ritchey Timberwolf Frameset - 2016,Mountain Bikes,Ritchey,1,749.99,0.2,599.992,16
98,28-02-2016,4,Baldwin Bikes,Leticia Snyder,NY,Electra Girl's Hawaii 1 (16-inch) - 2015/2016,Children Bicycles,Electra,2,269.99,0.2,431.984,0
99,29-02-2016,4,Rowlett Bikes,Rikki Morrow,TX,Electra Cruiser 1 (24-Inch) - 2016,Cruisers Bicycles,Electra,1,269.99,0.2,215.992,19
99,29-02-2016,4,Rowlett Bikes,Rikki Morrow,TX,Electra Cruiser 1 (24-Inch) - 2016,Children Bicycles,Electra,1,269.99,0.2,215.992,8
99,29-02-2016,4,Rowlett Bikes,Rikki Morrow,TX,Electra Townie Original 7D - 2015/2016,Comfort Bicycles,Electra,2,499.99,0.05,949.981,15
99,29-02-2016,4,Rowlett Bikes,Rikki Morrow,TX,Trek Slash 8 27.5 - 2016,Mountain Bikes,Trek,2,3999.99,0.07,7439.9814,12
99,29-02-2016,4,Rowlett Bikes,Rikki Morrow,TX,Electra Girl's Hawaii 1 (20-inch) - 2015/2016,Children Bicycles,Electra,2,299.99,0.2,479.984,8
100,01-03-2016,4,Baldwin Bikes,Luke Kramer,NY,Electra Townie Original 21D - 2016,Cruisers Bicycles,Electra,2,549.99,0.05,1044.981,2
100,01-03-2016,4,Baldwin Bikes,Luke Kramer,NY,Surly Straggler 650b - 2016,Cyclocross Bicycles,Surly,2,1680.99,0.1,3025.782,21
100,01-03-2016,4,Baldwin Bikes,Luke Kramer,NY,Trek Slash 8 27.5 - 2016,Mountain Bikes,Trek,2,3999.99,0.2,6399.984,8
100,01-03-2016,4,Baldwin Bikes,Luke Kramer,NY,Electra Townie Original 7D EQ - 2016,Cruisers Bicycles,Electra,2,599.99,0.2,959.984,20
100,01-03-2016,4,Baldwin Bikes,Luke Kramer,NY,Electra Townie Original 21D - 2016,Comfort Bicycles,Electra,2,549.99,0.1,989.982,16
101,01-03-2016,4,Rowlett Bikes,Katheleen Marks,TX,Electra Townie Original 21D - 2016,Cruisers Bicycles,Electra,2,549.99,0.2,879.984,30
102,02-03-2016,4,Baldwin Bikes,Trisha Johnson,NY,Electra Moto 1 - 2016,Cruisers Bicycles,Electra,1,529.99,0.05,503.4905,6
102,02-03-2016,4,Baldwin Bikes,Trisha Johnson,NY,Electra Girl's Hawaii 1 (16-inch) - 2015/2016,Children Bicycles,Electra,1,269.99,0.07,251.0907,0
103,03-03-2016,4,Santa Cruz Bikes,Brigida Larson,CA,Pure Cycles Vine 8-Speed - 2016,Cruisers Bicycles,Pure Cycles,1,429,0.07,398.97,2
103,03-03-2016,4,Santa Cruz Bikes,Brigida Larson,CA,Surly Wednesday Frameset - 2016,Mountain Bikes,Surly,1,999.99,0.05,949.9905,6
103,03-03-2016,4,Santa Cruz Bikes,Brigida Larson,CA,Pure Cycles Western 3-Speed - Women's - 2015/2016,Cruisers Bicycles,Pure Cycles,1,449,0.2,359.2,16
103,03-03-2016,4,Santa Cruz Bikes,Brigida Larson,CA,Electra Moto 1 - 2016,Cruisers Bicycles,Electra,2,529.99,0.1,953.982,3
103,03-03-2016,4,Santa Cruz Bikes,Brigida Larson,CA,Trek Conduit+ - 2016,Electric Bikes,Trek,2,2999.99,0.1,5399.982,11
104,03-03-2016,4,Baldwin Bikes,Latasha Hays,NY,Pure Cycles William 3-Speed - 2016,Cruisers Bicycles,Pure Cycles,2,449,0.1,808.2,15
104,03-03-2016,4,Baldwin Bikes,Latasha Hays,NY,Electra Townie Original 7D EQ - 2016,Comfort Bicycles,Electra,1,599.99,0.05,569.9905,2
105,03-03-2016,4,Baldwin Bikes,Vikki Erickson,NY,Surly Straggler 650b - 2016,Cyclocross Bicycles,Surly,2,1680.99,0.2,2689.584,21
105,03-03-2016,4,Baldwin Bikes,Vikki Erickson,NY,Surly Wednesday Frameset - 2016,Mountain Bikes,Surly,1,999.99,0.05,949.9905,28
105,03-03-2016,4,Baldwin Bikes,Vikki Erickson,NY,Trek Conduit+ - 2016,Electric Bikes,Trek,1,2999.99,0.05,2849.9905,17
106,04-03-2016,4,Rowlett Bikes,Valery Saunders,TX,Pure Cycles Vine 8-Speed - 2016,Cruisers Bicycles,Pure Cycles,1,429,0.1,386.1,22
106,04-03-2016,4,Rowlett Bikes,Valery Saunders,TX,Electra Cruiser 1 (24-Inch) - 2016,Cruisers Bicycles,Electra,2,269.99,0.1,485.982,19
107,06-03-2016,4,Santa Cruz Bikes,Kiara Deleon,CA,Pure Cycles William 3-Speed - 2016,Cruisers Bicycles,Pure Cycles,1,449,0.2,359.2,4
107,06-03-2016,4,Santa Cruz Bikes,Kiara Deleon,CA,Electra Cruiser 1 (24-Inch) - 2016,Cruisers Bicycles,Electra,2,269.99,0.1,485.982,13
108,06-03-2016,4,Baldwin Bikes,Robby Sykes,NY,Surly Straggler 650b - 2016,Cyclocross Bicycles,Surly,1,1680.99,0.1,1512.891,21
108,06-03-2016,4,Baldwin Bikes,Robby Sykes,NY,Electra Girl's Hawaii 1 (16-inch) - 2015/2016,Children Bicycles,Electra,2,269.99,0.07,502.1814,0
108,06-03-2016,4,Baldwin Bikes,Robby Sykes,NY,Electra Townie Original 7D EQ - 2016,Cruisers Bicycles,Electra,2,599.99,0.05,1139.981,20
109,06-03-2016,4,Baldwin Bikes,Ben Stone,NY,Electra Girl's Hawaii 1 (16-inch) - 2015/2016,Children Bicycles,Electra,2,269.99,0.1,485.982,0
109,06-03-2016,4,Baldwin Bikes,Ben Stone,NY,Surly Ice Cream Truck Frameset - 2016,Mountain Bikes,Surly,1,469.99,0.07,437.0907,11
110,06-03-2016,4,Rowlett Bikes,Launa Hull,TX,Electra Girl's Hawaii 1 (16-inch) - 2015/2016,Cruisers Bicycles,Electra,1,269.99,0.1,242.991,4
111,07-03-2016,4,Baldwin Bikes,Zulema Browning,NY,Electra Girl's Hawaii 1 (16-inch) - 2015/2016,Cruisers Bicycles,Electra,1,269.99,0.1,242.991,18
111,07-03-2016,4,Baldwin Bikes,Zulema Browning,NY,Electra Townie Original 21D - 2016,Cruisers Bicycles,Electra,2,549.99,0.07,1022.9814,2
112,08-03-2016,4,Baldwin Bikes,Micki Rutledge,NY,Electra Girl's Hawaii 1 (20-inch) - 2015/2016,Children Bicycles,Electra,2,299.99,0.2,479.984,12
112,08-03-2016,4,Baldwin Bikes,Micki Rutledge,NY,Electra Townie Original 7D - 2015/2016,Comfort Bicycles,Electra,2,499.99,0.07,929.9814,18
112,08-03-2016,4,Baldwin Bikes,Micki Rutledge,NY,Electra Townie Original 21D - 2016,Comfort Bicycles,Electra,2,549.99,0.05,1044.981,16
112,08-03-2016,4,Baldwin Bikes,Micki Rutledge,NY,Heller Shagamaw Frame - 2016,Mountain Bikes,Heller,1,1320.99,0.2,1056.792,1
113,08-03-2016,4,Baldwin Bikes,Theresia Barron,NY,Electra Townie Original 21D - 2016,Cruisers Bicycles,Electra,2,549.99,0.07,1022.9814,2
113,08-03-2016,4,Baldwin Bikes,Theresia Barron,NY,Electra Townie Original 21D - 2016,Comfort Bicycles,Electra,2,549.99,0.1,989.982,16
113,08-03-2016,4,Baldwin Bikes,Theresia Barron,NY,Surly Ice Cream Truck Frameset - 2016,Mountain Bikes,Surly,1,469.99,0.07,437.0907,11
113,08-03-2016,4,Baldwin Bikes,Theresia Barron,NY,Electra Girl's Hawaii 1 (20-inch) - 2015/2016,Children Bicycles,Electra,1,299.99,0.2,239.992,12
113,08-03-2016,4,Baldwin Bikes,Theresia Barron,NY,Heller Shagamaw Frame - 2016,Mountain Bikes,Heller,2,1320.99,0.2,2113.584,1
114,08-03-2016,4,Baldwin Bikes,Mark Benton,NY,Electra Townie Original 21D - 2016,Cruisers Bicycles,Electra,1,549.99,0.05,522.4905,2
114,08-03-2016,4,Baldwin Bikes,Mark Benton,NY,Ritchey Timberwolf Frameset - 2016,Mountain Bikes,Ritchey,1,749.99,0.07,697.4907,16
114,08-03-2016,4,Baldwin Bikes,Mark Benton,NY,Electra Cruiser 1 (24-Inch) - 2016,Cruisers Bicycles,Electra,2,269.99,0.1,485.982,1
115,09-03-2016,4,Baldwin Bikes,Starr Schneider,NY,Electra Girl's Hawaii 1 (16-inch) - 2015/2016,Children Bicycles,Electra,1,269.99,0.2,215.992,0
115,09-03-2016,4,Baldwin Bikes,Starr Schneider,NY,Pure Cycles William 3-Speed - 2016,Cruisers Bicycles,Pure Cycles,1,449,0.1,404.1,15
116,10-03-2016,4,Baldwin Bikes,Burma Summers,NY,Electra Townie Original 7D EQ - 2016,Comfort Bicycles,Electra,1,599.99,0.05,569.9905,2
117,10-03-2016,4,Baldwin Bikes,Gwenn Melton,NY,Electra Girl's Hawaii 1 (16-inch) - 2015/2016,Children Bicycles,Electra,2,269.99,0.2,431.984,0
117,10-03-2016,4,Baldwin Bikes,Gwenn Melton,NY,Electra Townie Original 7D EQ - 2016,Comfort Bicycles,Electra,1,599.99,0.05,569.9905,2
117,10-03-2016,4,Baldwin Bikes,Gwenn Melton,NY,Electra Girl's Hawaii 1 (16-inch) - 2015/2016,Cruisers Bicycles,Electra,1,269.99,0.2,215.992,18
117,10-03-2016,4,Baldwin Bikes,Gwenn Melton,NY,Pure Cycles William 3-Speed - 2016,Cruisers Bicycles,Pure Cycles,1,449,0.05,426.55,15
118,12-03-2016,4,Santa Cruz Bikes,Danille Mcfarland,CA,Pure Cycles Western 3-Speed - Women's - 2015/2016,Cruisers Bicycles,Pure Cycles,1,449,0.07,417.57,16
118,12-03-2016,4,Santa Cruz Bikes,Danille Mcfarland,CA,Trek Fuel EX 8 29 - 2016,Mountain Bikes,Trek,1,2899.99,0.07,2696.9907,23
118,12-03-2016,4,Santa Cruz Bikes,Danille Mcfarland,CA,Surly Ice Cream Truck Frameset - 2016,Mountain Bikes,Surly,1,469.99,0.07,437.0907,0
118,12-03-2016,4,Santa Cruz Bikes,Danille Mcfarland,CA,Surly Wednesday Frameset - 2016,Mountain Bikes,Surly,2,999.99,0.1,1799.982,6
118,12-03-2016,4,Santa Cruz Bikes,Danille Mcfarland,CA,Electra Girl's Hawaii 1 (20-inch) - 2015/2016,Children Bicycles,Electra,2,299.99,0.07,557.9814,9
119,12-03-2016,4,Baldwin Bikes,Bryce Monroe,NY,Electra Townie Original 7D - 2015/2016,Comfort Bicycles,Electra,1,499.99,0.05,474.9905,18
120,14-03-2016,4,Baldwin Bikes,Sharie Alvarez,NY,Electra Cruiser 1 (24-Inch) - 2016,Cruisers Bicycles,Electra,2,269.99,0.05,512.981,1
120,14-03-2016,4,Baldwin Bikes,Sharie Alvarez,NY,Surly Ice Cream Truck Frameset - 2016,Mountain Bikes,Surly,2,469.99,0.05,892.981,11
120,14-03-2016,4,Baldwin Bikes,Sharie Alvarez,NY,Surly Straggler - 2016,Cyclocross Bicycles,Surly,2,1549,0.05,2943.1,13
120,14-03-2016,4,Baldwin Bikes,Sharie Alvarez,NY,Pure Cycles Vine 8-Speed - 2016,Cruisers Bicycles,Pure Cycles,1,429,0.05,407.55,3
120,14-03-2016,4,Baldwin Bikes,Sharie Alvarez,NY,Electra Townie Original 7D EQ - 2016,Cruisers Bicycles,Electra,2,599.99,0.2,959.984,20
121,14-03-2016,4,Baldwin Bikes,Tomika Wilder,NY,Heller Shagamaw Frame - 2016,Mountain Bikes,Heller,1,1320.99,0.2,1056.792,1
121,14-03-2016,4,Baldwin Bikes,Tomika Wilder,NY,Electra Girl's Hawaii 1 (16-inch) - 2015/2016,Cruisers Bicycles,Electra,2,269.99,0.1,485.982,18
121,14-03-2016,4,Baldwin Bikes,Tomika Wilder,NY,Trek Fuel EX 8 29 - 2016,Mountain Bikes,Trek,2,2899.99,0.1,5219.982,2
121,14-03-2016,4,Baldwin Bikes,Tomika Wilder,NY,Electra Townie Original 21D - 2016,Comfort Bicycles,Electra,2,549.99,0.07,1022.9814,16
121,14-03-2016,4,Baldwin Bikes,Tomika Wilder,NY,Ritchey Timberwolf Frameset - 2016,Mountain Bikes,Ritchey,2,749.99,0.05,1424.981,16
122,14-03-2016,4,Baldwin Bikes,Wallace Lane,NY,Electra Townie Original 7D EQ - 2016,Cruisers Bicycles,Electra,1,599.99,0.1,539.991,20
123,15-03-2016,4,Baldwin Bikes,Lecia Hancock,NY,Electra Townie Original 21D - 2016,Cruisers Bicycles,Electra,2,549.99,0.1,989.982,2
124,16-03-2016,4,Santa Cruz Bikes,Elouise Fry,CA,Electra Townie Original 7D EQ - 2016,Cruisers Bicycles,Electra,1,599.99,0.05,569.9905,4
124,16-03-2016,4,Santa Cruz Bikes,Elouise Fry,CA,Trek Fuel EX 8 29 - 2016,Mountain Bikes,Trek,1,2899.99,0.07,2696.9907,23
124,16-03-2016,4,Santa Cruz Bikes,Elouise Fry,CA,Trek Slash 8 27.5 - 2016,Mountain Bikes,Trek,2,3999.99,0.05,7599.981,8
125,16-03-2016,4,Baldwin Bikes,Laverne Craft,NY,Pure Cycles Vine 8-Speed - 2016,Cruisers Bicycles,Pure Cycles,1,429,0.1,386.1,3
126,16-03-2016,4,Baldwin Bikes,Shenna Espinoza,NY,Trek Conduit+ - 2016,Electric Bikes,Trek,2,2999.99,0.05,5699.981,17
127,17-03-2016,4,Rowlett Bikes,Chelsey Boyd,TX,Pure Cycles Vine 8-Speed - 2016,Cruisers Bicycles,Pure Cycles,1,429,0.07,398.97,22
127,17-03-2016,4,Rowlett Bikes,Chelsey Boyd,TX,Electra Townie Original 7D EQ - Women's - 2016,Cruisers Bicycles,Electra,1,599.99,0.1,539.991,19
127,17-03-2016,4,Rowlett Bikes,Chelsey Boyd,TX,Trek Fuel EX 8 29 - 2016,Mountain Bikes,Trek,2,2899.99,0.07,5393.9814,11
128,18-03-2016,4,Baldwin Bikes,Lissa Vargas,NY,Electra Townie Original 21D - 2016,Comfort Bicycles,Electra,2,549.99,0.1,989.982,16
128,18-03-2016,4,Baldwin Bikes,Lissa Vargas,NY,Electra Townie Original 7D EQ - 2016,Cruisers Bicycles,Electra,2,599.99,0.1,1079.982,20
128,18-03-2016,4,Baldwin Bikes,Lissa Vargas,NY,Trek Fuel EX 8 29 - 2016,Mountain Bikes,Trek,2,2899.99,0.2,4639.984,2
128,18-03-2016,4,Baldwin Bikes,Lissa Vargas,NY,Surly Wednesday Frameset - 2016,Mountain Bikes,Surly,2,999.99,0.2,1599.984,28
129,19-03-2016,4,Baldwin Bikes,Armand Whitehead,NY,Pure Cycles Western 3-Speed - Women's - 2015/2016,Cruisers Bicycles,Pure Cycles,1,449,0.1,404.1,13
129,19-03-2016,4,Baldwin Bikes,Armand Whitehead,NY,Trek Conduit+ - 2016,Electric Bikes,Trek,1,2999.99,0.1,2699.991,17
130,19-03-2016,4,Baldwin Bikes,Marcelino Mcbride,NY,Electra Townie Original 7D EQ - 2016,Comfort Bicycles,Electra,1,599.99,0.05,569.9905,2
130,19-03-2016,4,Baldwin Bikes,Marcelino Mcbride,NY,Heller Shagamaw Frame - 2016,Mountain Bikes,Heller,2,1320.99,0.07,2457.0414,1
131,19-03-2016,4,Rowlett Bikes,Hortencia Graham,TX,Electra Girl's Hawaii 1 (16-inch) - 2015/2016,Children Bicycles,Electra,2,269.99,0.2,431.984,20
131,19-03-2016,4,Rowlett Bikes,Hortencia Graham,TX,Trek Fuel EX 8 29 - 2016,Mountain Bikes,Trek,2,2899.99,0.07,5393.9814,11
131,19-03-2016,4,Rowlett Bikes,Hortencia Graham,TX,Electra Townie Original 21D - 2016,Comfort Bicycles,Electra,2,549.99,0.1,989.982,18
132,20-03-2016,4,Santa Cruz Bikes,Monika Berg,CA,Ritchey Timberwolf Frameset - 2016,Mountain Bikes,Ritchey,2,749.99,0.05,1424.981,5
132,20-03-2016,4,Santa Cruz Bikes,Monika Berg,CA,Electra Townie Original 7D EQ - Women's - 2016,Cruisers Bicycles,Electra,1,599.99,0.05,569.9905,26
132,20-03-2016,4,Santa Cruz Bikes,Monika Berg,CA,Trek Conduit+ - 2016,Electric Bikes,Trek,1,2999.99,0.1,2699.991,11
133,20-03-2016,4,Baldwin Bikes,Jerome Bolton,NY,Electra Cruiser 1 (24-Inch) - 2016,Cruisers Bicycles,Electra,2,269.99,0.05,512.981,1
133,20-03-2016,4,Baldwin Bikes,Jerome Bolton,NY,Electra Girl's Hawaii 1 (16-inch) - 2015/2016,Children Bicycles,Electra,1,269.99,0.2,215.992,0
134,20-03-2016,4,Baldwin Bikes,Tuan Wolfe,NY,Pure Cycles William 3-Speed - 2016,Cruisers Bicycles,Pure Cycles,2,449,0.1,808.2,15
134,20-03-2016,4,Baldwin Bikes,Tuan Wolfe,NY,Ritchey Timberwolf Frameset - 2016,Mountain Bikes,Ritchey,2,749.99,0.07,1394.9814,16
134,20-03-2016,4,Baldwin Bikes,Tuan Wolfe,NY,Pure Cycles Western 3-Speed - Women's - 2015/2016,Cruisers Bicycles,Pure Cycles,2,449,0.07,835.14,13
135,21-03-2016,4,Baldwin Bikes,Alexandria Zamora,NY,Heller Shagamaw Frame - 2016,Mountain Bikes,Heller,2,1320.99,0.05,2509.881,1
135,21-03-2016,4,Baldwin Bikes,Alexandria Zamora,NY,Pure Cycles Western 3-Speed - Women's - 2015/2016,Cruisers Bicycles,Pure Cycles,2,449,0.05,853.1,13
135,21-03-2016,4,Baldwin Bikes,Alexandria Zamora,NY,Electra Townie Original 7D - 2015/2016,Comfort Bicycles,Electra,1,499.99,0.2,399.992,18
135,21-03-2016,4,Baldwin Bikes,Alexandria Zamora,NY,Ritchey Timberwolf Frameset - 2016,Mountain Bikes,Ritchey,1,749.99,0.05,712.4905,16
136,21-03-2016,4,Rowlett Bikes,Gena Owens,TX,Trek Slash 8 27.5 - 2016,Mountain Bikes,Trek,2,3999.99,0.2,6399.984,12
136,21-03-2016,4,Rowlett Bikes,Gena Owens,TX,Surly Wednesday Frameset - 2016,Mountain Bikes,Surly,2,999.99,0.05,1899.981,0
137,23-03-2016,4,Baldwin Bikes,Jina Cooper,NY,Electra Girl's Hawaii 1 (20-inch) - 2015/2016,Children Bicycles,Electra,1,299.99,0.07,278.9907,12
137,23-03-2016,4,Baldwin Bikes,Jina Cooper,NY,Electra Girl's Hawaii 1 (16-inch) - 2015/2016,Children Bicycles,Electra,1,269.99,0.1,242.991,0
138,23-03-2016,4,Baldwin Bikes,Katharine Herrera,NY,Electra Townie Original 7D EQ - 2016,Cruisers Bicycles,Electra,2,599.99,0.1,1079.982,20
138,23-03-2016,4,Baldwin Bikes,Katharine Herrera,NY,Surly Ice Cream Truck Frameset - 2016,Mountain Bikes,Surly,1,469.99,0.2,375.992,11
139,23-03-2016,4,Baldwin Bikes,Ezra Silva,NY,Pure Cycles William 3-Speed - 2016,Cruisers Bicycles,Pure Cycles,2,449,0.07,835.14,15
139,23-03-2016,4,Baldwin Bikes,Ezra Silva,NY,Surly Wednesday Frameset - 2016,Mountain Bikes,Surly,1,999.99,0.07,929.9907,28
140,23-03-2016,4,Baldwin Bikes,Devin Velazquez,NY,Electra Moto 1 - 2016,Cruisers Bicycles,Electra,1,529.99,0.2,423.992,6
140,23-03-2016,4,Baldwin Bikes,Devin Velazquez,NY,Electra Cruiser 1 (24-Inch) - 2016,Children Bicycles,Electra,1,269.99,0.2,215.992,16
140,23-03-2016,4,Baldwin Bikes,Devin Velazquez,NY,Electra Townie Original 21D - 2016,Cruisers Bicycles,Electra,2,549.99,0.2,879.984,2
140,23-03-2016,4,Baldwin Bikes,Devin Velazquez,NY,Surly Wednesday Frameset - 2016,Mountain Bikes,Surly,1,999.99,0.05,949.9905,28
141,25-03-2016,4,Baldwin Bikes,Erlene Cook,NY,Pure Cycles Western 3-Speed - Women's - 2015/2016,Cruisers Bicycles,Pure Cycles,1,449,0.2,359.2,13
142,26-03-2016,4,Santa Cruz Bikes,Regine Gonzales,CA,Electra Townie Original 7D EQ - 2016,Cruisers Bicycles,Electra,2,599.99,0.1,1079.982,4
142,26-03-2016,4,Santa Cruz Bikes,Regine Gonzales,CA,Surly Straggler 650b - 2016,Cyclocross Bicycles,Surly,2,1680.99,0.1,3025.782,8
142,26-03-2016,4,Santa Cruz Bikes,Regine Gonzales,CA,Pure Cycles William 3-Speed - 2016,Cruisers Bicycles,Pure Cycles,1,449,0.07,417.57,4
143,26-03-2016,4,Baldwin Bikes,Merlin Foreman,NY,Surly Ice Cream Truck Frameset - 2016,Mountain Bikes,Surly,1,469.99,0.2,375.992,11
144,26-03-2016,4,Baldwin Bikes,Hubert Reilly,NY,Trek Remedy 29 Carbon Frameset - 2016,Mountain Bikes,Trek,2,1799.99,0.05,3419.981,1
145,27-03-2016,4,Baldwin Bikes,Lavonne Anderson,NY,Surly Straggler 650b - 2016,Cyclocross Bicycles,Surly,1,1680.99,0.2,1344.792,21
145,27-03-2016,4,Baldwin Bikes,Lavonne Anderson,NY,Trek Conduit+ - 2016,Electric Bikes,Trek,2,2999.99,0.1,5399.982,17
146,28-03-2016,4,Santa Cruz Bikes,Keturah Massey,CA,Surly Wednesday Frameset - 2016,Mountain Bikes,Surly,2,999.99,0.2,1599.984,6
146,28-03-2016,4,Santa Cruz Bikes,Keturah Massey,CA,Electra Townie Original 21D - 2016,Cruisers Bicycles,Electra,1,549.99,0.1,494.991,16
146,28-03-2016,4,Santa Cruz Bikes,Keturah Massey,CA,Electra Townie Original 7D EQ - Women's - 2016,Cruisers Bicycles,Electra,2,599.99,0.1,1079.982,26
146,28-03-2016,4,Santa Cruz Bikes,Keturah Massey,CA,Surly Ice Cream Truck Frameset - 2016,Mountain Bikes,Surly,2,469.99,0.05,892.981,0
146,28-03-2016,4,Santa Cruz Bikes,Keturah Massey,CA,Ritchey Timberwolf Frameset - 2016,Mountain Bikes,Ritchey,1,749.99,0.07,697.4907,5
147,28-03-2016,4,Baldwin Bikes,Diana Guerra,NY,Electra Townie Original 7D EQ - 2016,Comfort Bicycles,Electra,2,599.99,0.2,959.984,2
148,28-03-2016,4,Baldwin Bikes,Senaida Thompson,NY,Electra Girl's Hawaii 1 (16-inch) - 2015/2016,Cruisers Bicycles,Electra,1,269.99,0.05,256.4905,18
149,28-03-2016,4,Baldwin Bikes,Han Schneider,NY,Electra Townie Original 21D - 2016,Cruisers Bicycles,Electra,2,549.99,0.07,1022.9814,2
149,28-03-2016,4,Baldwin Bikes,Han Schneider,NY,Electra Cruiser 1 (24-Inch) - 2016,Children Bicycles,Electra,2,269.99,0.07,502.1814,16
150,29-03-2016,4,Santa Cruz Bikes,Reena Higgins,CA,Trek Slash 8 27.5 - 2016,Mountain Bikes,Trek,1,3999.99,0.1,3599.991,8
150,29-03-2016,4,Santa Cruz Bikes,Reena Higgins,CA,Surly Wednesday Frameset - 2016,Mountain Bikes,Surly,1,999.99,0.2,799.992,6
150,29-03-2016,4,Santa Cruz Bikes,Reena Higgins,CA,Pure Cycles Vine 8-Speed - 2016,Cruisers Bicycles,Pure Cycles,1,429,0.07,398.97,2
150,29-03-2016,4,Santa Cruz Bikes,Reena Higgins,CA,Electra Townie Original 7D - 2015/2016,Comfort Bicycles,Electra,2,499.99,0.07,929.9814,10
151,29-03-2016,4,Santa Cruz Bikes,Katina Mcintosh,CA,Pure Cycles Vine 8-Speed - 2016,Cruisers Bicycles,Pure Cycles,1,429,0.1,386.1,2
151,29-03-2016,4,Santa Cruz Bikes,Katina Mcintosh,CA,Electra Townie Original 7D EQ - 2016,Comfort Bicycles,Electra,1,599.99,0.1,539.991,16
152,29-03-2016,4,Baldwin Bikes,Parker Prince,NY,Surly Ice Cream Truck Frameset - 2016,Mountain Bikes,Surly,2,469.99,0.2,751.984,11
152,29-03-2016,4,Baldwin Bikes,Parker Prince,NY,Electra Girl's Hawaii 1 (16-inch) - 2015/2016,Children Bicycles,Electra,2,269.99,0.2,431.984,0
152,29-03-2016,4,Baldwin Bikes,Parker Prince,NY,Electra Townie Original 7D EQ - 2016,Cruisers Bicycles,Electra,2,599.99,0.07,1115.9814,20
153,30-03-2016,4,Baldwin Bikes,Edda Young,NY,Electra Townie Original 7D EQ - 2016,Cruisers Bicycles,Electra,1,599.99,0.07,557.9907,20
153,30-03-2016,4,Baldwin Bikes,Edda Young,NY,Trek Remedy 29 Carbon Frameset - 2016,Mountain Bikes,Trek,1,1799.99,0.07,1673.9907,1
153,30-03-2016,4,Baldwin Bikes,Edda Young,NY,Electra Moto 1 - 2016,Cruisers Bicycles,Electra,2,529.99,0.05,1006.981,6
154,31-03-2016,4,Santa Cruz Bikes,Dione Pratt,CA,Electra Townie Original 21D - 2016,Cruisers Bicycles,Electra,1,549.99,0.1,494.991,16
155,02-04-2016,4,Baldwin Bikes,Loni Duncan,NY,Trek Remedy 29 Carbon Frameset - 2016,Mountain Bikes,Trek,1,1799.99,0.1,1619.991,1
156,03-04-2016,4,Santa Cruz Bikes,Sheri Cole,CA,Pure Cycles Western 3-Speed - Women's - 2015/2016,Cruisers Bicycles,Pure Cycles,2,449,0.2,718.4,16
156,03-04-2016,4,Santa Cruz Bikes,Sheri Cole,CA,Pure Cycles Vine 8-Speed - 2016,Cruisers Bicycles,Pure Cycles,2,429,0.05,815.1,2
156,03-04-2016,4,Santa Cruz Bikes,Sheri Cole,CA,Surly Ice Cream Truck Frameset - 2016,Mountain Bikes,Surly,1,469.99,0.07,437.0907,0
157,03-04-2016,4,Rowlett Bikes,Mozelle Carter,TX,Trek Fuel EX 8 29 - 2016,Mountain Bikes,Trek,1,2899.99,0.1,2609.991,11
157,03-04-2016,4,Rowlett Bikes,Mozelle Carter,TX,Trek Slash 8 27.5 - 2016,Mountain Bikes,Trek,2,3999.99,0.07,7439.9814,12
158,04-04-2016,3,Rowlett Bikes,Dacia William,TX,Electra Townie Original 21D - 2016,Comfort Bicycles,Electra,1,549.99,0.1,494.991,18
159,04-04-2016,4,Santa Cruz Bikes,Araceli Golden,CA,Electra Cruiser 1 (24-Inch) - 2016,Cruisers Bicycles,Electra,1,269.99,0.2,215.992,13
160,04-04-2016,4,Baldwin Bikes,Harris Pittman,NY,Electra Cruiser 1 (24-Inch) - 2016,Children Bicycles,Electra,1,269.99,0.07,251.0907,16
160,04-04-2016,4,Baldwin Bikes,Harris Pittman,NY,Electra Moto 1 - 2016,Cruisers Bicycles,Electra,2,529.99,0.07,985.7814,6
160,04-04-2016,4,Baldwin Bikes,Harris Pittman,NY,Pure Cycles Western 3-Speed - Women's - 2015/2016,Cruisers Bicycles,Pure Cycles,2,449,0.1,808.2,13
160,04-04-2016,4,Baldwin Bikes,Harris Pittman,NY,Surly Straggler 650b - 2016,Cyclocross Bicycles,Surly,1,1680.99,0.05,1596.9405,21
161,04-04-2016,4,Baldwin Bikes,Kasie Rodriquez,NY,Electra Townie Original 21D - 2016,Comfort Bicycles,Electra,2,549.99,0.07,1022.9814,16
161,04-04-2016,4,Baldwin Bikes,Kasie Rodriquez,NY,Electra Girl's Hawaii 1 (16-inch) - 2015/2016,Children Bicycles,Electra,1,269.99,0.05,256.4905,0
161,04-04-2016,4,Baldwin Bikes,Kasie Rodriquez,NY,Trek Slash 8 27.5 - 2016,Mountain Bikes,Trek,2,3999.99,0.05,7599.981,8
162,06-04-2016,4,Santa Cruz Bikes,Williemae Holloway,CA,Pure Cycles Western 3-Speed - Women's - 2015/2016,Cruisers Bicycles,Pure Cycles,1,449,0.07,417.57,16
162,06-04-2016,4,Santa Cruz Bikes,Williemae Holloway,CA,Electra Cruiser 1 (24-Inch) - 2016,Children Bicycles,Electra,2,269.99,0.07,502.1814,24
162,06-04-2016,4,Santa Cruz Bikes,Williemae Holloway,CA,Surly Wednesday Frameset - 2016,Mountain Bikes,Surly,2,999.99,0.1,1799.982,6
163,06-04-2016,4,Baldwin Bikes,Magdalena Sherman,NY,Electra Townie Original 21D - 2016,Cruisers Bicycles,Electra,1,549.99,0.1,494.991,2
163,06-04-2016,4,Baldwin Bikes,Magdalena Sherman,NY,Pure Cycles Western 3-Speed - Women's - 2015/2016,Cruisers Bicycles,Pure Cycles,1,449,0.2,359.2,13
164,07-04-2016,4,Baldwin Bikes,Leonore Dorsey,NY,Trek Fuel EX 8 29 - 2016,Mountain Bikes,Trek,2,2899.99,0.05,5509.981,2
164,07-04-2016,4,Baldwin Bikes,Leonore Dorsey,NY,Surly Straggler - 2016,Cyclocross Bicycles,Surly,2,1549,0.05,2943.1,13
164,07-04-2016,4,Baldwin Bikes,Leonore Dorsey,NY,Electra Girl's Hawaii 1 (16-inch) - 2015/2016,Cruisers Bicycles,Electra,1,269.99,0.1,242.991,18
165,08-04-2016,4,Santa Cruz Bikes,Adriene Rivera,CA,Trek Fuel EX 8 29 - 2016,Mountain Bikes,Trek,2,2899.99,0.05,5509.981,23
165,08-04-2016,4,Santa Cruz Bikes,Adriene Rivera,CA,Electra Girl's Hawaii 1 (20-inch) - 2015/2016,Children Bicycles,Electra,1,299.99,0.2,239.992,9
165,08-04-2016,4,Santa Cruz Bikes,Adriene Rivera,CA,Ritchey Timberwolf Frameset - 2016,Mountain Bikes,Ritchey,1,749.99,0.05,712.4905,5
166,08-04-2016,4,Baldwin Bikes,Abbey Pugh,NY,Surly Straggler - 2016,Cyclocross Bicycles,Surly,2,1549,0.1,2788.2,13
166,08-04-2016,4,Baldwin Bikes,Abbey Pugh,NY,Surly Straggler 650b - 2016,Cyclocross Bicycles,Surly,1,1680.99,0.2,1344.792,21
167,08-04-2016,4,Baldwin Bikes,Rico Salas,NY,Electra Townie Original 21D - 2016,Cruisers Bicycles,Electra,1,549.99,0.05,522.4905,2
167,08-04-2016,4,Baldwin Bikes,Rico Salas,NY,Surly Straggler - 2016,Cyclocross Bicycles,Surly,1,1549,0.2,1239.2,13
167,08-04-2016,4,Baldwin Bikes,Rico Salas,NY,Electra Cruiser 1 (24-Inch) - 2016,Cruisers Bicycles,Electra,2,269.99,0.05,512.981,1
167,08-04-2016,4,Baldwin Bikes,Rico Salas,NY,Trek Slash 8 27.5 - 2016,Mountain Bikes,Trek,2,3999.99,0.05,7599.981,8
168,09-04-2016,4,Santa Cruz Bikes,Kandace Ayers,CA,Surly Ice Cream Truck Frameset - 2016,Mountain Bikes,Surly,1,469.99,0.1,422.991,0
168,09-04-2016,4,Santa Cruz Bikes,Kandace Ayers,CA,Surly Straggler 650b - 2016,Cyclocross Bicycles,Surly,2,1680.99,0.07,3126.6414,8
168,09-04-2016,4,Santa Cruz Bikes,Kandace Ayers,CA,Electra Townie Original 21D - 2016,Cruisers Bicycles,Electra,2,549.99,0.07,1022.9814,16
168,09-04-2016,4,Santa Cruz Bikes,Kandace Ayers,CA,Electra Girl's Hawaii 1 (16-inch) - 2015/2016,Children Bicycles,Electra,2,269.99,0.2,431.984,29
169,10-04-2016,4,Baldwin Bikes,Carie Kidd,NY,Electra Townie Original 7D EQ - Women's - 2016,Cruisers Bicycles,Electra,2,599.99,0.1,1079.982,20
169,10-04-2016,4,Baldwin Bikes,Carie Kidd,NY,Heller Shagamaw Frame - 2016,Mountain Bikes,Heller,1,1320.99,0.05,1254.9405,1
169,10-04-2016,4,Baldwin Bikes,Carie Kidd,NY,Surly Straggler - 2016,Cyclocross Bicycles,Surly,1,1549,0.2,1239.2,13
169,10-04-2016,4,Baldwin Bikes,Carie Kidd,NY,Surly Straggler 650b - 2016,Cyclocross Bicycles,Surly,1,1680.99,0.2,1344.792,21
169,10-04-2016,4,Baldwin Bikes,Carie Kidd,NY,Electra Girl's Hawaii 1 (16-inch) - 2015/2016,Cruisers Bicycles,Electra,2,269.99,0.05,512.981,18
170,10-04-2016,4,Baldwin Bikes,Aubrey Durham,NY,Electra Townie Original 21D - 2016,Cruisers Bicycles,Electra,2,549.99,0.1,989.982,2
170,10-04-2016,4,Baldwin Bikes,Aubrey Durham,NY,Electra Townie Original 21D - 2016,Comfort Bicycles,Electra,1,549.99,0.05,522.4905,16
170,10-04-2016,4,Baldwin Bikes,Aubrey Durham,NY,Trek Slash 8 27.5 - 2016,Mountain Bikes,Trek,1,3999.99,0.2,3199.992,8
170,10-04-2016,4,Baldwin Bikes,Aubrey Durham,NY,Pure Cycles Western 3-Speed - Women's - 2015/2016,Cruisers Bicycles,Pure Cycles,2,449,0.05,853.1,13
171,11-04-2016,4,Santa Cruz Bikes,Elvera Peck,CA,Trek Remedy 29 Carbon Frameset - 2016,Mountain Bikes,Trek,1,1799.99,0.05,1709.9905,0
172,11-04-2016,4,Baldwin Bikes,Cindi Ellis,NY,Electra Girl's Hawaii 1 (20-inch) - 2015/2016,Children Bicycles,Electra,1,299.99,0.07,278.9907,12
172,11-04-2016,4,Baldwin Bikes,Cindi Ellis,NY,Electra Townie Original 7D EQ - 2016,Cruisers Bicycles,Electra,1,599.99,0.2,479.992,20
173,11-04-2016,4,Rowlett Bikes,Dacia William,TX,Electra Girl's Hawaii 1 (16-inch) - 2015/2016,Cruisers Bicycles,Electra,1,269.99,0.05,256.4905,4
173,11-04-2016,4,Rowlett Bikes,Dacia William,TX,Electra Townie Original 7D EQ - 2016,Cruisers Bicycles,Electra,1,599.99,0.2,479.992,19
173,11-04-2016,4,Rowlett Bikes,Dacia William,TX,Electra Townie Original 7D EQ - Women's - 2016,Cruisers Bicycles,Electra,2,599.99,0.05,1139.981,19
174,12-04-2016,4,Baldwin Bikes,Destiny Goodman,NY,Electra Girl's Hawaii 1 (16-inch) - 2015/2016,Children Bicycles,Electra,2,269.99,0.2,431.984,0
174,12-04-2016,4,Baldwin Bikes,Destiny Goodman,NY,Pure Cycles William 3-Speed - 2016,Cruisers Bicycles,Pure Cycles,2,449,0.1,808.2,15
175,13-04-2016,4,Baldwin Bikes,Steve Bender,NY,Heller Shagamaw Frame - 2016,Mountain Bikes,Heller,1,1320.99,0.1,1188.891,1
175,13-04-2016,4,Baldwin Bikes,Steve Bender,NY,Ritchey Timberwolf Frameset - 2016,Mountain Bikes,Ritchey,2,749.99,0.2,1199.984,16
175,13-04-2016,4,Baldwin Bikes,Steve Bender,NY,Electra Cruiser 1 (24-Inch) - 2016,Children Bicycles,Electra,2,269.99,0.1,485.982,16
175,13-04-2016,4,Baldwin Bikes,Steve Bender,NY,Pure Cycles William 3-Speed - 2016,Cruisers Bicycles,Pure Cycles,1,449,0.07,417.57,15
176,15-04-2016,4,Baldwin Bikes,Melba Wilkinson,NY,Ritchey Timberwolf Frameset - 2016,Mountain Bikes,Ritchey,2,749.99,0.07,1394.9814,16
176,15-04-2016,4,Baldwin Bikes,Melba Wilkinson,NY,Surly Straggler 650b - 2016,Cyclocross Bicycles,Surly,2,1680.99,0.2,2689.584,21
176,15-04-2016,4,Baldwin Bikes,Melba Wilkinson,NY,Electra Townie Original 7D EQ - 2016,Cruisers Bicycles,Electra,2,599.99,0.05,1139.981,20
177,16-04-2016,4,Santa Cruz Bikes,Lucy Woods,CA,Electra Townie Original 7D EQ - Women's - 2016,Cruisers Bicycles,Electra,2,599.99,0.1,1079.982,26
178,16-04-2016,4,Baldwin Bikes,Graig Roth,NY,Surly Straggler - 2016,Cyclocross Bicycles,Surly,2,1549,0.2,2478.4,13
178,16-04-2016,4,Baldwin Bikes,Graig Roth,NY,Electra Townie Original 21D - 2016,Cruisers Bicycles,Electra,1,549.99,0.05,522.4905,2
178,16-04-2016,4,Baldwin Bikes,Graig Roth,NY,Surly Wednesday Frameset - 2016,Mountain Bikes,Surly,1,999.99,0.1,899.991,28
178,16-04-2016,4,Baldwin Bikes,Graig Roth,NY,Pure Cycles Western 3-Speed - Women's - 2015/2016,Cruisers Bicycles,Pure Cycles,1,449,0.07,417.57,13
179,17-04-2016,4,Baldwin Bikes,Shery Acosta,NY,Electra Cruiser 1 (24-Inch) - 2016,Cruisers Bicycles,Electra,2,269.99,0.05,512.981,1
179,17-04-2016,4,Baldwin Bikes,Shery Acosta,NY,Electra Townie Original 7D EQ - 2016,Comfort Bicycles,Electra,1,599.99,0.1,539.991,2
179,17-04-2016,4,Baldwin Bikes,Shery Acosta,NY,Pure Cycles Western 3-Speed - Women's - 2015/2016,Cruisers Bicycles,Pure Cycles,1,449,0.2,359.2,13
179,17-04-2016,4,Baldwin Bikes,Shery Acosta,NY,Electra Townie Original 21D - 2016,Cruisers Bicycles,Electra,2,549.99,0.2,879.984,2
179,17-04-2016,4,Baldwin Bikes,Shery Acosta,NY,Electra Townie Original 7D EQ - Women's - 2016,Cruisers Bicycles,Electra,2,599.99,0.1,1079.982,20
180,17-04-2016,4,Baldwin Bikes,Kristel Bullock,NY,Electra Townie Original 7D EQ - 2016,Cruisers Bicycles,Electra,1,599.99,0.07,557.9907,20
181,18-04-2016,4,Santa Cruz Bikes,Latosha Dalton,CA,Surly Straggler - 2016,Cyclocross Bicycles,Surly,1,1549,0.05,1471.55,15
181,18-04-2016,4,Santa Cruz Bikes,Latosha Dalton,CA,Surly Straggler 650b - 2016,Cyclocross Bicycles,Surly,1,1680.99,0.1,1512.891,8
181,18-04-2016,4,Santa Cruz Bikes,Latosha Dalton,CA,Electra Moto 1 - 2016,Cruisers Bicycles,Electra,2,529.99,0.2,847.984,3
181,18-04-2016,4,Santa Cruz Bikes,Latosha Dalton,CA,Electra Townie Original 21D - 2016,Comfort Bicycles,Electra,2,549.99,0.05,1044.981,10
182,18-04-2016,4,Baldwin Bikes,Phylis Adkins,NY,Electra Townie Original 7D - 2015/2016,Comfort Bicycles,Electra,2,499.99,0.05,949.981,18
182,18-04-2016,4,Baldwin Bikes,Phylis Adkins,NY,Electra Townie Original 21D - 2016,Comfort Bicycles,Electra,2,549.99,0.07,1022.9814,16
183,19-04-2016,4,Baldwin Bikes,Adelle Larsen,NY,Surly Straggler 650b - 2016,Cyclocross Bicycles,Surly,2,1680.99,0.2,2689.584,21
183,19-04-2016,4,Baldwin Bikes,Adelle Larsen,NY,Electra Townie Original 21D - 2016,Cruisers Bicycles,Electra,2,549.99,0.05,1044.981,2
183,19-04-2016,4,Baldwin Bikes,Adelle Larsen,NY,Pure Cycles William 3-Speed - 2016,Cruisers Bicycles,Pure Cycles,1,449,0.07,417.57,15
183,19-04-2016,4,Baldwin Bikes,Adelle Larsen,NY,Pure Cycles Vine 8-Speed - 2016,Cruisers Bicycles,Pure Cycles,1,429,0.07,398.97,3
184,19-04-2016,4,Baldwin Bikes,Brianna Moss,NY,Trek Fuel EX 8 29 - 2016,Mountain Bikes,Trek,1,2899.99,0.2,2319.992,2
184,19-04-2016,4,Baldwin Bikes,Brianna Moss,NY,Heller Shagamaw Frame - 2016,Mountain Bikes,Heller,1,1320.99,0.1,1188.891,1
184,19-04-2016,4,Baldwin Bikes,Brianna Moss,NY,Electra Girl's Hawaii 1 (16-inch) - 2015/2016,Cruisers Bicycles,Electra,1,269.99,0.1,242.991,18
185,20-04-2016,3,Santa Cruz Bikes,Corene Wall,CA,Electra Townie Original 7D EQ - Women's - 2016,Cruisers Bicycles,Electra,1,599.99,0.1,539.991,26
185,20-04-2016,3,Santa Cruz Bikes,Corene Wall,CA,Trek Remedy 29 Carbon Frameset - 2016,Mountain Bikes,Trek,1,1799.99,0.05,1709.9905,0
186,21-04-2016,4,Baldwin Bikes,Waldo Hart,NY,Trek Fuel EX 8 29 - 2016,Mountain Bikes,Trek,1,2899.99,0.1,2609.991,2
186,21-04-2016,4,Baldwin Bikes,Waldo Hart,NY,Surly Ice Cream Truck Frameset - 2016,Mountain Bikes,Surly,1,469.99,0.1,422.991,11
187,22-04-2016,4,Baldwin Bikes,Jeniffer Ratliff,NY,Heller Shagamaw Frame - 2016,Mountain Bikes,Heller,1,1320.99,0.05,1254.9405,1
188,22-04-2016,4,Baldwin Bikes,Lorrie Pollard,NY,Trek Slash 8 27.5 - 2016,Mountain Bikes,Trek,2,3999.99,0.07,7439.9814,8
189,23-04-2016,4,Santa Cruz Bikes,Allie Conley,CA,Electra Townie Original 7D EQ - 2016,Cruisers Bicycles,Electra,2,599.99,0.2,959.984,4
190,23-04-2016,4,Baldwin Bikes,Violet Valenzuela,NY,Electra Townie Original 21D - 2016,Comfort Bicycles,Electra,1,549.99,0.05,522.4905,16
190,23-04-2016,4,Baldwin Bikes,Violet Valenzuela,NY,Electra Moto 1 - 2016,Cruisers Bicycles,Electra,1,529.99,0.2,423.992,6
190,23-04-2016,4,Baldwin Bikes,Violet Valenzuela,NY,Surly Wednesday Frameset - 2016,Mountain Bikes,Surly,2,999.99,0.2,1599.984,28
191,27-04-2016,4,Santa Cruz Bikes,Ruthanne Hoover,CA,Electra Townie Original 7D - 2015/2016,Comfort Bicycles,Electra,1,499.99,0.05,474.9905,10
191,27-04-2016,4,Santa Cruz Bikes,Ruthanne Hoover,CA,Electra Townie Original 21D - 2016,Cruisers Bicycles,Electra,2,549.99,0.2,879.984,16
191,27-04-2016,4,Santa Cruz Bikes,Ruthanne Hoover,CA,Surly Wednesday Frameset - 2016,Mountain Bikes,Surly,1,999.99,0.07,929.9907,6
191,27-04-2016,4,Santa Cruz Bikes,Ruthanne Hoover,CA,Trek Remedy 29 Carbon Frameset - 2016,Mountain Bikes,Trek,2,1799.99,0.05,3419.981,0
191,27-04-2016,4,Santa Cruz Bikes,Ruthanne Hoover,CA,Electra Girl's Hawaii 1 (20-inch) - 2015/2016,Children Bicycles,Electra,1,299.99,0.05,284.9905,9
192,27-04-2016,4,Baldwin Bikes,Viva Dawson,NY,Trek Remedy 29 Carbon Frameset - 2016,Mountain Bikes,Trek,2,1799.99,0.1,3239.982,1
192,27-04-2016,4,Baldwin Bikes,Viva Dawson,NY,Electra Townie Original 7D - 2015/2016,Comfort Bicycles,Electra,1,499.99,0.07,464.9907,18
192,27-04-2016,4,Baldwin Bikes,Viva Dawson,NY,Ritchey Timberwolf Frameset - 2016,Mountain Bikes,Ritchey,1,749.99,0.05,712.4905,16
192,27-04-2016,4,Baldwin Bikes,Viva Dawson,NY,Electra Townie Original 21D - 2016,Comfort Bicycles,Electra,2,549.99,0.07,1022.9814,16
192,27-04-2016,4,Baldwin Bikes,Viva Dawson,NY,Surly Straggler - 2016,Cyclocross Bicycles,Surly,2,1549,0.2,2478.4,13
193,28-04-2016,4,Santa Cruz Bikes,Trena Rogers,CA,Electra Townie Original 21D - 2016,Cruisers Bicycles,Electra,2,549.99,0.1,989.982,16
194,28-04-2016,4,Baldwin Bikes,Carroll Kelly,NY,Electra Cruiser 1 (24-Inch) - 2016,Children Bicycles,Electra,2,269.99,0.2,431.984,16
195,28-04-2016,4,Baldwin Bikes,Kasha Sullivan,NY,Pure Cycles Western 3-Speed - Women's - 2015/2016,Cruisers Bicycles,Pure Cycles,1,449,0.2,359.2,13
195,28-04-2016,4,Baldwin Bikes,Kasha Sullivan,NY,Electra Girl's Hawaii 1 (16-inch) - 2015/2016,Cruisers Bicycles,Electra,1,269.99,0.05,256.4905,18
195,28-04-2016,4,Baldwin Bikes,Kasha Sullivan,NY,Heller Shagamaw Frame - 2016,Mountain Bikes,Heller,2,1320.99,0.2,2113.584,1
195,28-04-2016,4,Baldwin Bikes,Kasha Sullivan,NY,Trek Fuel EX 8 29 - 2016,Mountain Bikes,Trek,2,2899.99,0.2,4639.984,2
195,28-04-2016,4,Baldwin Bikes,Kasha Sullivan,NY,Electra Cruiser 1 (24-Inch) - 2016,Children Bicycles,Electra,2,269.99,0.1,485.982,16
196,28-04-2016,4,Baldwin Bikes,Tammie Cherry,NY,Surly Ice Cream Truck Frameset - 2016,Mountain Bikes,Surly,1,469.99,0.05,446.4905,11
196,28-04-2016,4,Baldwin Bikes,Tammie Cherry,NY,Surly Wednesday Frameset - 2016,Mountain Bikes,Surly,2,999.99,0.07,1859.9814,28
196,28-04-2016,4,Baldwin Bikes,Tammie Cherry,NY,Surly Straggler - 2016,Cyclocross Bicycles,Surly,2,1549,0.07,2881.14,13
196,28-04-2016,4,Baldwin Bikes,Tammie Cherry,NY,Electra Townie Original 21D - 2016,Cruisers Bicycles,Electra,1,549.99,0.07,511.4907,2
196,28-04-2016,4,Baldwin Bikes,Tammie Cherry,NY,Electra Townie Original 7D EQ - Women's - 2016,Cruisers Bicycles,Electra,1,599.99,0.1,539.991,20
197,30-04-2016,4,Baldwin Bikes,Erlinda Nielsen,NY,Trek Fuel EX 8 29 - 2016,Mountain Bikes,Trek,2,2899.99,0.2,4639.984,2
197,30-04-2016,4,Baldwin Bikes,Erlinda Nielsen,NY,Ritchey Timberwolf Frameset - 2016,Mountain Bikes,Ritchey,2,749.99,0.07,1394.9814,16
198,01-05-2016,4,Baldwin Bikes,Allison Nolan,NY,Surly Ice Cream Truck Frameset - 2016,Mountain Bikes,Surly,2,469.99,0.05,892.981,11
198,01-05-2016,4,Baldwin Bikes,Allison Nolan,NY,Electra Townie Original 7D EQ - Women's - 2016,Cruisers Bicycles,Electra,2,599.99,0.07,1115.9814,20
198,01-05-2016,4,Baldwin Bikes,Allison Nolan,NY,Trek Remedy 29 Carbon Frameset - 2016,Mountain Bikes,Trek,2,1799.99,0.2,2879.984,1
198,01-05-2016,4,Baldwin Bikes,Allison Nolan,NY,Electra Cruiser 1 (24-Inch) - 2016,Cruisers Bicycles,Electra,2,269.99,0.05,512.981,1
198,01-05-2016,4,Baldwin Bikes,Allison Nolan,NY,Pure Cycles Vine 8-Speed - 2016,Cruisers Bicycles,Pure Cycles,1,429,0.05,407.55,3
199,01-05-2016,4,Baldwin Bikes,Marisa Chambers,NY,Electra Townie Original 7D - 2015/2016,Comfort Bicycles,Electra,2,499.99,0.05,949.981,18
199,01-05-2016,4,Baldwin Bikes,Marisa Chambers,NY,Pure Cycles Western 3-Speed - Women's - 2015/2016,Cruisers Bicycles,Pure Cycles,2,449,0.07,835.14,13
199,01-05-2016,4,Baldwin Bikes,Marisa Chambers,NY,Trek Fuel EX 8 29 - 2016,Mountain Bikes,Trek,1,2899.99,0.2,2319.992,2
200,01-05-2016,4,Baldwin Bikes,Lanelle Guerra,NY,Electra Girl's Hawaii 1 (20-inch) - 2015/2016,Children Bicycles,Electra,2,299.99,0.05,569.981,12
200,01-05-2016,4,Baldwin Bikes,Lanelle Guerra,NY,Electra Girl's Hawaii 1 (16-inch) - 2015/2016,Children Bicycles,Electra,2,269.99,0.07,502.1814,0
201,01-05-2016,4,Rowlett Bikes,Brenda Tate,TX,Electra Townie Original 21D - 2016,Comfort Bicycles,Electra,1,549.99,0.05,522.4905,18
201,01-05-2016,4,Rowlett Bikes,Brenda Tate,TX,Trek Slash 8 27.5 - 2016,Mountain Bikes,Trek,1,3999.99,0.2,3199.992,12
201,01-05-2016,4,Rowlett Bikes,Brenda Tate,TX,Electra Girl's Hawaii 1 (16-inch) - 2015/2016,Cruisers Bicycles,Electra,2,269.99,0.1,485.982,4
201,01-05-2016,4,Rowlett Bikes,Brenda Tate,TX,Pure Cycles Vine 8-Speed - 2016,Cruisers Bicycles,Pure Cycles,1,429,0.05,407.55,22
202,03-05-2016,4,Santa Cruz Bikes,Joi Reeves,CA,Trek Remedy 29 Carbon Frameset - 2016,Mountain Bikes,Trek,1,1799.99,0.07,1673.9907,0
202,03-05-2016,4,Santa Cruz Bikes,Joi Reeves,CA,Pure Cycles Vine 8-Speed - 2016,Cruisers Bicycles,Pure Cycles,1,429,0.05,407.55,2
202,03-05-2016,4,Santa Cruz Bikes,Joi Reeves,CA,Electra Moto 1 - 2016,Cruisers Bicycles,Electra,2,529.99,0.05,1006.981,3
202,03-05-2016,4,Santa Cruz Bikes,Joi Reeves,CA,Electra Townie Original 7D - 2015/2016,Comfort Bicycles,Electra,2,499.99,0.05,949.981,10
203,03-05-2016,4,Rowlett Bikes,Henrietta Wagner,TX,Electra Townie Original 7D EQ - 2016,Comfort Bicycles,Electra,1,599.99,0.05,569.9905,27
203,03-05-2016,4,Rowlett Bikes,Henrietta Wagner,TX,Surly Wednesday Frameset - 2016,Mountain Bikes,Surly,2,999.99,0.1,1799.982,0
203,03-05-2016,4,Rowlett Bikes,Henrietta Wagner,TX,Pure Cycles Vine 8-Speed - 2016,Cruisers Bicycles,Pure Cycles,2,429,0.2,686.4,22
203,03-05-2016,4,Rowlett Bikes,Henrietta Wagner,TX,Pure Cycles William 3-Speed - 2016,Cruisers Bicycles,Pure Cycles,2,449,0.07,835.14,24
204,04-05-2016,4,Baldwin Bikes,Danilo Holmes,NY,Surly Ice Cream Truck Frameset - 2016,Mountain Bikes,Surly,2,469.99,0.07,874.1814,11
204,04-05-2016,4,Baldwin Bikes,Danilo Holmes,NY,Pure Cycles Vine 8-Speed - 2016,Cruisers Bicycles,Pure Cycles,2,429,0.1,772.2,3
205,04-05-2016,4,Baldwin Bikes,Myrtie James,NY,Electra Girl's Hawaii 1 (16-inch) - 2015/2016,Children Bicycles,Electra,2,269.99,0.05,512.981,0
205,04-05-2016,4,Baldwin Bikes,Myrtie James,NY,Electra Townie Original 21D - 2016,Comfort Bicycles,Electra,2,549.99,0.1,989.982,16
206,04-05-2016,4,Rowlett Bikes,Tania Swanson,TX,Electra Townie Original 7D - 2015/2016,Comfort Bicycles,Electra,1,499.99,0.05,474.9905,15
206,04-05-2016,4,Rowlett Bikes,Tania Swanson,TX,Electra Townie Original 7D EQ - Women's - 2016,Cruisers Bicycles,Electra,1,599.99,0.2,479.992,19
207,05-05-2016,4,Baldwin Bikes,Marget Hodge,NY,Electra Townie Original 21D - 2016,Cruisers Bicycles,Electra,2,549.99,0.2,879.984,2
207,05-05-2016,4,Baldwin Bikes,Marget Hodge,NY,Heller Shagamaw Frame - 2016,Mountain Bikes,Heller,1,1320.99,0.05,1254.9405,1
207,05-05-2016,4,Baldwin Bikes,Marget Hodge,NY,Surly Straggler 650b - 2016,Cyclocross Bicycles,Surly,2,1680.99,0.07,3126.6414,21
207,05-05-2016,4,Baldwin Bikes,Marget Hodge,NY,Trek Slash 8 27.5 - 2016,Mountain Bikes,Trek,2,3999.99,0.1,7199.982,8
208,06-05-2016,4,Baldwin Bikes,Leanna Manning,NY,Surly Ice Cream Truck Frameset - 2016,Mountain Bikes,Surly,2,469.99,0.05,892.981,11
208,06-05-2016,4,Baldwin Bikes,Leanna Manning,NY,Trek Fuel EX 8 29 - 2016,Mountain Bikes,Trek,2,2899.99,0.07,5393.9814,2
208,06-05-2016,4,Baldwin Bikes,Leanna Manning,NY,Surly Wednesday Frameset - 2016,Mountain Bikes,Surly,1,999.99,0.05,949.9905,28
208,06-05-2016,4,Baldwin Bikes,Leanna Manning,NY,Electra Townie Original 21D - 2016,Cruisers Bicycles,Electra,1,549.99,0.2,439.992,2
208,06-05-2016,4,Baldwin Bikes,Leanna Manning,NY,Surly Straggler - 2016,Cyclocross Bicycles,Surly,2,1549,0.05,2943.1,13
209,07-05-2016,4,Baldwin Bikes,Clarita Curry,NY,Electra Cruiser 1 (24-Inch) - 2016,Cruisers Bicycles,Electra,1,269.99,0.1,242.991,1
210,07-05-2016,4,Baldwin Bikes,Lynn Mcmahon,NY,Electra Girl's Hawaii 1 (16-inch) - 2015/2016,Cruisers Bicycles,Electra,1,269.99,0.07,251.0907,18
210,07-05-2016,4,Baldwin Bikes,Lynn Mcmahon,NY,Electra Cruiser 1 (24-Inch) - 2016,Cruisers Bicycles,Electra,2,269.99,0.2,431.984,1
211,07-05-2016,4,Baldwin Bikes,Penney Hall,NY,Surly Straggler - 2016,Cyclocross Bicycles,Surly,1,1549,0.07,1440.57,13
211,07-05-2016,4,Baldwin Bikes,Penney Hall,NY,Ritchey Timberwolf Frameset - 2016,Mountain Bikes,Ritchey,2,749.99,0.07,1394.9814,16
212,08-05-2016,4,Baldwin Bikes,Lanora Robbins,NY,Electra Townie Original 7D EQ - 2016,Cruisers Bicycles,Electra,2,599.99,0.07,1115.9814,20
212,08-05-2016,4,Baldwin Bikes,Lanora Robbins,NY,Electra Townie Original 21D - 2016,Cruisers Bicycles,Electra,2,549.99,0.2,879.984,2
212,08-05-2016,4,Baldwin Bikes,Lanora Robbins,NY,Pure Cycles William 3-Speed - 2016,Cruisers Bicycles,Pure Cycles,1,449,0.1,404.1,15
212,08-05-2016,4,Baldwin Bikes,Lanora Robbins,NY,Trek Slash 8 27.5 - 2016,Mountain Bikes,Trek,1,3999.99,0.2,3199.992,8
213,08-05-2016,4,Rowlett Bikes,Lilliam Nolan,TX,Electra Cruiser 1 (24-Inch) - 2016,Cruisers Bicycles,Electra,1,269.99,0.1,242.991,19
214,10-05-2016,4,Baldwin Bikes,Kaci Gallegos,NY,Electra Cruiser 1 (24-Inch) - 2016,Children Bicycles,Electra,1,269.99,0.1,242.991,16
215,10-05-2016,4,Baldwin Bikes,Kelsey Noble,NY,Pure Cycles William 3-Speed - 2016,Cruisers Bicycles,Pure Cycles,1,449,0.07,417.57,15
215,10-05-2016,4,Baldwin Bikes,Kelsey Noble,NY,Electra Townie Original 21D - 2016,Cruisers Bicycles,Electra,2,549.99,0.1,989.982,2
216,11-05-2016,4,Santa Cruz Bikes,Angelina Lloyd,CA,Electra Girl's Hawaii 1 (16-inch) - 2015/2016,Children Bicycles,Electra,2,269.99,0.1,485.982,29
216,11-05-2016,4,Santa Cruz Bikes,Angelina Lloyd,CA,Electra Townie Original 7D EQ - 2016,Cruisers Bicycles,Electra,2,599.99,0.05,1139.981,4
217,11-05-2016,4,Baldwin Bikes,Sebrina Hart,NY,Pure Cycles Western 3-Speed - Women's - 2015/2016,Cruisers Bicycles,Pure Cycles,1,449,0.1,404.1,13
217,11-05-2016,4,Baldwin Bikes,Sebrina Hart,NY,Surly Straggler - 2016,Cyclocross Bicycles,Surly,2,1549,0.1,2788.2,13
217,11-05-2016,4,Baldwin Bikes,Sebrina Hart,NY,Pure Cycles Vine 8-Speed - 2016,Cruisers Bicycles,Pure Cycles,1,429,0.07,398.97,3
218,12-05-2016,4,Baldwin Bikes,Vernetta Banks,NY,Ritchey Timberwolf Frameset - 2016,Mountain Bikes,Ritchey,2,749.99,0.1,1349.982,16
218,12-05-2016,4,Baldwin Bikes,Vernetta Banks,NY,Electra Cruiser 1 (24-Inch) - 2016,Cruisers Bicycles,Electra,1,269.99,0.07,251.0907,1
218,12-05-2016,4,Baldwin Bikes,Vernetta Banks,NY,Electra Townie Original 21D - 2016,Cruisers Bicycles,Electra,1,549.99,0.05,522.4905,2
219,12-05-2016,4,Baldwin Bikes,Inez Snider,NY,Electra Townie Original 7D EQ - 2016,Comfort Bicycles,Electra,1,599.99,0.05,569.9905,2
219,12-05-2016,4,Baldwin Bikes,Inez Snider,NY,Heller Shagamaw Frame - 2016,Mountain Bikes,Heller,1,1320.99,0.2,1056.792,1
220,12-05-2016,4,Baldwin Bikes,Noble Glover,NY,Surly Ice Cream Truck Frameset - 2016,Mountain Bikes,Surly,2,469.99,0.05,892.981,11
220,12-05-2016,4,Baldwin Bikes,Noble Glover,NY,Electra Townie Original 7D - 2015/2016,Comfort Bicycles,Electra,1,499.99,0.07,464.9907,18
220,12-05-2016,4,Baldwin Bikes,Noble Glover,NY,Electra Girl's Hawaii 1 (16-inch) - 2015/2016,Children Bicycles,Electra,2,269.99,0.1,485.982,0
220,12-05-2016,4,Baldwin Bikes,Noble Glover,NY,Surly Wednesday Frameset - 2016,Mountain Bikes,Surly,2,999.99,0.2,1599.984,28
221,13-05-2016,4,Santa Cruz Bikes,Donovan Cantrell,CA,Surly Straggler 650b - 2016,Cyclocross Bicycles,Surly,2,1680.99,0.07,3126.6414,8
222,13-05-2016,4,Baldwin Bikes,Gertrud Rhodes,NY,Surly Straggler - 2016,Cyclocross Bicycles,Surly,1,1549,0.1,1394.1,13
222,13-05-2016,4,Baldwin Bikes,Gertrud Rhodes,NY,Ritchey Timberwolf Frameset - 2016,Mountain Bikes,Ritchey,2,749.99,0.1,1349.982,16
223,15-05-2016,4,Baldwin Bikes,Veronique Fulton,NY,Trek Slash 8 27.5 - 2016,Mountain Bikes,Trek,2,3999.99,0.05,7599.981,8
223,15-05-2016,4,Baldwin Bikes,Veronique Fulton,NY,Heller Shagamaw Frame - 2016,Mountain Bikes,Heller,1,1320.99,0.2,1056.792,1
223,15-05-2016,4,Baldwin Bikes,Veronique Fulton,NY,Electra Cruiser 1 (24-Inch) - 2016,Children Bicycles,Electra,2,269.99,0.1,485.982,16
223,15-05-2016,4,Baldwin Bikes,Veronique Fulton,NY,Electra Townie Original 7D EQ - Women's - 2016,Cruisers Bicycles,Electra,1,599.99,0.05,569.9905,20
223,15-05-2016,4,Baldwin Bikes,Veronique Fulton,NY,Electra Moto 1 - 2016,Cruisers Bicycles,Electra,1,529.99,0.05,503.4905,6
224,17-05-2016,4,Santa Cruz Bikes,Carola Rodriquez,CA,Surly Ice Cream Truck Frameset - 2016,Mountain Bikes,Surly,1,469.99,0.07,437.0907,0
224,17-05-2016,4,Santa Cruz Bikes,Carola Rodriquez,CA,Surly Straggler 650b - 2016,Cyclocross Bicycles,Surly,2,1680.99,0.1,3025.782,8
224,17-05-2016,4,Santa Cruz Bikes,Carola Rodriquez,CA,Surly Straggler - 2016,Cyclocross Bicycles,Surly,2,1549,0.2,2478.4,15
224,17-05-2016,4,Santa Cruz Bikes,Carola Rodriquez,CA,Electra Townie Original 7D - 2015/2016,Comfort Bicycles,Electra,1,499.99,0.05,474.9905,10
225,17-05-2016,4,Santa Cruz Bikes,Fransisca Nicholson,CA,Electra Cruiser 1 (24-Inch) - 2016,Children Bicycles,Electra,1,269.99,0.1,242.991,24
225,17-05-2016,4,Santa Cruz Bikes,Fransisca Nicholson,CA,Trek Conduit+ - 2016,Electric Bikes,Trek,1,2999.99,0.1,2699.991,11
226,17-05-2016,4,Santa Cruz Bikes,Tony Hicks,CA,Ritchey Timberwolf Frameset - 2016,Mountain Bikes,Ritchey,1,749.99,0.05,712.4905,5
227,17-05-2016,4,Baldwin Bikes,Kirstie Vazquez,NY,Surly Wednesday Frameset - 2016,Mountain Bikes,Surly,2,999.99,0.05,1899.981,28
227,17-05-2016,4,Baldwin Bikes,Kirstie Vazquez,NY,Electra Moto 1 - 2016,Cruisers Bicycles,Electra,2,529.99,0.1,953.982,6
228,17-05-2016,4,Baldwin Bikes,Jamika Blanchard,NY,Electra Townie Original 7D - 2015/2016,Comfort Bicycles,Electra,1,499.99,0.2,399.992,18
228,17-05-2016,4,Baldwin Bikes,Jamika Blanchard,NY,Ritchey Timberwolf Frameset - 2016,Mountain Bikes,Ritchey,2,749.99,0.07,1394.9814,16
228,17-05-2016,4,Baldwin Bikes,Jamika Blanchard,NY,Electra Girl's Hawaii 1 (20-inch) - 2015/2016,Children Bicycles,Electra,2,299.99,0.1,539.982,12
228,17-05-2016,4,Baldwin Bikes,Jamika Blanchard,NY,Trek Fuel EX 8 29 - 2016,Mountain Bikes,Trek,1,2899.99,0.2,2319.992,2
228,17-05-2016,4,Baldwin Bikes,Jamika Blanchard,NY,Electra Girl's Hawaii 1 (16-inch) - 2015/2016,Children Bicycles,Electra,1,269.99,0.05,256.4905,0
229,19-05-2016,4,Baldwin Bikes,Evelina Manning,NY,Electra Townie Original 7D - 2015/2016,Comfort Bicycles,Electra,2,499.99,0.2,799.984,18
229,19-05-2016,4,Baldwin Bikes,Evelina Manning,NY,Heller Shagamaw Frame - 2016,Mountain Bikes,Heller,2,1320.99,0.1,2377.782,1
229,19-05-2016,4,Baldwin Bikes,Evelina Manning,NY,Trek Remedy 29 Carbon Frameset - 2016,Mountain Bikes,Trek,1,1799.99,0.2,1439.992,1
230,19-05-2016,4,Baldwin Bikes,Ryan Carter,NY,Surly Straggler 650b - 2016,Cyclocross Bicycles,Surly,2,1680.99,0.07,3126.6414,21
231,19-05-2016,4,Baldwin Bikes,Rosamaria Meyer,NY,Trek Remedy 29 Carbon Frameset - 2016,Mountain Bikes,Trek,2,1799.99,0.07,3347.9814,1
231,19-05-2016,4,Baldwin Bikes,Rosamaria Meyer,NY,Electra Girl's Hawaii 1 (16-inch) - 2015/2016,Cruisers Bicycles,Electra,2,269.99,0.2,431.984,18
231,19-05-2016,4,Baldwin Bikes,Rosamaria Meyer,NY,Heller Shagamaw Frame - 2016,Mountain Bikes,Heller,2,1320.99,0.2,2113.584,1
232,20-05-2016,4,Santa Cruz Bikes,Latashia Travis,CA,Pure Cycles Western 3-Speed - Women's - 2015/2016,Cruisers Bicycles,Pure Cycles,1,449,0.07,417.57,16
232,20-05-2016,4,Santa Cruz Bikes,Latashia Travis,CA,Surly Straggler 650b - 2016,Cyclocross Bicycles,Surly,2,1680.99,0.05,3193.881,8
232,20-05-2016,4,Santa Cruz Bikes,Latashia Travis,CA,Electra Townie Original 7D EQ - 2016,Comfort Bicycles,Electra,2,599.99,0.07,1115.9814,16
232,20-05-2016,4,Santa Cruz Bikes,Latashia Travis,CA,Trek Remedy 29 Carbon Frameset - 2016,Mountain Bikes,Trek,2,1799.99,0.1,3239.982,0
233,21-05-2016,4,Baldwin Bikes,Melita Dominguez,NY,Electra Girl's Hawaii 1 (16-inch) - 2015/2016,Cruisers Bicycles,Electra,1,269.99,0.1,242.991,18
233,21-05-2016,4,Baldwin Bikes,Melita Dominguez,NY,Electra Townie Original 7D EQ - 2016,Cruisers Bicycles,Electra,2,599.99,0.1,1079.982,20
233,21-05-2016,4,Baldwin Bikes,Melita Dominguez,NY,Electra Townie Original 21D - 2016,Cruisers Bicycles,Electra,1,549.99,0.2,439.992,2
233,21-05-2016,4,Baldwin Bikes,Melita Dominguez,NY,Electra Moto 1 - 2016,Cruisers Bicycles,Electra,2,529.99,0.07,985.7814,6
234,22-05-2016,4,Baldwin Bikes,Merrie Fowler,NY,Surly Straggler 650b - 2016,Cyclocross Bicycles,Surly,2,1680.99,0.2,2689.584,21
234,22-05-2016,4,Baldwin Bikes,Merrie Fowler,NY,Pure Cycles Vine 8-Speed - 2016,Cruisers Bicycles,Pure Cycles,2,429,0.05,815.1,3
234,22-05-2016,4,Baldwin Bikes,Merrie Fowler,NY,Electra Townie Original 21D - 2016,Cruisers Bicycles,Electra,1,549.99,0.1,494.991,2
234,22-05-2016,4,Baldwin Bikes,Merrie Fowler,NY,Trek Slash 8 27.5 - 2016,Mountain Bikes,Trek,1,3999.99,0.05,3799.9905,8
234,22-05-2016,4,Baldwin Bikes,Merrie Fowler,NY,Electra Girl's Hawaii 1 (20-inch) - 2015/2016,Children Bicycles,Electra,1,299.99,0.1,269.991,12
235,24-05-2016,4,Baldwin Bikes,Eli Contreras,NY,Surly Ice Cream Truck Frameset - 2016,Mountain Bikes,Surly,1,469.99,0.07,437.0907,11
235,24-05-2016,4,Baldwin Bikes,Eli Contreras,NY,Electra Cruiser 1 (24-Inch) - 2016,Cruisers Bicycles,Electra,2,269.99,0.05,512.981,1
235,24-05-2016,4,Baldwin Bikes,Eli Contreras,NY,Trek Slash 8 27.5 - 2016,Mountain Bikes,Trek,2,3999.99,0.05,7599.981,8
236,25-05-2016,4,Baldwin Bikes,Stephaine Riddle,NY,Surly Wednesday Frameset - 2016,Mountain Bikes,Surly,2,999.99,0.07,1859.9814,28
236,25-05-2016,4,Baldwin Bikes,Stephaine Riddle,NY,Ritchey Timberwolf Frameset - 2016,Mountain Bikes,Ritchey,2,749.99,0.1,1349.982,16
236,25-05-2016,4,Baldwin Bikes,Stephaine Riddle,NY,Trek Fuel EX 8 29 - 2016,Mountain Bikes,Trek,2,2899.99,0.1,5219.982,2
237,25-05-2016,4,Baldwin Bikes,Carman Hardy,NY,Electra Moto 1 - 2016,Cruisers Bicycles,Electra,1,529.99,0.2,423.992,6
237,25-05-2016,4,Baldwin Bikes,Carman Hardy,NY,Electra Townie Original 21D - 2016,Comfort Bicycles,Electra,1,549.99,0.07,511.4907,16
237,25-05-2016,4,Baldwin Bikes,Carman Hardy,NY,Electra Townie Original 7D EQ - Women's - 2016,Cruisers Bicycles,Electra,2,599.99,0.2,959.984,20
237,25-05-2016,4,Baldwin Bikes,Carman Hardy,NY,Electra Townie Original 7D EQ - 2016,Comfort Bicycles,Electra,1,599.99,0.05,569.9905,2
238,26-05-2016,4,Baldwin Bikes,Annett Rush,NY,Electra Townie Original 7D EQ - Women's - 2016,Cruisers Bicycles,Electra,2,599.99,0.2,959.984,20
238,26-05-2016,4,Baldwin Bikes,Annett Rush,NY,Electra Townie Original 7D - 2015/2016,Comfort Bicycles,Electra,1,499.99,0.07,464.9907,18
238,26-05-2016,4,Baldwin Bikes,Annett Rush,NY,Electra Cruiser 1 (24-Inch) - 2016,Cruisers Bicycles,Electra,2,269.99,0.2,431.984,1
238,26-05-2016,4,Baldwin Bikes,Annett Rush,NY,Electra Girl's Hawaii 1 (16-inch) - 2015/2016,Children Bicycles,Electra,2,269.99,0.05,512.981,0
238,26-05-2016,4,Baldwin Bikes,Annett Rush,NY,Trek Slash 8 27.5 - 2016,Mountain Bikes,Trek,1,3999.99,0.07,3719.9907,8
239,27-05-2016,3,Rowlett Bikes,Lashawn Ortiz,TX,Electra Townie Original 7D EQ - 2016,Cruisers Bicycles,Electra,2,599.99,0.1,1079.982,19
239,27-05-2016,3,Rowlett Bikes,Lashawn Ortiz,TX,Electra Cruiser 1 (24-Inch) - 2016,Children Bicycles,Electra,2,269.99,0.05,512.981,8
239,27-05-2016,3,Rowlett Bikes,Lashawn Ortiz,TX,Pure Cycles Western 3-Speed - Women's - 2015/2016,Cruisers Bicycles,Pure Cycles,1,449,0.07,417.57,5
239,27-05-2016,3,Rowlett Bikes,Lashawn Ortiz,TX,Trek Fuel EX 8 29 - 2016,Mountain Bikes,Trek,2,2899.99,0.07,5393.9814,11
240,27-05-2016,4,Baldwin Bikes,Kanesha Vega,NY,Trek Conduit+ - 2016,Electric Bikes,Trek,1,2999.99,0.07,2789.9907,17
240,27-05-2016,4,Baldwin Bikes,Kanesha Vega,NY,Trek Remedy 29 Carbon Frameset - 2016,Mountain Bikes,Trek,1,1799.99,0.07,1673.9907,1
240,27-05-2016,4,Baldwin Bikes,Kanesha Vega,NY,Heller Shagamaw Frame - 2016,Mountain Bikes,Heller,1,1320.99,0.07,1228.5207,1
240,27-05-2016,4,Baldwin Bikes,Kanesha Vega,NY,Pure Cycles Western 3-Speed - Women's - 2015/2016,Cruisers Bicycles,Pure Cycles,2,449,0.07,835.14,13
241,27-05-2016,4,Baldwin Bikes,Divina Madden,NY,Trek Slash 8 27.5 - 2016,Mountain Bikes,Trek,1,3999.99,0.2,3199.992,8
242,27-05-2016,4,Baldwin Bikes,Almeta Benjamin,NY,Surly Wednesday Frameset - 2016,Mountain Bikes,Surly,1,999.99,0.2,799.992,28
243,27-05-2016,4,Rowlett Bikes,Barrett Sanders,TX,Electra Townie Original 7D - 2015/2016,Comfort Bicycles,Electra,2,499.99,0.05,949.981,15
243,27-05-2016,4,Rowlett Bikes,Barrett Sanders,TX,Pure Cycles William 3-Speed - 2016,Cruisers Bicycles,Pure Cycles,2,449,0.07,835.14,24
243,27-05-2016,4,Rowlett Bikes,Barrett Sanders,TX,Trek Slash 8 27.5 - 2016,Mountain Bikes,Trek,2,3999.99,0.05,7599.981,12
244,28-05-2016,4,Baldwin Bikes,Venus Hewitt,NY,Pure Cycles William 3-Speed - 2016,Cruisers Bicycles,Pure Cycles,1,449,0.07,417.57,15
244,28-05-2016,4,Baldwin Bikes,Venus Hewitt,NY,Electra Townie Original 7D - 2015/2016,Comfort Bicycles,Electra,1,499.99,0.2,399.992,18
244,28-05-2016,4,Baldwin Bikes,Venus Hewitt,NY,Electra Girl's Hawaii 1 (16-inch) - 2015/2016,Children Bicycles,Electra,1,269.99,0.1,242.991,0
245,29-05-2016,4,Baldwin Bikes,Scarlet Yates,NY,Surly Straggler - 2016,Cyclocross Bicycles,Surly,2,1549,0.05,2943.1,13
245,29-05-2016,4,Baldwin Bikes,Scarlet Yates,NY,Trek Remedy 29 Carbon Frameset - 2016,Mountain Bikes,Trek,1,1799.99,0.1,1619.991,1
246,30-05-2016,3,Baldwin Bikes,Caren Stephens,NY,Pure Cycles Vine 8-Speed - 2016,Cruisers Bicycles,Pure Cycles,2,429,0.2,686.4,3
247,30-05-2016,4,Santa Cruz Bikes,Joann Barber,CA,Electra Townie Original 7D - 2015/2016,Comfort Bicycles,Electra,1,499.99,0.07,464.9907,10
247,30-05-2016,4,Santa Cruz Bikes,Joann Barber,CA,Surly Wednesday Frameset - 2016,Mountain Bikes,Surly,1,999.99,0.2,799.992,6
248,30-05-2016,4,Baldwin Bikes,Kimberley Reynolds,NY,Electra Cruiser 1 (24-Inch) - 2016,Cruisers Bicycles,Electra,1,269.99,0.1,242.991,1
248,30-05-2016,4,Baldwin Bikes,Kimberley Reynolds,NY,Electra Townie Original 7D EQ - 2016,Comfort Bicycles,Electra,2,599.99,0.1,1079.982,2
248,30-05-2016,4,Baldwin Bikes,Kimberley Reynolds,NY,Pure Cycles Vine 8-Speed - 2016,Cruisers Bicycles,Pure Cycles,1,429,0.1,386.1,3
248,30-05-2016,4,Baldwin Bikes,Kimberley Reynolds,NY,Trek Conduit+ - 2016,Electric Bikes,Trek,1,2999.99,0.2,2399.992,17
249,01-06-2016,4,Baldwin Bikes,Miquel Neal,NY,Trek Slash 8 27.5 - 2016,Mountain Bikes,Trek,2,3999.99,0.05,7599.981,8
249,01-06-2016,4,Baldwin Bikes,Miquel Neal,NY,Pure Cycles Western 3-Speed - Women's - 2015/2016,Cruisers Bicycles,Pure Cycles,2,449,0.05,853.1,13
249,01-06-2016,4,Baldwin Bikes,Miquel Neal,NY,Electra Girl's Hawaii 1 (16-inch) - 2015/2016,Children Bicycles,Electra,1,269.99,0.1,242.991,0
250,01-06-2016,4,Baldwin Bikes,Weldon Michael,NY,Pure Cycles Vine 8-Speed - 2016,Cruisers Bicycles,Pure Cycles,2,429,0.05,815.1,3
250,01-06-2016,4,Baldwin Bikes,Weldon Michael,NY,Surly Straggler 650b - 2016,Cyclocross Bicycles,Surly,2,1680.99,0.1,3025.782,21
251,01-06-2016,4,Baldwin Bikes,Arlena Buckner,NY,Electra Girl's Hawaii 1 (20-inch) - 2015/2016,Children Bicycles,Electra,2,299.99,0.2,479.984,12
251,01-06-2016,4,Baldwin Bikes,Arlena Buckner,NY,Electra Girl's Hawaii 1 (16-inch) - 2015/2016,Children Bicycles,Electra,2,269.99,0.05,512.981,0
252,01-06-2016,4,Rowlett Bikes,Lorrie Becker,TX,Surly Straggler 650b - 2016,Cyclocross Bicycles,Surly,2,1680.99,0.1,3025.782,30
252,01-06-2016,4,Rowlett Bikes,Lorrie Becker,TX,Trek Fuel EX 8 29 - 2016,Mountain Bikes,Trek,1,2899.99,0.07,2696.9907,11
252,01-06-2016,4,Rowlett Bikes,Lorrie Becker,TX,Pure Cycles William 3-Speed - 2016,Cruisers Bicycles,Pure Cycles,1,449,0.1,404.1,24
253,02-06-2016,4,Baldwin Bikes,Earline Gordon,NY,Surly Straggler 650b - 2016,Cyclocross Bicycles,Surly,2,1680.99,0.07,3126.6414,21
254,03-06-2016,4,Baldwin Bikes,Faustino Delacruz,NY,Surly Ice Cream Truck Frameset - 2016,Mountain Bikes,Surly,2,469.99,0.07,874.1814,11
254,03-06-2016,4,Baldwin Bikes,Faustino Delacruz,NY,Surly Wednesday Frameset - 2016,Mountain Bikes,Surly,1,999.99,0.05,949.9905,28
254,03-06-2016,4,Baldwin Bikes,Faustino Delacruz,NY,Electra Townie Original 21D - 2016,Cruisers Bicycles,Electra,1,549.99,0.05,522.4905,2
255,03-06-2016,4,Baldwin Bikes,Ophelia Rodgers,NY,Heller Shagamaw Frame - 2016,Mountain Bikes,Heller,2,1320.99,0.1,2377.782,1
255,03-06-2016,4,Baldwin Bikes,Ophelia Rodgers,NY,Electra Girl's Hawaii 1 (16-inch) - 2015/2016,Cruisers Bicycles,Electra,1,269.99,0.2,215.992,18
255,03-06-2016,4,Baldwin Bikes,Ophelia Rodgers,NY,Ritchey Timberwolf Frameset - 2016,Mountain Bikes,Ritchey,2,749.99,0.2,1199.984,16
255,03-06-2016,4,Baldwin Bikes,Ophelia Rodgers,NY,Electra Cruiser 1 (24-Inch) - 2016,Children Bicycles,Electra,1,269.99,0.07,251.0907,16
256,04-06-2016,4,Baldwin Bikes,Theo Reese,NY,Surly Straggler 650b - 2016,Cyclocross Bicycles,Surly,1,1680.99,0.1,1512.891,21
256,04-06-2016,4,Baldwin Bikes,Theo Reese,NY,Electra Cruiser 1 (24-Inch) - 2016,Children Bicycles,Electra,1,269.99,0.05,256.4905,16
257,05-06-2016,4,Santa Cruz Bikes,Joeann Garrison,CA,Trek Remedy 29 Carbon Frameset - 2016,Mountain Bikes,Trek,2,1799.99,0.07,3347.9814,0
257,05-06-2016,4,Santa Cruz Bikes,Joeann Garrison,CA,Electra Cruiser 1 (24-Inch) - 2016,Cruisers Bicycles,Electra,2,269.99,0.2,431.984,13
257,05-06-2016,4,Santa Cruz Bikes,Joeann Garrison,CA,Surly Straggler - 2016,Cyclocross Bicycles,Surly,2,1549,0.1,2788.2,15
257,05-06-2016,4,Santa Cruz Bikes,Joeann Garrison,CA,Electra Moto 1 - 2016,Cruisers Bicycles,Electra,1,529.99,0.1,476.991,3
258,06-06-2016,4,Baldwin Bikes,Cecil Hopper,NY,Trek Remedy 29 Carbon Frameset - 2016,Mountain Bikes,Trek,2,1799.99,0.05,3419.981,1
258,06-06-2016,4,Baldwin Bikes,Cecil Hopper,NY,Trek Fuel EX 8 29 - 2016,Mountain Bikes,Trek,1,2899.99,0.07,2696.9907,2
258,06-06-2016,4,Baldwin Bikes,Cecil Hopper,NY,Pure Cycles William 3-Speed - 2016,Cruisers Bicycles,Pure Cycles,1,449,0.07,417.57,15
258,06-06-2016,4,Baldwin Bikes,Cecil Hopper,NY,Pure Cycles Western 3-Speed - Women's - 2015/2016,Cruisers Bicycles,Pure Cycles,1,449,0.05,426.55,13
259,06-06-2016,4,Baldwin Bikes,Ginette Edwards,NY,Electra Townie Original 7D EQ - 2016,Comfort Bicycles,Electra,1,599.99,0.05,569.9905,2
259,06-06-2016,4,Baldwin Bikes,Ginette Edwards,NY,Surly Ice Cream Truck Frameset - 2016,Mountain Bikes,Surly,2,469.99,0.1,845.982,11
259,06-06-2016,4,Baldwin Bikes,Ginette Edwards,NY,Ritchey Timberwolf Frameset - 2016,Mountain Bikes,Ritchey,2,749.99,0.2,1199.984,16
259,06-06-2016,4,Baldwin Bikes,Ginette Edwards,NY,Trek Fuel EX 8 29 - 2016,Mountain Bikes,Trek,1,2899.99,0.1,2609.991,2
260,06-06-2016,4,Baldwin Bikes,Yvette Rogers,NY,Electra Girl's Hawaii 1 (20-inch) - 2015/2016,Children Bicycles,Electra,2,299.99,0.2,479.984,12
260,06-06-2016,4,Baldwin Bikes,Yvette Rogers,NY,Surly Straggler - 2016,Cyclocross Bicycles,Surly,1,1549,0.2,1239.2,13
260,06-06-2016,4,Baldwin Bikes,Yvette Rogers,NY,Electra Townie Original 21D - 2016,Comfort Bicycles,Electra,2,549.99,0.2,879.984,16
261,08-06-2016,4,Santa Cruz Bikes,Pasquale Hogan,CA,Electra Townie Original 7D EQ - 2016,Cruisers Bicycles,Electra,2,599.99,0.05,1139.981,4
261,08-06-2016,4,Santa Cruz Bikes,Pasquale Hogan,CA,Electra Girl's Hawaii 1 (16-inch) - 2015/2016,Cruisers Bicycles,Electra,1,269.99,0.1,242.991,8
261,08-06-2016,4,Santa Cruz Bikes,Pasquale Hogan,CA,Pure Cycles Vine 8-Speed - 2016,Cruisers Bicycles,Pure Cycles,2,429,0.1,772.2,2
262,08-06-2016,4,Rowlett Bikes,Matilda Larson,TX,Ritchey Timberwolf Frameset - 2016,Mountain Bikes,Ritchey,1,749.99,0.07,697.4907,24
262,08-06-2016,4,Rowlett Bikes,Matilda Larson,TX,Trek Conduit+ - 2016,Electric Bikes,Trek,2,2999.99,0.05,5699.981,23
263,09-06-2016,4,Baldwin Bikes,Ai Forbes,NY,Trek Conduit+ - 2016,Electric Bikes,Trek,1,2999.99,0.07,2789.9907,17
263,09-06-2016,4,Baldwin Bikes,Ai Forbes,NY,Surly Wednesday Frameset - 2016,Mountain Bikes,Surly,1,999.99,0.2,799.992,28
263,09-06-2016,4,Baldwin Bikes,Ai Forbes,NY,Ritchey Timberwolf Frameset - 2016,Mountain Bikes,Ritchey,2,749.99,0.05,1424.981,16
264,10-06-2016,3,Santa Cruz Bikes,Charolette Rice,CA,Surly Straggler - 2016,Cyclocross Bicycles,Surly,1,1549,0.2,1239.2,15
264,10-06-2016,3,Santa Cruz Bikes,Charolette Rice,CA,Electra Townie Original 21D - 2016,Comfort Bicycles,Electra,2,549.99,0.05,1044.981,10
264,10-06-2016,3,Santa Cruz Bikes,Charolette Rice,CA,Electra Moto 1 - 2016,Cruisers Bicycles,Electra,2,529.99,0.1,953.982,3
264,10-06-2016,3,Santa Cruz Bikes,Charolette Rice,CA,Surly Wednesday Frameset - 2016,Mountain Bikes,Surly,2,999.99,0.07,1859.9814,6
265,10-06-2016,4,Baldwin Bikes,Arnita Thomas,NY,Trek Conduit+ - 2016,Electric Bikes,Trek,2,2999.99,0.2,4799.984,17
266,10-06-2016,4,Baldwin Bikes,Lurline Rivers,NY,Surly Ice Cream Truck Frameset - 2016,Mountain Bikes,Surly,2,469.99,0.07,874.1814,11
266,10-06-2016,4,Baldwin Bikes,Lurline Rivers,NY,Pure Cycles William 3-Speed - 2016,Cruisers Bicycles,Pure Cycles,1,449,0.2,359.2,15
266,10-06-2016,4,Baldwin Bikes,Lurline Rivers,NY,Electra Townie Original 7D - 2015/2016,Comfort Bicycles,Electra,1,499.99,0.05,474.9905,18
267,11-06-2016,4,Santa Cruz Bikes,Randolph Chase,CA,Electra Girl's Hawaii 1 (16-inch) - 2015/2016,Children Bicycles,Electra,2,269.99,0.2,431.984,29
267,11-06-2016,4,Santa Cruz Bikes,Randolph Chase,CA,Electra Girl's Hawaii 1 (20-inch) - 2015/2016,Children Bicycles,Electra,2,299.99,0.1,539.982,9
267,11-06-2016,4,Santa Cruz Bikes,Randolph Chase,CA,Electra Townie Original 21D - 2016,Comfort Bicycles,Electra,1,549.99,0.1,494.991,10
267,11-06-2016,4,Santa Cruz Bikes,Randolph Chase,CA,Trek Slash 8 27.5 - 2016,Mountain Bikes,Trek,2,3999.99,0.07,7439.9814,8
267,11-06-2016,4,Santa Cruz Bikes,Randolph Chase,CA,Electra Cruiser 1 (24-Inch) - 2016,Children Bicycles,Electra,1,269.99,0.05,256.4905,24
268,11-06-2016,4,Santa Cruz Bikes,Shery Randolph,CA,Trek Slash 8 27.5 - 2016,Mountain Bikes,Trek,1,3999.99,0.05,3799.9905,8
268,11-06-2016,4,Santa Cruz Bikes,Shery Randolph,CA,Surly Ice Cream Truck Frameset - 2016,Mountain Bikes,Surly,2,469.99,0.2,751.984,0
268,11-06-2016,4,Santa Cruz Bikes,Shery Randolph,CA,Trek Conduit+ - 2016,Electric Bikes,Trek,1,2999.99,0.1,2699.991,11
269,12-06-2016,4,Baldwin Bikes,Terrell Mathis,NY,Heller Shagamaw Frame - 2016,Mountain Bikes,Heller,1,1320.99,0.07,1228.5207,1
269,12-06-2016,4,Baldwin Bikes,Terrell Mathis,NY,Electra Girl's Hawaii 1 (20-inch) - 2015/2016,Children Bicycles,Electra,2,299.99,0.07,557.9814,12
269,12-06-2016,4,Baldwin Bikes,Terrell Mathis,NY,Pure Cycles Western 3-Speed - Women's - 2015/2016,Cruisers Bicycles,Pure Cycles,1,449,0.05,426.55,13
269,12-06-2016,4,Baldwin Bikes,Terrell Mathis,NY,Surly Wednesday Frameset - 2016,Mountain Bikes,Surly,1,999.99,0.05,949.9905,28
270,12-06-2016,4,Baldwin Bikes,Ethelyn Ray,NY,Electra Townie Original 7D - 2015/2016,Comfort Bicycles,Electra,2,499.99,0.2,799.984,18
270,12-06-2016,4,Baldwin Bikes,Ethelyn Ray,NY,Electra Moto 1 - 2016,Cruisers Bicycles,Electra,1,529.99,0.1,476.991,6
271,13-06-2016,4,Baldwin Bikes,Christoper Mccall,NY,Surly Straggler 650b - 2016,Cyclocross Bicycles,Surly,2,1680.99,0.07,3126.6414,21
271,13-06-2016,4,Baldwin Bikes,Christoper Mccall,NY,Surly Ice Cream Truck Frameset - 2016,Mountain Bikes,Surly,2,469.99,0.05,892.981,11
271,13-06-2016,4,Baldwin Bikes,Christoper Mccall,NY,Electra Cruiser 1 (24-Inch) - 2016,Cruisers Bicycles,Electra,1,269.99,0.1,242.991,1
271,13-06-2016,4,Baldwin Bikes,Christoper Mccall,NY,Trek Slash 8 27.5 - 2016,Mountain Bikes,Trek,2,3999.99,0.1,7199.982,8
272,15-06-2016,4,Baldwin Bikes,Ezra Fowler,NY,Ritchey Timberwolf Frameset - 2016,Mountain Bikes,Ritchey,2,749.99,0.07,1394.9814,16
272,15-06-2016,4,Baldwin Bikes,Ezra Fowler,NY,Surly Straggler 650b - 2016,Cyclocross Bicycles,Surly,1,1680.99,0.07,1563.3207,21
273,16-06-2016,4,Baldwin Bikes,Tona Velasquez,NY,Electra Cruiser 1 (24-Inch) - 2016,Children Bicycles,Electra,1,269.99,0.1,242.991,16
274,17-06-2016,4,Baldwin Bikes,Octavia Case,NY,Surly Straggler 650b - 2016,Cyclocross Bicycles,Surly,2,1680.99,0.05,3193.881,21
274,17-06-2016,4,Baldwin Bikes,Octavia Case,NY,Electra Townie Original 7D - 2015/2016,Comfort Bicycles,Electra,2,499.99,0.1,899.982,18
274,17-06-2016,4,Baldwin Bikes,Octavia Case,NY,Trek Conduit+ - 2016,Electric Bikes,Trek,2,2999.99,0.07,5579.9814,17
275,17-06-2016,4,Baldwin Bikes,Rozanne Reyes,NY,Pure Cycles Western 3-Speed - Women's - 2015/2016,Cruisers Bicycles,Pure Cycles,1,449,0.05,426.55,13
275,17-06-2016,4,Baldwin Bikes,Rozanne Reyes,NY,Electra Townie Original 7D - 2015/2016,Comfort Bicycles,Electra,1,499.99,0.1,449.991,18
275,17-06-2016,4,Baldwin Bikes,Rozanne Reyes,NY,Trek Slash 8 27.5 - 2016,Mountain Bikes,Trek,2,3999.99,0.05,7599.981,8
276,18-06-2016,4,Baldwin Bikes,Magali Dixon,NY,Surly Wednesday Frameset - 2016,Mountain Bikes,Surly,2,999.99,0.2,1599.984,28
276,18-06-2016,4,Baldwin Bikes,Magali Dixon,NY,Pure Cycles Vine 8-Speed - 2016,Cruisers Bicycles,Pure Cycles,1,429,0.05,407.55,3
276,18-06-2016,4,Baldwin Bikes,Magali Dixon,NY,Trek Conduit+ - 2016,Electric Bikes,Trek,2,2999.99,0.07,5579.9814,17
277,19-06-2016,4,Baldwin Bikes,Thad Castro,NY,Electra Townie Original 7D EQ - Women's - 2016,Cruisers Bicycles,Electra,2,599.99,0.2,959.984,20
277,19-06-2016,4,Baldwin Bikes,Thad Castro,NY,Surly Ice Cream Truck Frameset - 2016,Mountain Bikes,Surly,2,469.99,0.2,751.984,11
277,19-06-2016,4,Baldwin Bikes,Thad Castro,NY,Electra Cruiser 1 (24-Inch) - 2016,Cruisers Bicycles,Electra,2,269.99,0.1,485.982,1
278,20-06-2016,4,Santa Cruz Bikes,Raven Curtis,CA,Electra Townie Original 7D EQ - 2016,Cruisers Bicycles,Electra,1,599.99,0.2,479.992,4
278,20-06-2016,4,Santa Cruz Bikes,Raven Curtis,CA,Pure Cycles William 3-Speed - 2016,Cruisers Bicycles,Pure Cycles,2,449,0.07,835.14,4
278,20-06-2016,4,Santa Cruz Bikes,Raven Curtis,CA,Electra Cruiser 1 (24-Inch) - 2016,Cruisers Bicycles,Electra,1,269.99,0.07,251.0907,13
278,20-06-2016,4,Santa Cruz Bikes,Raven Curtis,CA,Surly Straggler 650b - 2016,Cyclocross Bicycles,Surly,2,1680.99,0.07,3126.6414,8
279,21-06-2016,4,Baldwin Bikes,Rosalba O'neal,NY,Electra Townie Original 7D - 2015/2016,Comfort Bicycles,Electra,1,499.99,0.07,464.9907,18
280,21-06-2016,4,Baldwin Bikes,Tomeka Higgins,NY,Electra Townie Original 7D - 2015/2016,Comfort Bicycles,Electra,1,499.99,0.07,464.9907,18
280,21-06-2016,4,Baldwin Bikes,Tomeka Higgins,NY,Electra Townie Original 7D EQ - 2016,Comfort Bicycles,Electra,2,599.99,0.07,1115.9814,2
280,21-06-2016,4,Baldwin Bikes,Tomeka Higgins,NY,Electra Cruiser 1 (24-Inch) - 2016,Cruisers Bicycles,Electra,1,269.99,0.07,251.0907,1
281,21-06-2016,4,Baldwin Bikes,Cris Dunn,NY,Electra Girl's Hawaii 1 (16-inch) - 2015/2016,Children Bicycles,Electra,1,269.99,0.07,251.0907,0
281,21-06-2016,4,Baldwin Bikes,Cris Dunn,NY,Electra Girl's Hawaii 1 (16-inch) - 2015/2016,Cruisers Bicycles,Electra,2,269.99,0.1,485.982,18
281,21-06-2016,4,Baldwin Bikes,Cris Dunn,NY,Trek Slash 8 27.5 - 2016,Mountain Bikes,Trek,2,3999.99,0.07,7439.9814,8
282,22-06-2016,4,Rowlett Bikes,Regina Burns,TX,Electra Townie Original 7D EQ - Women's - 2016,Cruisers Bicycles,Electra,1,599.99,0.07,557.9907,19
282,22-06-2016,4,Rowlett Bikes,Regina Burns,TX,Trek Slash 8 27.5 - 2016,Mountain Bikes,Trek,2,3999.99,0.07,7439.9814,12
282,22-06-2016,4,Rowlett Bikes,Regina Burns,TX,Surly Wednesday Frameset - 2016,Mountain Bikes,Surly,2,999.99,0.05,1899.981,0
282,22-06-2016,4,Rowlett Bikes,Regina Burns,TX,Electra Townie Original 7D EQ - 2016,Cruisers Bicycles,Electra,2,599.99,0.07,1115.9814,19
283,23-06-2016,4,Santa Cruz Bikes,Olevia Pitts,CA,Trek Conduit+ - 2016,Electric Bikes,Trek,1,2999.99,0.05,2849.9905,11
283,23-06-2016,4,Santa Cruz Bikes,Olevia Pitts,CA,Electra Townie Original 7D EQ - 2016,Cruisers Bicycles,Electra,2,599.99,0.2,959.984,4
284,23-06-2016,4,Baldwin Bikes,Inger Jennings,NY,Electra Townie Original 21D - 2016,Comfort Bicycles,Electra,2,549.99,0.2,879.984,16
284,23-06-2016,4,Baldwin Bikes,Inger Jennings,NY,Electra Townie Original 7D EQ - Women's - 2016,Cruisers Bicycles,Electra,1,599.99,0.2,479.992,20
285,25-06-2016,4,Santa Cruz Bikes,Justin Newton,CA,Electra Townie Original 7D EQ - 2016,Cruisers Bicycles,Electra,2,599.99,0.05,1139.981,4
285,25-06-2016,4,Santa Cruz Bikes,Justin Newton,CA,Electra Townie Original 21D - 2016,Cruisers Bicycles,Electra,1,549.99,0.05,522.4905,16
285,25-06-2016,4,Santa Cruz Bikes,Justin Newton,CA,Ritchey Timberwolf Frameset - 2016,Mountain Bikes,Ritchey,1,749.99,0.1,674.991,5
286,25-06-2016,4,Baldwin Bikes,Latasha Stanley,NY,Electra Townie Original 7D EQ - 2016,Comfort Bicycles,Electra,2,599.99,0.2,959.984,2
286,25-06-2016,4,Baldwin Bikes,Latasha Stanley,NY,Electra Cruiser 1 (24-Inch) - 2016,Children Bicycles,Electra,2,269.99,0.07,502.1814,16
286,25-06-2016,4,Baldwin Bikes,Latasha Stanley,NY,Electra Townie Original 7D EQ - 2016,Cruisers Bicycles,Electra,2,599.99,0.1,1079.982,20
286,25-06-2016,4,Baldwin Bikes,Latasha Stanley,NY,Trek Slash 8 27.5 - 2016,Mountain Bikes,Trek,1,3999.99,0.1,3599.991,8
287,25-06-2016,4,Baldwin Bikes,Delbert Wilkins,NY,Heller Shagamaw Frame - 2016,Mountain Bikes,Heller,1,1320.99,0.2,1056.792,1
287,25-06-2016,4,Baldwin Bikes,Delbert Wilkins,NY,Surly Straggler - 2016,Cyclocross Bicycles,Surly,1,1549,0.05,1471.55,13
287,25-06-2016,4,Baldwin Bikes,Delbert Wilkins,NY,Ritchey Timberwolf Frameset - 2016,Mountain Bikes,Ritchey,1,749.99,0.05,712.4905,16
287,25-06-2016,4,Baldwin Bikes,Delbert Wilkins,NY,Electra Townie Original 7D EQ - Women's - 2016,Cruisers Bicycles,Electra,1,599.99,0.05,569.9905,20
288,25-06-2016,4,Baldwin Bikes,Ouida Gregory,NY,Trek Fuel EX 8 29 - 2016,Mountain Bikes,Trek,1,2899.99,0.2,2319.992,2
288,25-06-2016,4,Baldwin Bikes,Ouida Gregory,NY,Surly Straggler - 2016,Cyclocross Bicycles,Surly,1,1549,0.1,1394.1,13
288,25-06-2016,4,Baldwin Bikes,Ouida Gregory,NY,Trek Slash 8 27.5 - 2016,Mountain Bikes,Trek,2,3999.99,0.05,7599.981,8
289,27-06-2016,4,Baldwin Bikes,Phyllis Hill,NY,Electra Cruiser 1 (24-Inch) - 2016,Cruisers Bicycles,Electra,1,269.99,0.07,251.0907,1
289,27-06-2016,4,Baldwin Bikes,Phyllis Hill,NY,Electra Townie Original 21D - 2016,Comfort Bicycles,Electra,1,549.99,0.2,439.992,16
289,27-06-2016,4,Baldwin Bikes,Phyllis Hill,NY,Pure Cycles Vine 8-Speed - 2016,Cruisers Bicycles,Pure Cycles,1,429,0.2,343.2,3
290,28-06-2016,4,Baldwin Bikes,Marni Bolton,NY,Ritchey Timberwolf Frameset - 2016,Mountain Bikes,Ritchey,2,749.99,0.07,1394.9814,16
290,28-06-2016,4,Baldwin Bikes,Marni Bolton,NY,Heller Shagamaw Frame - 2016,Mountain Bikes,Heller,2,1320.99,0.07,2457.0414,1
290,28-06-2016,4,Baldwin Bikes,Marni Bolton,NY,Electra Cruiser 1 (24-Inch) - 2016,Children Bicycles,Electra,1,269.99,0.1,242.991,16
291,29-06-2016,4,Baldwin Bikes,Alane Kennedy,NY,Surly Ice Cream Truck Frameset - 2016,Mountain Bikes,Surly,2,469.99,0.05,892.981,11
291,29-06-2016,4,Baldwin Bikes,Alane Kennedy,NY,Electra Cruiser 1 (24-Inch) - 2016,Children Bicycles,Electra,2,269.99,0.07,502.1814,16
292,29-06-2016,4,Rowlett Bikes,Van Peters,TX,Pure Cycles Western 3-Speed - Women's - 2015/2016,Cruisers Bicycles,Pure Cycles,2,449,0.1,808.2,5
292,29-06-2016,4,Rowlett Bikes,Van Peters,TX,Trek Fuel EX 8 29 - 2016,Mountain Bikes,Trek,1,2899.99,0.07,2696.9907,11
292,29-06-2016,4,Rowlett Bikes,Van Peters,TX,Surly Straggler - 2016,Cyclocross Bicycles,Surly,2,1549,0.05,2943.1,21
293,30-06-2016,4,Baldwin Bikes,Rubye Mccall,NY,Pure Cycles William 3-Speed - 2016,Cruisers Bicycles,Pure Cycles,2,449,0.05,853.1,15
293,30-06-2016,4,Baldwin Bikes,Rubye Mccall,NY,Surly Ice Cream Truck Frameset - 2016,Mountain Bikes,Surly,1,469.99,0.2,375.992,11
294,01-07-2016,4,Baldwin Bikes,Lavona Austin,NY,Pure Cycles Western 3-Speed - Women's - 2015/2016,Cruisers Bicycles,Pure Cycles,1,449,0.2,359.2,13
294,01-07-2016,4,Baldwin Bikes,Lavona Austin,NY,Electra Girl's Hawaii 1 (16-inch) - 2015/2016,Cruisers Bicycles,Electra,1,269.99,0.2,215.992,18
294,01-07-2016,4,Baldwin Bikes,Lavona Austin,NY,Trek Slash 8 27.5 - 2016,Mountain Bikes,Trek,2,3999.99,0.05,7599.981,8
294,01-07-2016,4,Baldwin Bikes,Lavona Austin,NY,Electra Townie Original 7D - 2015/2016,Comfort Bicycles,Electra,2,499.99,0.2,799.984,18
295,01-07-2016,4,Baldwin Bikes,Benny Bender,NY,Electra Girl's Hawaii 1 (16-inch) - 2015/2016,Children Bicycles,Electra,2,269.99,0.07,502.1814,0
296,04-07-2016,4,Baldwin Bikes,Gabriela Warren,NY,Electra Townie Original 7D - 2015/2016,Comfort Bicycles,Electra,2,499.99,0.07,929.9814,18
296,04-07-2016,4,Baldwin Bikes,Gabriela Warren,NY,Electra Townie Original 21D - 2016,Cruisers Bicycles,Electra,2,549.99,0.1,989.982,2
296,04-07-2016,4,Baldwin Bikes,Gabriela Warren,NY,Surly Straggler 650b - 2016,Cyclocross Bicycles,Surly,2,1680.99,0.1,3025.782,21
296,04-07-2016,4,Baldwin Bikes,Gabriela Warren,NY,Trek Conduit+ - 2016,Electric Bikes,Trek,1,2999.99,0.2,2399.992,17
297,04-07-2016,4,Baldwin Bikes,Justina Jenkins,NY,Trek Fuel EX 8 29 - 2016,Mountain Bikes,Trek,2,2899.99,0.2,4639.984,2
298,04-07-2016,4,Rowlett Bikes,Janna Hayden,TX,Electra Girl's Hawaii 1 (20-inch) - 2015/2016,Children Bicycles,Electra,1,299.99,0.2,239.992,8
298,04-07-2016,4,Rowlett Bikes,Janna Hayden,TX,Surly Ice Cream Truck Frameset - 2016,Mountain Bikes,Surly,2,469.99,0.05,892.981,27
298,04-07-2016,4,Rowlett Bikes,Janna Hayden,TX,Electra Girl's Hawaii 1 (16-inch) - 2015/2016,Children Bicycles,Electra,1,269.99,0.2,215.992,20
298,04-07-2016,4,Rowlett Bikes,Janna Hayden,TX,Trek Conduit+ - 2016,Electric Bikes,Trek,1,2999.99,0.07,2789.9907,23
298,04-07-2016,4,Rowlett Bikes,Janna Hayden,TX,Electra Girl's Hawaii 1 (16-inch) - 2015/2016,Cruisers Bicycles,Electra,2,269.99,0.1,485.982,4
299,05-07-2016,4,Baldwin Bikes,Rayna Perry,NY,Surly Straggler 650b - 2016,Cyclocross Bicycles,Surly,2,1680.99,0.05,3193.881,21
299,05-07-2016,4,Baldwin Bikes,Rayna Perry,NY,Surly Straggler - 2016,Cyclocross Bicycles,Surly,2,1549,0.2,2478.4,13
300,05-07-2016,4,Baldwin Bikes,Emmaline Huber,NY,Electra Townie Original 7D EQ - 2016,Cruisers Bicycles,Electra,2,599.99,0.1,1079.982,20
300,05-07-2016,4,Baldwin Bikes,Emmaline Huber,NY,Trek Conduit+ - 2016,Electric Bikes,Trek,2,2999.99,0.1,5399.982,17
300,05-07-2016,4,Baldwin Bikes,Emmaline Huber,NY,Surly Straggler - 2016,Cyclocross Bicycles,Surly,1,1549,0.1,1394.1,13
300,05-07-2016,4,Baldwin Bikes,Emmaline Huber,NY,Surly Straggler 650b - 2016,Cyclocross Bicycles,Surly,2,1680.99,0.2,2689.584,21
301,06-07-2016,4,Baldwin Bikes,Caren Stephens,NY,Surly Ice Cream Truck Frameset - 2016,Mountain Bikes,Surly,1,469.99,0.05,446.4905,11
301,06-07-2016,4,Baldwin Bikes,Caren Stephens,NY,Electra Girl's Hawaii 1 (16-inch) - 2015/2016,Children Bicycles,Electra,1,269.99,0.1,242.991,0
302,06-07-2016,4,Baldwin Bikes,Carlena Salinas,NY,Electra Townie Original 21D - 2016,Comfort Bicycles,Electra,2,549.99,0.2,879.984,16
302,06-07-2016,4,Baldwin Bikes,Carlena Salinas,NY,Pure Cycles Western 3-Speed - Women's - 2015/2016,Cruisers Bicycles,Pure Cycles,2,449,0.07,835.14,13
302,06-07-2016,4,Baldwin Bikes,Carlena Salinas,NY,Ritchey Timberwolf Frameset - 2016,Mountain Bikes,Ritchey,2,749.99,0.2,1199.984,16
303,07-07-2016,4,Baldwin Bikes,Bernita Mcdaniel,NY,Trek Remedy 29 Carbon Frameset - 2016,Mountain Bikes,Trek,2,1799.99,0.05,3419.981,1
303,07-07-2016,4,Baldwin Bikes,Bernita Mcdaniel,NY,Electra Townie Original 21D - 2016,Comfort Bicycles,Electra,2,549.99,0.05,1044.981,16
304,07-07-2016,4,Baldwin Bikes,Chelsey Hardin,NY,Surly Straggler - 2016,Cyclocross Bicycles,Surly,1,1549,0.05,1471.55,13
304,07-07-2016,4,Baldwin Bikes,Chelsey Hardin,NY,Trek Slash 8 27.5 - 2016,Mountain Bikes,Trek,2,3999.99,0.1,7199.982,8
304,07-07-2016,4,Baldwin Bikes,Chelsey Hardin,NY,Electra Townie Original 7D EQ - Women's - 2016,Cruisers Bicycles,Electra,1,599.99,0.1,539.991,20
305,07-07-2016,4,Baldwin Bikes,Camille Harvey,NY,Surly Straggler - 2016,Cyclocross Bicycles,Surly,1,1549,0.07,1440.57,13
305,07-07-2016,4,Baldwin Bikes,Camille Harvey,NY,Surly Ice Cream Truck Frameset - 2016,Mountain Bikes,Surly,1,469.99,0.1,422.991,11
305,07-07-2016,4,Baldwin Bikes,Camille Harvey,NY,Surly Wednesday Frameset - 2016,Mountain Bikes,Surly,2,999.99,0.2,1599.984,28
306,09-07-2016,4,Baldwin Bikes,Charleen Hurst,NY,Surly Straggler - 2016,Cyclocross Bicycles,Surly,1,1549,0.2,1239.2,13
306,09-07-2016,4,Baldwin Bikes,Charleen Hurst,NY,Electra Girl's Hawaii 1 (16-inch) - 2015/2016,Children Bicycles,Electra,1,269.99,0.07,251.0907,0
307,09-07-2016,4,Baldwin Bikes,Christoper Gould,NY,Electra Moto 1 - 2016,Cruisers Bicycles,Electra,2,529.99,0.05,1006.981,6
308,11-07-2016,4,Baldwin Bikes,Charlyn Cantrell,NY,Trek Slash 8 27.5 - 2016,Mountain Bikes,Trek,1,3999.99,0.1,3599.991,8
308,11-07-2016,4,Baldwin Bikes,Charlyn Cantrell,NY,Pure Cycles Western 3-Speed - Women's - 2015/2016,Cruisers Bicycles,Pure Cycles,2,449,0.2,718.4,13
308,11-07-2016,4,Baldwin Bikes,Charlyn Cantrell,NY,Electra Girl's Hawaii 1 (16-inch) - 2015/2016,Cruisers Bicycles,Electra,1,269.99,0.2,215.992,18
309,11-07-2016,4,Baldwin Bikes,Gilma Dejesus,NY,Surly Wednesday Frameset - 2016,Mountain Bikes,Surly,1,999.99,0.05,949.9905,28
309,11-07-2016,4,Baldwin Bikes,Gilma Dejesus,NY,Electra Townie Original 21D - 2016,Cruisers Bicycles,Electra,1,549.99,0.05,522.4905,2
310,12-07-2016,4,Santa Cruz Bikes,Deloris Larson,CA,Trek Slash 8 27.5 - 2016,Mountain Bikes,Trek,2,3999.99,0.07,7439.9814,8
310,12-07-2016,4,Santa Cruz Bikes,Deloris Larson,CA,Electra Girl's Hawaii 1 (16-inch) - 2015/2016,Cruisers Bicycles,Electra,2,269.99,0.1,485.982,8
310,12-07-2016,4,Santa Cruz Bikes,Deloris Larson,CA,Heller Shagamaw Frame - 2016,Mountain Bikes,Heller,2,1320.99,0.2,2113.584,22
310,12-07-2016,4,Santa Cruz Bikes,Deloris Larson,CA,Trek Remedy 29 Carbon Frameset - 2016,Mountain Bikes,Trek,1,1799.99,0.2,1439.992,0
311,12-07-2016,4,Baldwin Bikes,Shayla Hart,NY,Pure Cycles Vine 8-Speed - 2016,Cruisers Bicycles,Pure Cycles,2,429,0.05,815.1,3
311,12-07-2016,4,Baldwin Bikes,Shayla Hart,NY,Heller Shagamaw Frame - 2016,Mountain Bikes,Heller,2,1320.99,0.2,2113.584,1
312,13-07-2016,4,Baldwin Bikes,Jame Riggs,NY,Electra Townie Original 21D - 2016,Comfort Bicycles,Electra,2,549.99,0.05,1044.981,16
312,13-07-2016,4,Baldwin Bikes,Jame Riggs,NY,Electra Girl's Hawaii 1 (16-inch) - 2015/2016,Cruisers Bicycles,Electra,2,269.99,0.07,502.1814,18
312,13-07-2016,4,Baldwin Bikes,Jame Riggs,NY,Electra Townie Original 7D EQ - 2016,Cruisers Bicycles,Electra,2,599.99,0.05,1139.981,20
313,14-07-2016,4,Rowlett Bikes,Dagny Owen,TX,Trek Fuel EX 8 29 - 2016,Mountain Bikes,Trek,1,2899.99,0.07,2696.9907,11
313,14-07-2016,4,Rowlett Bikes,Dagny Owen,TX,Surly Straggler - 2016,Cyclocross Bicycles,Surly,2,1549,0.07,2881.14,21
314,15-07-2016,4,Baldwin Bikes,Janie Herrera,NY,Heller Shagamaw Frame - 2016,Mountain Bikes,Heller,1,1320.99,0.07,1228.5207,1
314,15-07-2016,4,Baldwin Bikes,Janie Herrera,NY,Trek Conduit+ - 2016,Electric Bikes,Trek,1,2999.99,0.05,2849.9905,17
314,15-07-2016,4,Baldwin Bikes,Janie Herrera,NY,Electra Girl's Hawaii 1 (16-inch) - 2015/2016,Children Bicycles,Electra,2,269.99,0.2,431.984,0
314,15-07-2016,4,Baldwin Bikes,Janie Herrera,NY,Trek Slash 8 27.5 - 2016,Mountain Bikes,Trek,2,3999.99,0.07,7439.9814,8
315,16-07-2016,4,Baldwin Bikes,Rufina Chandler,NY,Surly Straggler 650b - 2016,Cyclocross Bicycles,Surly,1,1680.99,0.2,1344.792,21
315,16-07-2016,4,Baldwin Bikes,Rufina Chandler,NY,Trek Conduit+ - 2016,Electric Bikes,Trek,1,2999.99,0.1,2699.991,17
316,17-07-2016,4,Baldwin Bikes,Shawnda Glover,NY,Ritchey Timberwolf Frameset - 2016,Mountain Bikes,Ritchey,2,749.99,0.2,1199.984,16
316,17-07-2016,4,Baldwin Bikes,Shawnda Glover,NY,Electra Townie Original 7D EQ - 2016,Cruisers Bicycles,Electra,2,599.99,0.1,1079.982,20
316,17-07-2016,4,Baldwin Bikes,Shawnda Glover,NY,Electra Townie Original 7D EQ - Women's - 2016,Cruisers Bicycles,Electra,1,599.99,0.1,539.991,20
316,17-07-2016,4,Baldwin Bikes,Shawnda Glover,NY,Pure Cycles William 3-Speed - 2016,Cruisers Bicycles,Pure Cycles,1,449,0.2,359.2,15
316,17-07-2016,4,Baldwin Bikes,Shawnda Glover,NY,Pure Cycles Vine 8-Speed - 2016,Cruisers Bicycles,Pure Cycles,1,429,0.05,407.55,3
317,17-07-2016,4,Baldwin Bikes,Mariam Miranda,NY,Surly Straggler - 2016,Cyclocross Bicycles,Surly,1,1549,0.2,1239.2,13
317,17-07-2016,4,Baldwin Bikes,Mariam Miranda,NY,Electra Girl's Hawaii 1 (16-inch) - 2015/2016,Children Bicycles,Electra,1,269.99,0.05,256.4905,0
317,17-07-2016,4,Baldwin Bikes,Mariam Miranda,NY,Electra Moto 1 - 2016,Cruisers Bicycles,Electra,1,529.99,0.05,503.4905,6
317,17-07-2016,4,Baldwin Bikes,Mariam Miranda,NY,Electra Cruiser 1 (24-Inch) - 2016,Cruisers Bicycles,Electra,2,269.99,0.2,431.984,1
318,17-07-2016,4,Baldwin Bikes,Mallie Osborn,NY,Electra Cruiser 1 (24-Inch) - 2016,Cruisers Bicycles,Electra,2,269.99,0.1,485.982,1
318,17-07-2016,4,Baldwin Bikes,Mallie Osborn,NY,Electra Townie Original 7D - 2015/2016,Comfort Bicycles,Electra,2,499.99,0.2,799.984,18
318,17-07-2016,4,Baldwin Bikes,Mallie Osborn,NY,Trek Conduit+ - 2016,Electric Bikes,Trek,1,2999.99,0.05,2849.9905,17
319,18-07-2016,4,Baldwin Bikes,Danyell Dickerson,NY,Surly Straggler 650b - 2016,Cyclocross Bicycles,Surly,1,1680.99,0.07,1563.3207,21
319,18-07-2016,4,Baldwin Bikes,Danyell Dickerson,NY,Electra Cruiser 1 (24-Inch) - 2016,Children Bicycles,Electra,1,269.99,0.2,215.992,16
319,18-07-2016,4,Baldwin Bikes,Danyell Dickerson,NY,Electra Moto 1 - 2016,Cruisers Bicycles,Electra,2,529.99,0.1,953.982,6
319,18-07-2016,4,Baldwin Bikes,Danyell Dickerson,NY,Electra Girl's Hawaii 1 (20-inch) - 2015/2016,Children Bicycles,Electra,1,299.99,0.05,284.9905,12
320,19-07-2016,4,Santa Cruz Bikes,Carola Johns,CA,Ritchey Timberwolf Frameset - 2016,Mountain Bikes,Ritchey,1,749.99,0.1,674.991,5
321,19-07-2016,4,Baldwin Bikes,Arcelia Vinson,NY,Trek Fuel EX 8 29 - 2016,Mountain Bikes,Trek,2,2899.99,0.2,4639.984,2
321,19-07-2016,4,Baldwin Bikes,Arcelia Vinson,NY,Electra Townie Original 21D - 2016,Cruisers Bicycles,Electra,2,549.99,0.2,879.984,2
321,19-07-2016,4,Baldwin Bikes,Arcelia Vinson,NY,Electra Townie Original 7D EQ - 2016,Comfort Bicycles,Electra,1,599.99,0.2,479.992,2
321,19-07-2016,4,Baldwin Bikes,Arcelia Vinson,NY,Electra Girl's Hawaii 1 (20-inch) - 2015/2016,Children Bicycles,Electra,2,299.99,0.2,479.984,12
322,19-07-2016,4,Baldwin Bikes,Lea Irwin,NY,Electra Cruiser 1 (24-Inch) - 2016,Cruisers Bicycles,Electra,2,269.99,0.2,431.984,1
322,19-07-2016,4,Baldwin Bikes,Lea Irwin,NY,Electra Cruiser 1 (24-Inch) - 2016,Children Bicycles,Electra,1,269.99,0.07,251.0907,16
323,19-07-2016,4,Baldwin Bikes,Heide Reed,NY,Electra Cruiser 1 (24-Inch) - 2016,Cruisers Bicycles,Electra,2,269.99,0.07,502.1814,1
323,19-07-2016,4,Baldwin Bikes,Heide Reed,NY,Electra Townie Original 7D EQ - 2016,Comfort Bicycles,Electra,2,599.99,0.1,1079.982,2
324,20-07-2016,4,Baldwin Bikes,Garland Weaver,NY,Ritchey Timberwolf Frameset - 2016,Mountain Bikes,Ritchey,2,749.99,0.1,1349.982,16
324,20-07-2016,4,Baldwin Bikes,Garland Weaver,NY,Pure Cycles Vine 8-Speed - 2016,Cruisers Bicycles,Pure Cycles,1,429,0.2,343.2,3
324,20-07-2016,4,Baldwin Bikes,Garland Weaver,NY,Electra Girl's Hawaii 1 (16-inch) - 2015/2016,Children Bicycles,Electra,2,269.99,0.2,431.984,0
324,20-07-2016,4,Baldwin Bikes,Garland Weaver,NY,Pure Cycles William 3-Speed - 2016,Cruisers Bicycles,Pure Cycles,1,449,0.05,426.55,15
324,20-07-2016,4,Baldwin Bikes,Garland Weaver,NY,Electra Townie Original 21D - 2016,Cruisers Bicycles,Electra,1,549.99,0.05,522.4905,2
325,20-07-2016,4,Baldwin Bikes,Ernestina Skinner,NY,Trek Slash 8 27.5 - 2016,Mountain Bikes,Trek,1,3999.99,0.05,3799.9905,8
325,20-07-2016,4,Baldwin Bikes,Ernestina Skinner,NY,Electra Townie Original 21D - 2016,Cruisers Bicycles,Electra,1,549.99,0.2,439.992,2
325,20-07-2016,4,Baldwin Bikes,Ernestina Skinner,NY,Surly Ice Cream Truck Frameset - 2016,Mountain Bikes,Surly,2,469.99,0.2,751.984,11
326,20-07-2016,4,Rowlett Bikes,Bernetta Summers,TX,Electra Townie Original 21D - 2016,Cruisers Bicycles,Electra,1,549.99,0.1,494.991,30
326,20-07-2016,4,Rowlett Bikes,Bernetta Summers,TX,Electra Girl's Hawaii 1 (20-inch) - 2015/2016,Children Bicycles,Electra,1,299.99,0.07,278.9907,8
327,21-07-2016,4,Baldwin Bikes,Tiesha Daniel,NY,Electra Townie Original 21D - 2016,Cruisers Bicycles,Electra,2,549.99,0.07,1022.9814,2
327,21-07-2016,4,Baldwin Bikes,Tiesha Daniel,NY,Electra Cruiser 1 (24-Inch) - 2016,Cruisers Bicycles,Electra,1,269.99,0.07,251.0907,1
327,21-07-2016,4,Baldwin Bikes,Tiesha Daniel,NY,Trek Fuel EX 8 29 - 2016,Mountain Bikes,Trek,1,2899.99,0.05,2754.9905,2
328,23-07-2016,4,Baldwin Bikes,Angele Schroeder,NY,Surly Ice Cream Truck Frameset - 2016,Mountain Bikes,Surly,2,469.99,0.1,845.982,11
329,24-07-2016,4,Baldwin Bikes,Josh Shaw,NY,Electra Girl's Hawaii 1 (16-inch) - 2015/2016,Cruisers Bicycles,Electra,2,269.99,0.07,502.1814,18
329,24-07-2016,4,Baldwin Bikes,Josh Shaw,NY,Trek Remedy 29 Carbon Frameset - 2016,Mountain Bikes,Trek,2,1799.99,0.05,3419.981,1
329,24-07-2016,4,Baldwin Bikes,Josh Shaw,NY,Electra Girl's Hawaii 1 (20-inch) - 2015/2016,Children Bicycles,Electra,1,299.99,0.2,239.992,12
329,24-07-2016,4,Baldwin Bikes,Josh Shaw,NY,Pure Cycles Vine 8-Speed - 2016,Cruisers Bicycles,Pure Cycles,1,429,0.07,398.97,3
329,24-07-2016,4,Baldwin Bikes,Josh Shaw,NY,Electra Townie Original 7D EQ - 2016,Comfort Bicycles,Electra,2,599.99,0.05,1139.981,2
330,24-07-2016,4,Baldwin Bikes,Gabriel Pitts,NY,Electra Cruiser 1 (24-Inch) - 2016,Children Bicycles,Electra,2,269.99,0.05,512.981,16
331,24-07-2016,4,Baldwin Bikes,Yang Roth,NY,Pure Cycles Vine 8-Speed - 2016,Cruisers Bicycles,Pure Cycles,2,429,0.1,772.2,3
332,24-07-2016,4,Baldwin Bikes,Antonetta Rocha,NY,Pure Cycles Western 3-Speed - Women's - 2015/2016,Cruisers Bicycles,Pure Cycles,2,449,0.05,853.1,13
333,25-07-2016,4,Baldwin Bikes,Major Merrill,NY,Pure Cycles Western 3-Speed - Women's - 2015/2016,Cruisers Bicycles,Pure Cycles,2,449,0.07,835.14,13
333,25-07-2016,4,Baldwin Bikes,Major Merrill,NY,Trek Remedy 29 Carbon Frameset - 2016,Mountain Bikes,Trek,2,1799.99,0.05,3419.981,1
333,25-07-2016,4,Baldwin Bikes,Major Merrill,NY,Surly Wednesday Frameset - 2016,Mountain Bikes,Surly,1,999.99,0.2,799.992,28
334,25-07-2016,4,Baldwin Bikes,Hollis Rasmussen,NY,Electra Townie Original 7D EQ - 2016,Cruisers Bicycles,Electra,2,599.99,0.2,959.984,20
334,25-07-2016,4,Baldwin Bikes,Hollis Rasmussen,NY,Trek Conduit+ - 2016,Electric Bikes,Trek,1,2999.99,0.05,2849.9905,17
334,25-07-2016,4,Baldwin Bikes,Hollis Rasmussen,NY,Surly Wednesday Frameset - 2016,Mountain Bikes,Surly,2,999.99,0.05,1899.981,28
335,25-07-2016,4,Baldwin Bikes,Phebe Soto,NY,Surly Ice Cream Truck Frameset - 2016,Mountain Bikes,Surly,1,469.99,0.1,422.991,11
335,25-07-2016,4,Baldwin Bikes,Phebe Soto,NY,Ritchey Timberwolf Frameset - 2016,Mountain Bikes,Ritchey,2,749.99,0.1,1349.982,16
335,25-07-2016,4,Baldwin Bikes,Phebe Soto,NY,Electra Cruiser 1 (24-Inch) - 2016,Children Bicycles,Electra,1,269.99,0.07,251.0907,16
336,26-07-2016,4,Baldwin Bikes,Saran Moses,NY,Trek Fuel EX 8 29 - 2016,Mountain Bikes,Trek,1,2899.99,0.1,2609.991,2
336,26-07-2016,4,Baldwin Bikes,Saran Moses,NY,Electra Townie Original 21D - 2016,Cruisers Bicycles,Electra,1,549.99,0.2,439.992,2
337,26-07-2016,4,Baldwin Bikes,Adriene Rollins,NY,Pure Cycles Western 3-Speed - Women's - 2015/2016,Cruisers Bicycles,Pure Cycles,1,449,0.05,426.55,13
337,26-07-2016,4,Baldwin Bikes,Adriene Rollins,NY,Trek Fuel EX 8 29 - 2016,Mountain Bikes,Trek,1,2899.99,0.05,2754.9905,2
338,28-07-2016,4,Santa Cruz Bikes,Omega Huff,CA,Surly Ice Cream Truck Frameset - 2016,Mountain Bikes,Surly,2,469.99,0.07,874.1814,0
338,28-07-2016,4,Santa Cruz Bikes,Omega Huff,CA,Surly Straggler - 2016,Cyclocross Bicycles,Surly,1,1549,0.07,1440.57,15
338,28-07-2016,4,Santa Cruz Bikes,Omega Huff,CA,Electra Girl's Hawaii 1 (16-inch) - 2015/2016,Children Bicycles,Electra,1,269.99,0.1,242.991,29
338,28-07-2016,4,Santa Cruz Bikes,Omega Huff,CA,Surly Straggler 650b - 2016,Cyclocross Bicycles,Surly,2,1680.99,0.07,3126.6414,8
338,28-07-2016,4,Santa Cruz Bikes,Omega Huff,CA,Trek Conduit+ - 2016,Electric Bikes,Trek,1,2999.99,0.05,2849.9905,11
339,28-07-2016,4,Baldwin Bikes,Shirely Cantrell,NY,Electra Cruiser 1 (24-Inch) - 2016,Cruisers Bicycles,Electra,1,269.99,0.1,242.991,1
339,28-07-2016,4,Baldwin Bikes,Shirely Cantrell,NY,Electra Moto 1 - 2016,Cruisers Bicycles,Electra,2,529.99,0.05,1006.981,6
340,29-07-2016,4,Baldwin Bikes,Anisha Lang,NY,Surly Straggler 650b - 2016,Cyclocross Bicycles,Surly,1,1680.99,0.05,1596.9405,21
340,29-07-2016,4,Baldwin Bikes,Anisha Lang,NY,Electra Townie Original 21D - 2016,Comfort Bicycles,Electra,1,549.99,0.05,522.4905,16
340,29-07-2016,4,Baldwin Bikes,Anisha Lang,NY,Electra Cruiser 1 (24-Inch) - 2016,Cruisers Bicycles,Electra,2,269.99,0.1,485.982,1
340,29-07-2016,4,Baldwin Bikes,Anisha Lang,NY,Electra Townie Original 21D - 2016,Cruisers Bicycles,Electra,2,549.99,0.07,1022.9814,2
340,29-07-2016,4,Baldwin Bikes,Anisha Lang,NY,Surly Straggler - 2016,Cyclocross Bicycles,Surly,2,1549,0.1,2788.2,13
341,31-07-2016,4,Santa Cruz Bikes,Karren Lamb,CA,Electra Girl's Hawaii 1 (20-inch) - 2015/2016,Children Bicycles,Electra,2,299.99,0.05,569.981,9
342,31-07-2016,4,Baldwin Bikes,Reyes Merritt,NY,Electra Townie Original 7D EQ - 2016,Comfort Bicycles,Electra,1,599.99,0.07,557.9907,2
342,31-07-2016,4,Baldwin Bikes,Reyes Merritt,NY,Trek Conduit+ - 2016,Electric Bikes,Trek,1,2999.99,0.2,2399.992,17
342,31-07-2016,4,Baldwin Bikes,Reyes Merritt,NY,Electra Townie Original 7D EQ - 2016,Cruisers Bicycles,Electra,2,599.99,0.1,1079.982,20
343,31-07-2016,4,Baldwin Bikes,Iva Wilcox,NY,Electra Townie Original 7D EQ - Women's - 2016,Cruisers Bicycles,Electra,2,599.99,0.2,959.984,20
343,31-07-2016,4,Baldwin Bikes,Iva Wilcox,NY,Electra Townie Original 7D - 2015/2016,Comfort Bicycles,Electra,1,499.99,0.05,474.9905,18
343,31-07-2016,4,Baldwin Bikes,Iva Wilcox,NY,Heller Shagamaw Frame - 2016,Mountain Bikes,Heller,2,1320.99,0.05,2509.881,1
343,31-07-2016,4,Baldwin Bikes,Iva Wilcox,NY,Surly Straggler - 2016,Cyclocross Bicycles,Surly,1,1549,0.1,1394.1,13
344,01-08-2016,4,Baldwin Bikes,Romaine Salazar,NY,Electra Girl's Hawaii 1 (16-inch) - 2015/2016,Children Bicycles,Electra,1,269.99,0.05,256.4905,0
344,01-08-2016,4,Baldwin Bikes,Romaine Salazar,NY,Pure Cycles Western 3-Speed - Women's - 2015/2016,Cruisers Bicycles,Pure Cycles,2,449,0.07,835.14,13
344,01-08-2016,4,Baldwin Bikes,Romaine Salazar,NY,Electra Girl's Hawaii 1 (16-inch) - 2015/2016,Cruisers Bicycles,Electra,1,269.99,0.2,215.992,18
345,01-08-2016,4,Baldwin Bikes,Shauna Edwards,NY,Pure Cycles Western 3-Speed - Women's - 2015/2016,Cruisers Bicycles,Pure Cycles,2,449,0.1,808.2,13
345,01-08-2016,4,Baldwin Bikes,Shauna Edwards,NY,Electra Townie Original 21D - 2016,Comfort Bicycles,Electra,2,549.99,0.07,1022.9814,16
346,01-08-2016,4,Rowlett Bikes,Lynne Anderson,TX,Electra Cruiser 1 (24-Inch) - 2016,Cruisers Bicycles,Electra,1,269.99,0.07,251.0907,19
346,01-08-2016,4,Rowlett Bikes,Lynne Anderson,TX,Electra Girl's Hawaii 1 (20-inch) - 2015/2016,Children Bicycles,Electra,1,299.99,0.2,239.992,8
346,01-08-2016,4,Rowlett Bikes,Lynne Anderson,TX,Electra Cruiser 1 (24-Inch) - 2016,Children Bicycles,Electra,1,269.99,0.1,242.991,8
346,01-08-2016,4,Rowlett Bikes,Lynne Anderson,TX,Electra Moto 1 - 2016,Cruisers Bicycles,Electra,1,529.99,0.05,503.4905,22
346,01-08-2016,4,Rowlett Bikes,Lynne Anderson,TX,Pure Cycles Western 3-Speed - Women's - 2015/2016,Cruisers Bicycles,Pure Cycles,2,449,0.05,853.1,5
347,02-08-2016,4,Baldwin Bikes,Jerald Blackwell,NY,Electra Girl's Hawaii 1 (20-inch) - 2015/2016,Children Bicycles,Electra,1,299.99,0.07,278.9907,12
348,02-08-2016,4,Rowlett Bikes,Daina Sampson,TX,Heller Shagamaw Frame - 2016,Mountain Bikes,Heller,2,1320.99,0.05,2509.881,3
348,02-08-2016,4,Rowlett Bikes,Daina Sampson,TX,Electra Moto 1 - 2016,Cruisers Bicycles,Electra,2,529.99,0.07,985.7814,22
349,03-08-2016,3,Santa Cruz Bikes,Jamaal Albert,CA,Electra Townie Original 7D EQ - Women's - 2016,Cruisers Bicycles,Electra,2,599.99,0.2,959.984,26
350,03-08-2016,3,Santa Cruz Bikes,Williemae Holloway,CA,Surly Ice Cream Truck Frameset - 2016,Mountain Bikes,Surly,2,469.99,0.05,892.981,0
350,03-08-2016,3,Santa Cruz Bikes,Williemae Holloway,CA,Electra Townie Original 7D EQ - Women's - 2016,Cruisers Bicycles,Electra,1,599.99,0.07,557.9907,26
350,03-08-2016,3,Santa Cruz Bikes,Williemae Holloway,CA,Surly Wednesday Frameset - 2016,Mountain Bikes,Surly,1,999.99,0.07,929.9907,6
351,03-08-2016,4,Santa Cruz Bikes,Cinda Rocha,CA,Trek Fuel EX 8 29 - 2016,Mountain Bikes,Trek,2,2899.99,0.05,5509.981,23
351,03-08-2016,4,Santa Cruz Bikes,Cinda Rocha,CA,Electra Townie Original 21D - 2016,Comfort Bicycles,Electra,2,549.99,0.1,989.982,10
351,03-08-2016,4,Santa Cruz Bikes,Cinda Rocha,CA,Electra Townie Original 7D EQ - Women's - 2016,Cruisers Bicycles,Electra,1,599.99,0.2,479.992,26
351,03-08-2016,4,Santa Cruz Bikes,Cinda Rocha,CA,Electra Girl's Hawaii 1 (16-inch) - 2015/2016,Children Bicycles,Electra,2,269.99,0.07,502.1814,29
352,03-08-2016,4,Baldwin Bikes,Emmitt Sanchez,NY,Surly Straggler 650b - 2016,Cyclocross Bicycles,Surly,1,1680.99,0.2,1344.792,21
352,03-08-2016,4,Baldwin Bikes,Emmitt Sanchez,NY,Electra Girl's Hawaii 1 (16-inch) - 2015/2016,Cruisers Bicycles,Electra,1,269.99,0.2,215.992,18
353,03-08-2016,4,Baldwin Bikes,Phylicia Stout,NY,Ritchey Timberwolf Frameset - 2016,Mountain Bikes,Ritchey,2,749.99,0.2,1199.984,16
354,03-08-2016,4,Rowlett Bikes,Jenine Crane,TX,Electra Cruiser 1 (24-Inch) - 2016,Children Bicycles,Electra,1,269.99,0.2,215.992,8
354,03-08-2016,4,Rowlett Bikes,Jenine Crane,TX,Pure Cycles William 3-Speed - 2016,Cruisers Bicycles,Pure Cycles,1,449,0.05,426.55,24
355,03-08-2016,4,Rowlett Bikes,Sebrina Gross,TX,Electra Townie Original 7D EQ - 2016,Cruisers Bicycles,Electra,1,599.99,0.1,539.991,19
355,03-08-2016,4,Rowlett Bikes,Sebrina Gross,TX,Electra Girl's Hawaii 1 (16-inch) - 2015/2016,Cruisers Bicycles,Electra,2,269.99,0.07,502.1814,4
356,04-08-2016,4,Baldwin Bikes,Sheila Goodman,NY,Electra Girl's Hawaii 1 (20-inch) - 2015/2016,Children Bicycles,Electra,2,299.99,0.05,569.981,12
356,04-08-2016,4,Baldwin Bikes,Sheila Goodman,NY,Trek Fuel EX 8 29 - 2016,Mountain Bikes,Trek,1,2899.99,0.05,2754.9905,2
356,04-08-2016,4,Baldwin Bikes,Sheila Goodman,NY,Electra Cruiser 1 (24-Inch) - 2016,Cruisers Bicycles,Electra,1,269.99,0.05,256.4905,1
357,05-08-2016,3,Rowlett Bikes,Garry Espinoza,TX,Pure Cycles Vine 8-Speed - 2016,Cruisers Bicycles,Pure Cycles,2,429,0.05,815.1,22
357,05-08-2016,3,Rowlett Bikes,Garry Espinoza,TX,Electra Cruiser 1 (24-Inch) - 2016,Children Bicycles,Electra,2,269.99,0.07,502.1814,8
357,05-08-2016,3,Rowlett Bikes,Garry Espinoza,TX,Electra Townie Original 21D - 2016,Comfort Bicycles,Electra,1,549.99,0.07,511.4907,18
357,05-08-2016,3,Rowlett Bikes,Garry Espinoza,TX,Trek Conduit+ - 2016,Electric Bikes,Trek,1,2999.99,0.05,2849.9905,23
358,05-08-2016,4,Baldwin Bikes,Larissa Hays,NY,Electra Cruiser 1 (24-Inch) - 2016,Children Bicycles,Electra,2,269.99,0.1,485.982,16
358,05-08-2016,4,Baldwin Bikes,Larissa Hays,NY,Surly Ice Cream Truck Frameset - 2016,Mountain Bikes,Surly,2,469.99,0.07,874.1814,11
358,05-08-2016,4,Baldwin Bikes,Larissa Hays,NY,Trek Remedy 29 Carbon Frameset - 2016,Mountain Bikes,Trek,2,1799.99,0.05,3419.981,1
358,05-08-2016,4,Baldwin Bikes,Larissa Hays,NY,Pure Cycles Western 3-Speed - Women's - 2015/2016,Cruisers Bicycles,Pure Cycles,2,449,0.1,808.2,13
359,07-08-2016,4,Baldwin Bikes,Dorthea Walker,NY,Electra Moto 1 - 2016,Cruisers Bicycles,Electra,2,529.99,0.07,985.7814,6
359,07-08-2016,4,Baldwin Bikes,Dorthea Walker,NY,Trek Conduit+ - 2016,Electric Bikes,Trek,2,2999.99,0.07,5579.9814,17
359,07-08-2016,4,Baldwin Bikes,Dorthea Walker,NY,Trek Slash 8 27.5 - 2016,Mountain Bikes,Trek,2,3999.99,0.2,6399.984,8
360,07-08-2016,4,Baldwin Bikes,Clorinda Donovan,NY,Electra Townie Original 7D EQ - 2016,Comfort Bicycles,Electra,1,599.99,0.05,569.9905,2
360,07-08-2016,4,Baldwin Bikes,Clorinda Donovan,NY,Trek Slash 8 27.5 - 2016,Mountain Bikes,Trek,2,3999.99,0.2,6399.984,8
360,07-08-2016,4,Baldwin Bikes,Clorinda Donovan,NY,Electra Cruiser 1 (24-Inch) - 2016,Cruisers Bicycles,Electra,2,269.99,0.05,512.981,1
360,07-08-2016,4,Baldwin Bikes,Clorinda Donovan,NY,Electra Townie Original 7D - 2015/2016,Comfort Bicycles,Electra,1,499.99,0.1,449.991,18
361,08-08-2016,4,Baldwin Bikes,Demarcus Reese,NY,Electra Townie Original 21D - 2016,Comfort Bicycles,Electra,2,549.99,0.05,1044.981,16
361,08-08-2016,4,Baldwin Bikes,Demarcus Reese,NY,Surly Ice Cream Truck Frameset - 2016,Mountain Bikes,Surly,2,469.99,0.1,845.982,11
361,08-08-2016,4,Baldwin Bikes,Demarcus Reese,NY,Surly Straggler 650b - 2016,Cyclocross Bicycles,Surly,1,1680.99,0.1,1512.891,21
362,09-08-2016,4,Santa Cruz Bikes,Hedwig Paul,CA,Ritchey Timberwolf Frameset - 2016,Mountain Bikes,Ritchey,1,749.99,0.07,697.4907,5
363,11-08-2016,4,Rowlett Bikes,Brain Skinner,TX,Electra Cruiser 1 (24-Inch) - 2016,Children Bicycles,Electra,2,269.99,0.1,485.982,8
363,11-08-2016,4,Rowlett Bikes,Brain Skinner,TX,Electra Girl's Hawaii 1 (16-inch) - 2015/2016,Cruisers Bicycles,Electra,1,269.99,0.07,251.0907,4
363,11-08-2016,4,Rowlett Bikes,Brain Skinner,TX,Electra Moto 1 - 2016,Cruisers Bicycles,Electra,1,529.99,0.1,476.991,22
363,11-08-2016,4,Rowlett Bikes,Brain Skinner,TX,Electra Townie Original 7D EQ - Women's - 2016,Cruisers Bicycles,Electra,1,599.99,0.2,479.992,19
364,12-08-2016,4,Baldwin Bikes,Mariette Trevino,NY,Electra Townie Original 7D - 2015/2016,Comfort Bicycles,Electra,2,499.99,0.05,949.981,18
365,13-08-2016,4,Baldwin Bikes,Christel Cardenas,NY,Electra Townie Original 21D - 2016,Comfort Bicycles,Electra,2,549.99,0.07,1022.9814,16
366,13-08-2016,4,Rowlett Bikes,Arielle Levine,TX,Electra Cruiser 1 (24-Inch) - 2016,Children Bicycles,Electra,1,269.99,0.1,242.991,8
366,13-08-2016,4,Rowlett Bikes,Arielle Levine,TX,Trek Fuel EX 8 29 - 2016,Mountain Bikes,Trek,1,2899.99,0.07,2696.9907,11
366,13-08-2016,4,Rowlett Bikes,Arielle Levine,TX,Electra Townie Original 7D EQ - 2016,Cruisers Bicycles,Electra,2,599.99,0.2,959.984,19
367,14-08-2016,4,Baldwin Bikes,Afton Juarez,NY,Electra Townie Original 7D EQ - 2016,Comfort Bicycles,Electra,2,599.99,0.1,1079.982,2
367,14-08-2016,4,Baldwin Bikes,Afton Juarez,NY,Electra Girl's Hawaii 1 (16-inch) - 2015/2016,Cruisers Bicycles,Electra,1,269.99,0.05,256.4905,18
367,14-08-2016,4,Baldwin Bikes,Afton Juarez,NY,Surly Straggler - 2016,Cyclocross Bicycles,Surly,2,1549,0.05,2943.1,13
368,14-08-2016,4,Baldwin Bikes,Amina Salazar,NY,Heller Shagamaw Frame - 2016,Mountain Bikes,Heller,1,1320.99,0.2,1056.792,1
368,14-08-2016,4,Baldwin Bikes,Amina Salazar,NY,Surly Straggler - 2016,Cyclocross Bicycles,Surly,2,1549,0.2,2478.4,13
368,14-08-2016,4,Baldwin Bikes,Amina Salazar,NY,Electra Cruiser 1 (24-Inch) - 2016,Children Bicycles,Electra,2,269.99,0.1,485.982,16
368,14-08-2016,4,Baldwin Bikes,Amina Salazar,NY,Pure Cycles William 3-Speed - 2016,Cruisers Bicycles,Pure Cycles,1,449,0.05,426.55,15
369,15-08-2016,4,Santa Cruz Bikes,Garth Huff,CA,Surly Straggler - 2016,Cyclocross Bicycles,Surly,2,1549,0.07,2881.14,15
370,15-08-2016,4,Baldwin Bikes,Raymonde Garcia,NY,Electra Townie Original 7D - 2015/2016,Comfort Bicycles,Electra,2,499.99,0.05,949.981,18
370,15-08-2016,4,Baldwin Bikes,Raymonde Garcia,NY,Trek Fuel EX 8 29 - 2016,Mountain Bikes,Trek,2,2899.99,0.1,5219.982,2
371,15-08-2016,4,Baldwin Bikes,Ashlie Parrish,NY,Electra Girl's Hawaii 1 (16-inch) - 2015/2016,Cruisers Bicycles,Electra,1,269.99,0.2,215.992,18
371,15-08-2016,4,Baldwin Bikes,Ashlie Parrish,NY,Electra Townie Original 21D - 2016,Cruisers Bicycles,Electra,1,549.99,0.2,439.992,2
372,16-08-2016,4,Baldwin Bikes,Boyd Irwin,NY,Surly Straggler 650b - 2016,Cyclocross Bicycles,Surly,1,1680.99,0.05,1596.9405,21
372,16-08-2016,4,Baldwin Bikes,Boyd Irwin,NY,Electra Girl's Hawaii 1 (16-inch) - 2015/2016,Cruisers Bicycles,Electra,2,269.99,0.1,485.982,18
372,16-08-2016,4,Baldwin Bikes,Boyd Irwin,NY,Heller Shagamaw Frame - 2016,Mountain Bikes,Heller,1,1320.99,0.1,1188.891,1
373,16-08-2016,4,Baldwin Bikes,Majorie Wyatt,NY,Trek Remedy 29 Carbon Frameset - 2016,Mountain Bikes,Trek,2,1799.99,0.05,3419.981,1
373,16-08-2016,4,Baldwin Bikes,Majorie Wyatt,NY,Electra Girl's Hawaii 1 (16-inch) - 2015/2016,Children Bicycles,Electra,1,269.99,0.1,242.991,0
373,16-08-2016,4,Baldwin Bikes,Majorie Wyatt,NY,Pure Cycles William 3-Speed - 2016,Cruisers Bicycles,Pure Cycles,2,449,0.2,718.4,15
373,16-08-2016,4,Baldwin Bikes,Majorie Wyatt,NY,Electra Townie Original 21D - 2016,Cruisers Bicycles,Electra,1,549.99,0.1,494.991,2
373,16-08-2016,4,Baldwin Bikes,Majorie Wyatt,NY,Electra Cruiser 1 (24-Inch) - 2016,Cruisers Bicycles,Electra,1,269.99,0.1,242.991,1
374,17-08-2016,4,Santa Cruz Bikes,Dante Grimes,CA,Surly Straggler - 2016,Cyclocross Bicycles,Surly,1,1549,0.1,1394.1,15
374,17-08-2016,4,Santa Cruz Bikes,Dante Grimes,CA,Trek Slash 8 27.5 - 2016,Mountain Bikes,Trek,1,3999.99,0.07,3719.9907,8
375,17-08-2016,4,Baldwin Bikes,Christiane Bradford,NY,Electra Cruiser 1 (24-Inch) - 2016,Children Bicycles,Electra,2,269.99,0.05,512.981,16
375,17-08-2016,4,Baldwin Bikes,Christiane Bradford,NY,Ritchey Timberwolf Frameset - 2016,Mountain Bikes,Ritchey,2,749.99,0.05,1424.981,16
375,17-08-2016,4,Baldwin Bikes,Christiane Bradford,NY,Trek Fuel EX 8 29 - 2016,Mountain Bikes,Trek,2,2899.99,0.07,5393.9814,2
375,17-08-2016,4,Baldwin Bikes,Christiane Bradford,NY,Electra Townie Original 21D - 2016,Cruisers Bicycles,Electra,2,549.99,0.05,1044.981,2
376,17-08-2016,4,Baldwin Bikes,Kristel Byrd,NY,Ritchey Timberwolf Frameset - 2016,Mountain Bikes,Ritchey,2,749.99,0.07,1394.9814,16
376,17-08-2016,4,Baldwin Bikes,Kristel Byrd,NY,Electra Girl's Hawaii 1 (20-inch) - 2015/2016,Children Bicycles,Electra,2,299.99,0.1,539.982,12
377,17-08-2016,4,Baldwin Bikes,Thad Gilliam,NY,Trek Remedy 29 Carbon Frameset - 2016,Mountain Bikes,Trek,1,1799.99,0.05,1709.9905,1
377,17-08-2016,4,Baldwin Bikes,Thad Gilliam,NY,Electra Girl's Hawaii 1 (16-inch) - 2015/2016,Cruisers Bicycles,Electra,1,269.99,0.07,251.0907,18
378,17-08-2016,4,Rowlett Bikes,Alec Peck,TX,Electra Townie Original 7D EQ - 2016,Comfort Bicycles,Electra,2,599.99,0.05,1139.981,27
379,18-08-2016,4,Baldwin Bikes,Hassan Nash,NY,Trek Conduit+ - 2016,Electric Bikes,Trek,1,2999.99,0.07,2789.9907,17
379,18-08-2016,4,Baldwin Bikes,Hassan Nash,NY,Electra Townie Original 7D EQ - 2016,Cruisers Bicycles,Electra,1,599.99,0.2,479.992,20
380,19-08-2016,4,Baldwin Bikes,Han Wade,NY,Electra Townie Original 7D EQ - 2016,Cruisers Bicycles,Electra,1,599.99,0.05,569.9905,20
380,19-08-2016,4,Baldwin Bikes,Han Wade,NY,Surly Straggler 650b - 2016,Cyclocross Bicycles,Surly,2,1680.99,0.05,3193.881,21
381,19-08-2016,4,Baldwin Bikes,Vanessa West,NY,Electra Cruiser 1 (24-Inch) - 2016,Children Bicycles,Electra,2,269.99,0.07,502.1814,16
382,20-08-2016,4,Baldwin Bikes,Clelia Workman,NY,Trek Remedy 29 Carbon Frameset - 2016,Mountain Bikes,Trek,1,1799.99,0.1,1619.991,1
382,20-08-2016,4,Baldwin Bikes,Clelia Workman,NY,Trek Conduit+ - 2016,Electric Bikes,Trek,1,2999.99,0.1,2699.991,17
382,20-08-2016,4,Baldwin Bikes,Clelia Workman,NY,Electra Cruiser 1 (24-Inch) - 2016,Cruisers Bicycles,Electra,1,269.99,0.07,251.0907,1
383,20-08-2016,4,Baldwin Bikes,Aleta Mack,NY,Pure Cycles William 3-Speed - 2016,Cruisers Bicycles,Pure Cycles,1,449,0.07,417.57,15
383,20-08-2016,4,Baldwin Bikes,Aleta Mack,NY,Electra Girl's Hawaii 1 (16-inch) - 2015/2016,Children Bicycles,Electra,2,269.99,0.05,512.981,0
383,20-08-2016,4,Baldwin Bikes,Aleta Mack,NY,Electra Cruiser 1 (24-Inch) - 2016,Cruisers Bicycles,Electra,1,269.99,0.1,242.991,1
383,20-08-2016,4,Baldwin Bikes,Aleta Mack,NY,Electra Cruiser 1 (24-Inch) - 2016,Children Bicycles,Electra,2,269.99,0.05,512.981,16
383,20-08-2016,4,Baldwin Bikes,Aleta Mack,NY,Electra Girl's Hawaii 1 (16-inch) - 2015/2016,Cruisers Bicycles,Electra,1,269.99,0.1,242.991,18
384,20-08-2016,4,Baldwin Bikes,Conception Slater,NY,Electra Townie Original 7D EQ - Women's - 2016,Cruisers Bicycles,Electra,1,599.99,0.1,539.991,20
384,20-08-2016,4,Baldwin Bikes,Conception Slater,NY,Electra Cruiser 1 (24-Inch) - 2016,Children Bicycles,Electra,2,269.99,0.2,431.984,16
384,20-08-2016,4,Baldwin Bikes,Conception Slater,NY,Trek Remedy 29 Carbon Frameset - 2016,Mountain Bikes,Trek,1,1799.99,0.05,1709.9905,1
384,20-08-2016,4,Baldwin Bikes,Conception Slater,NY,Electra Moto 1 - 2016,Cruisers Bicycles,Electra,1,529.99,0.1,476.991,6
384,20-08-2016,4,Baldwin Bikes,Conception Slater,NY,Trek Fuel EX 8 29 - 2016,Mountain Bikes,Trek,1,2899.99,0.2,2319.992,2
385,20-08-2016,4,Baldwin Bikes,Odette Moses,NY,Electra Cruiser 1 (24-Inch) - 2016,Children Bicycles,Electra,1,269.99,0.07,251.0907,16
385,20-08-2016,4,Baldwin Bikes,Odette Moses,NY,Trek Slash 8 27.5 - 2016,Mountain Bikes,Trek,2,3999.99,0.2,6399.984,8
385,20-08-2016,4,Baldwin Bikes,Odette Moses,NY,Electra Townie Original 7D EQ - 2016,Comfort Bicycles,Electra,2,599.99,0.05,1139.981,2
386,20-08-2016,4,Baldwin Bikes,Christiana Gross,NY,Trek Remedy 29 Carbon Frameset - 2016,Mountain Bikes,Trek,1,1799.99,0.2,1439.992,1
386,20-08-2016,4,Baldwin Bikes,Christiana Gross,NY,Surly Wednesday Frameset - 2016,Mountain Bikes,Surly,2,999.99,0.05,1899.981,28
386,20-08-2016,4,Baldwin Bikes,Christiana Gross,NY,Electra Townie Original 7D EQ - 2016,Cruisers Bicycles,Electra,2,599.99,0.2,959.984,20
387,20-08-2016,4,Rowlett Bikes,Jennette Wooten,TX,Pure Cycles Western 3-Speed - Women's - 2015/2016,Cruisers Bicycles,Pure Cycles,1,449,0.2,359.2,5
388,21-08-2016,4,Rowlett Bikes,Mirella Duffy,TX,Pure Cycles William 3-Speed - 2016,Cruisers Bicycles,Pure Cycles,2,449,0.2,718.4,24
388,21-08-2016,4,Rowlett Bikes,Mirella Duffy,TX,Electra Cruiser 1 (24-Inch) - 2016,Cruisers Bicycles,Electra,2,269.99,0.07,502.1814,19
388,21-08-2016,4,Rowlett Bikes,Mirella Duffy,TX,Ritchey Timberwolf Frameset - 2016,Mountain Bikes,Ritchey,1,749.99,0.07,697.4907,24
388,21-08-2016,4,Rowlett Bikes,Mirella Duffy,TX,Surly Straggler 650b - 2016,Cyclocross Bicycles,Surly,1,1680.99,0.1,1512.891,30
389,22-08-2016,4,Santa Cruz Bikes,Saturnina Garner,CA,Ritchey Timberwolf Frameset - 2016,Mountain Bikes,Ritchey,1,749.99,0.07,697.4907,5
389,22-08-2016,4,Santa Cruz Bikes,Saturnina Garner,CA,Electra Moto 1 - 2016,Cruisers Bicycles,Electra,2,529.99,0.07,985.7814,3
389,22-08-2016,4,Santa Cruz Bikes,Saturnina Garner,CA,Surly Straggler - 2016,Cyclocross Bicycles,Surly,2,1549,0.05,2943.1,15
389,22-08-2016,4,Santa Cruz Bikes,Saturnina Garner,CA,Heller Shagamaw Frame - 2016,Mountain Bikes,Heller,1,1320.99,0.05,1254.9405,22
389,22-08-2016,4,Santa Cruz Bikes,Saturnina Garner,CA,Trek Conduit+ - 2016,Electric Bikes,Trek,1,2999.99,0.2,2399.992,11
390,22-08-2016,4,Rowlett Bikes,Shirely Stanley,TX,Electra Girl's Hawaii 1 (20-inch) - 2015/2016,Children Bicycles,Electra,1,299.99,0.05,284.9905,8
390,22-08-2016,4,Rowlett Bikes,Shirely Stanley,TX,Trek Slash 8 27.5 - 2016,Mountain Bikes,Trek,2,3999.99,0.07,7439.9814,12
390,22-08-2016,4,Rowlett Bikes,Shirely Stanley,TX,Trek Conduit+ - 2016,Electric Bikes,Trek,1,2999.99,0.05,2849.9905,23
391,23-08-2016,3,Rowlett Bikes,Elinore Aguilar,TX,Trek Remedy 29 Carbon Frameset - 2016,Mountain Bikes,Trek,1,1799.99,0.07,1673.9907,12
391,23-08-2016,3,Rowlett Bikes,Elinore Aguilar,TX,Heller Shagamaw Frame - 2016,Mountain Bikes,Heller,2,1320.99,0.2,2113.584,3
391,23-08-2016,3,Rowlett Bikes,Elinore Aguilar,TX,Electra Townie Original 21D - 2016,Comfort Bicycles,Electra,2,549.99,0.07,1022.9814,18
392,23-08-2016,4,Santa Cruz Bikes,Carley Reynolds,CA,Electra Girl's Hawaii 1 (16-inch) - 2015/2016,Cruisers Bicycles,Electra,2,269.99,0.1,485.982,8
392,23-08-2016,4,Santa Cruz Bikes,Carley Reynolds,CA,Surly Wednesday Frameset - 2016,Mountain Bikes,Surly,2,999.99,0.05,1899.981,6
393,25-08-2016,4,Baldwin Bikes,Alysha Powers,NY,Surly Ice Cream Truck Frameset - 2016,Mountain Bikes,Surly,2,469.99,0.2,751.984,11
394,26-08-2016,4,Santa Cruz Bikes,Tammera Fischer,CA,Electra Girl's Hawaii 1 (20-inch) - 2015/2016,Children Bicycles,Electra,1,299.99,0.05,284.9905,9
394,26-08-2016,4,Santa Cruz Bikes,Tammera Fischer,CA,Electra Townie Original 7D EQ - 2016,Cruisers Bicycles,Electra,1,599.99,0.2,479.992,4
394,26-08-2016,4,Santa Cruz Bikes,Tammera Fischer,CA,Electra Girl's Hawaii 1 (16-inch) - 2015/2016,Cruisers Bicycles,Electra,2,269.99,0.2,431.984,8
395,26-08-2016,4,Baldwin Bikes,Hans Price,NY,Electra Girl's Hawaii 1 (16-inch) - 2015/2016,Cruisers Bicycles,Electra,1,269.99,0.05,256.4905,18
396,27-08-2016,4,Baldwin Bikes,Timothy Byers,NY,Electra Townie Original 21D - 2016,Cruisers Bicycles,Electra,1,549.99,0.1,494.991,2
396,27-08-2016,4,Baldwin Bikes,Timothy Byers,NY,Electra Townie Original 7D - 2015/2016,Comfort Bicycles,Electra,2,499.99,0.05,949.981,18
396,27-08-2016,4,Baldwin Bikes,Timothy Byers,NY,Heller Shagamaw Frame - 2016,Mountain Bikes,Heller,1,1320.99,0.2,1056.792,1
397,28-08-2016,4,Baldwin Bikes,Son Warner,NY,Trek Slash 8 27.5 - 2016,Mountain Bikes,Trek,1,3999.99,0.05,3799.9905,8
398,29-08-2016,4,Santa Cruz Bikes,Chasidy Tran,CA,Trek Remedy 29 Carbon Frameset - 2016,Mountain Bikes,Trek,2,1799.99,0.05,3419.981,0
398,29-08-2016,4,Santa Cruz Bikes,Chasidy Tran,CA,Pure Cycles Western 3-Speed - Women's - 2015/2016,Cruisers Bicycles,Pure Cycles,2,449,0.05,853.1,16
398,29-08-2016,4,Santa Cruz Bikes,Chasidy Tran,CA,Electra Townie Original 7D - 2015/2016,Comfort Bicycles,Electra,1,499.99,0.2,399.992,10
398,29-08-2016,4,Santa Cruz Bikes,Chasidy Tran,CA,Pure Cycles Vine 8-Speed - 2016,Cruisers Bicycles,Pure Cycles,1,429,0.05,407.55,2
399,29-08-2016,4,Baldwin Bikes,Lee Roman,NY,Electra Townie Original 7D - 2015/2016,Comfort Bicycles,Electra,1,499.99,0.05,474.9905,18
399,29-08-2016,4,Baldwin Bikes,Lee Roman,NY,Surly Straggler 650b - 2016,Cyclocross Bicycles,Surly,2,1680.99,0.05,3193.881,21
399,29-08-2016,4,Baldwin Bikes,Lee Roman,NY,Electra Girl's Hawaii 1 (16-inch) - 2015/2016,Cruisers Bicycles,Electra,1,269.99,0.1,242.991,18
400,29-08-2016,4,Baldwin Bikes,Alline Beasley,NY,Electra Townie Original 21D - 2016,Comfort Bicycles,Electra,2,549.99,0.07,1022.9814,16
400,29-08-2016,4,Baldwin Bikes,Alline Beasley,NY,Trek Conduit+ - 2016,Electric Bikes,Trek,1,2999.99,0.2,2399.992,17
400,29-08-2016,4,Baldwin Bikes,Alline Beasley,NY,Surly Wednesday Frameset - 2016,Mountain Bikes,Surly,2,999.99,0.2,1599.984,28
401,30-08-2016,4,Baldwin Bikes,Sylvie Wilkerson,NY,Electra Girl's Hawaii 1 (20-inch) - 2015/2016,Children Bicycles,Electra,1,299.99,0.2,239.992,12
401,30-08-2016,4,Baldwin Bikes,Sylvie Wilkerson,NY,Surly Straggler - 2016,Cyclocross Bicycles,Surly,2,1549,0.2,2478.4,13
402,30-08-2016,4,Baldwin Bikes,Corina Lynch,NY,Surly Ice Cream Truck Frameset - 2016,Mountain Bikes,Surly,2,469.99,0.07,874.1814,11
402,30-08-2016,4,Baldwin Bikes,Corina Lynch,NY,Heller Shagamaw Frame - 2016,Mountain Bikes,Heller,1,1320.99,0.07,1228.5207,1
402,30-08-2016,4,Baldwin Bikes,Corina Lynch,NY,Electra Townie Original 7D EQ - 2016,Comfort Bicycles,Electra,1,599.99,0.05,569.9905,2
403,31-08-2016,4,Santa Cruz Bikes,Salena Day,CA,Electra Townie Original 21D - 2016,Cruisers Bicycles,Electra,2,549.99,0.1,989.982,16
403,31-08-2016,4,Santa Cruz Bikes,Salena Day,CA,Trek Slash 8 27.5 - 2016,Mountain Bikes,Trek,2,3999.99,0.2,6399.984,8
403,31-08-2016,4,Santa Cruz Bikes,Salena Day,CA,Electra Girl's Hawaii 1 (16-inch) - 2015/2016,Children Bicycles,Electra,2,269.99,0.05,512.981,29
403,31-08-2016,4,Santa Cruz Bikes,Salena Day,CA,Electra Townie Original 21D - 2016,Comfort Bicycles,Electra,1,549.99,0.2,439.992,10
404,31-08-2016,4,Baldwin Bikes,Laverna Hernandez,NY,Trek Conduit+ - 2016,Electric Bikes,Trek,1,2999.99,0.07,2789.9907,17
404,31-08-2016,4,Baldwin Bikes,Laverna Hernandez,NY,Electra Townie Original 7D - 2015/2016,Comfort Bicycles,Electra,2,499.99,0.05,949.981,18
404,31-08-2016,4,Baldwin Bikes,Laverna Hernandez,NY,Electra Townie Original 7D EQ - 2016,Cruisers Bicycles,Electra,2,599.99,0.2,959.984,20
405,31-08-2016,4,Baldwin Bikes,Genevieve Juarez,NY,Surly Wednesday Frameset - 2016,Mountain Bikes,Surly,2,999.99,0.2,1599.984,28
405,31-08-2016,4,Baldwin Bikes,Genevieve Juarez,NY,Surly Straggler - 2016,Cyclocross Bicycles,Surly,2,1549,0.1,2788.2,13
405,31-08-2016,4,Baldwin Bikes,Genevieve Juarez,NY,Electra Girl's Hawaii 1 (16-inch) - 2015/2016,Cruisers Bicycles,Electra,2,269.99,0.07,502.1814,18
406,31-08-2016,4,Baldwin Bikes,Eliz Lynch,NY,Trek Fuel EX 8 29 - 2016,Mountain Bikes,Trek,1,2899.99,0.2,2319.992,2
407,01-09-2016,3,Rowlett Bikes,Keri Bridges,TX,Electra Townie Original 7D EQ - Women's - 2016,Cruisers Bicycles,Electra,1,599.99,0.2,479.992,19
407,01-09-2016,3,Rowlett Bikes,Keri Bridges,TX,Heller Shagamaw Frame - 2016,Mountain Bikes,Heller,1,1320.99,0.05,1254.9405,3
408,01-09-2016,4,Santa Cruz Bikes,Shemeka Lyons,CA,Pure Cycles Western 3-Speed - Women's - 2015/2016,Cruisers Bicycles,Pure Cycles,1,449,0.2,359.2,16
408,01-09-2016,4,Santa Cruz Bikes,Shemeka Lyons,CA,Surly Wednesday Frameset - 2016,Mountain Bikes,Surly,1,999.99,0.07,929.9907,6
408,01-09-2016,4,Santa Cruz Bikes,Shemeka Lyons,CA,Ritchey Timberwolf Frameset - 2016,Mountain Bikes,Ritchey,2,749.99,0.07,1394.9814,5
408,01-09-2016,4,Santa Cruz Bikes,Shemeka Lyons,CA,Pure Cycles Vine 8-Speed - 2016,Cruisers Bicycles,Pure Cycles,2,429,0.2,686.4,2
409,01-09-2016,4,Baldwin Bikes,Luke Fuller,NY,Electra Moto 1 - 2016,Cruisers Bicycles,Electra,1,529.99,0.07,492.8907,6
409,01-09-2016,4,Baldwin Bikes,Luke Fuller,NY,Electra Townie Original 7D EQ - 2016,Cruisers Bicycles,Electra,2,599.99,0.2,959.984,20
409,01-09-2016,4,Baldwin Bikes,Luke Fuller,NY,Electra Cruiser 1 (24-Inch) - 2016,Children Bicycles,Electra,1,269.99,0.05,256.4905,16
410,01-09-2016,4,Baldwin Bikes,Herminia Reyes,NY,Electra Townie Original 7D - 2015/2016,Comfort Bicycles,Electra,1,499.99,0.1,449.991,18
410,01-09-2016,4,Baldwin Bikes,Herminia Reyes,NY,Trek Conduit+ - 2016,Electric Bikes,Trek,2,2999.99,0.05,5699.981,17
410,01-09-2016,4,Baldwin Bikes,Herminia Reyes,NY,Electra Townie Original 21D - 2016,Comfort Bicycles,Electra,2,549.99,0.1,989.982,16
411,02-09-2016,4,Santa Cruz Bikes,Ferne Kline,CA,Ritchey Timberwolf Frameset - 2016,Mountain Bikes,Ritchey,1,749.99,0.07,697.4907,5
411,02-09-2016,4,Santa Cruz Bikes,Ferne Kline,CA,Electra Townie Original 7D EQ - 2016,Comfort Bicycles,Electra,2,599.99,0.05,1139.981,16
412,02-09-2016,4,Santa Cruz Bikes,Carmina Emerson,CA,Trek Slash 8 27.5 - 2016,Mountain Bikes,Trek,1,3999.99,0.1,3599.991,8
412,02-09-2016,4,Santa Cruz Bikes,Carmina Emerson,CA,Electra Townie Original 21D - 2016,Comfort Bicycles,Electra,1,549.99,0.07,511.4907,10
412,02-09-2016,4,Santa Cruz Bikes,Carmina Emerson,CA,Pure Cycles Vine 8-Speed - 2016,Cruisers Bicycles,Pure Cycles,1,429,0.1,386.1,2
413,02-09-2016,4,Baldwin Bikes,Kristofer Craig,NY,Trek Remedy 29 Carbon Frameset - 2016,Mountain Bikes,Trek,2,1799.99,0.05,3419.981,1
413,02-09-2016,4,Baldwin Bikes,Kristofer Craig,NY,Electra Townie Original 7D - 2015/2016,Comfort Bicycles,Electra,1,499.99,0.1,449.991,18
413,02-09-2016,4,Baldwin Bikes,Kristofer Craig,NY,Trek Conduit+ - 2016,Electric Bikes,Trek,1,2999.99,0.07,2789.9907,17
414,03-09-2016,4,Baldwin Bikes,Vernia Madden,NY,Trek Fuel EX 8 29 - 2016,Mountain Bikes,Trek,2,2899.99,0.1,5219.982,2
415,03-09-2016,4,Baldwin Bikes,Bonita Marshall,NY,Surly Wednesday Frameset - 2016,Mountain Bikes,Surly,1,999.99,0.07,929.9907,28
415,03-09-2016,4,Baldwin Bikes,Bonita Marshall,NY,Electra Girl's Hawaii 1 (20-inch) - 2015/2016,Children Bicycles,Electra,2,299.99,0.2,479.984,12
415,03-09-2016,4,Baldwin Bikes,Bonita Marshall,NY,Heller Shagamaw Frame - 2016,Mountain Bikes,Heller,1,1320.99,0.2,1056.792,1
415,03-09-2016,4,Baldwin Bikes,Bonita Marshall,NY,Surly Ice Cream Truck Frameset - 2016,Mountain Bikes,Surly,2,469.99,0.05,892.981,11
416,03-09-2016,4,Baldwin Bikes,Johana Jacobson,NY,Electra Girl's Hawaii 1 (16-inch) - 2015/2016,Children Bicycles,Electra,1,269.99,0.07,251.0907,0
416,03-09-2016,4,Baldwin Bikes,Johana Jacobson,NY,Electra Girl's Hawaii 1 (16-inch) - 2015/2016,Cruisers Bicycles,Electra,1,269.99,0.07,251.0907,18
416,03-09-2016,4,Baldwin Bikes,Johana Jacobson,NY,Electra Townie Original 21D - 2016,Comfort Bicycles,Electra,1,549.99,0.1,494.991,16
417,04-09-2016,4,Santa Cruz Bikes,Angie Powers,CA,Electra Townie Original 7D EQ - 2016,Comfort Bicycles,Electra,2,599.99,0.07,1115.9814,16
417,04-09-2016,4,Santa Cruz Bikes,Angie Powers,CA,Surly Ice Cream Truck Frameset - 2016,Mountain Bikes,Surly,2,469.99,0.07,874.1814,0
418,04-09-2016,4,Baldwin Bikes,Titus Bullock,NY,Electra Townie Original 21D - 2016,Cruisers Bicycles,Electra,1,549.99,0.05,522.4905,2
418,04-09-2016,4,Baldwin Bikes,Titus Bullock,NY,Electra Townie Original 7D EQ - Women's - 2016,Cruisers Bicycles,Electra,1,599.99,0.05,569.9905,20
419,04-09-2016,4,Rowlett Bikes,Garry Espinoza,TX,Trek Conduit+ - 2016,Electric Bikes,Trek,1,2999.99,0.05,2849.9905,23
420,05-09-2016,4,Santa Cruz Bikes,Petronila Norris,CA,Pure Cycles Vine 8-Speed - 2016,Cruisers Bicycles,Pure Cycles,2,429,0.2,686.4,2
420,05-09-2016,4,Santa Cruz Bikes,Petronila Norris,CA,Electra Moto 1 - 2016,Cruisers Bicycles,Electra,2,529.99,0.1,953.982,3
420,05-09-2016,4,Santa Cruz Bikes,Petronila Norris,CA,Surly Wednesday Frameset - 2016,Mountain Bikes,Surly,2,999.99,0.05,1899.981,6
421,05-09-2016,4,Santa Cruz Bikes,Le Deleon,CA,Surly Ice Cream Truck Frameset - 2016,Mountain Bikes,Surly,2,469.99,0.07,874.1814,0
421,05-09-2016,4,Santa Cruz Bikes,Le Deleon,CA,Surly Wednesday Frameset - 2016,Mountain Bikes,Surly,2,999.99,0.2,1599.984,6
421,05-09-2016,4,Santa Cruz Bikes,Le Deleon,CA,Electra Townie Original 7D EQ - Women's - 2016,Cruisers Bicycles,Electra,2,599.99,0.2,959.984,26
421,05-09-2016,4,Santa Cruz Bikes,Le Deleon,CA,Trek Fuel EX 8 29 - 2016,Mountain Bikes,Trek,1,2899.99,0.07,2696.9907,23
421,05-09-2016,4,Santa Cruz Bikes,Le Deleon,CA,Electra Girl's Hawaii 1 (20-inch) - 2015/2016,Children Bicycles,Electra,2,299.99,0.2,479.984,9
422,06-09-2016,4,Baldwin Bikes,Suellen Mercado,NY,Electra Townie Original 7D EQ - Women's - 2016,Cruisers Bicycles,Electra,2,599.99,0.05,1139.981,20
423,06-09-2016,4,Baldwin Bikes,Dewayne Herring,NY,Trek Remedy 29 Carbon Frameset - 2016,Mountain Bikes,Trek,2,1799.99,0.05,3419.981,1
423,06-09-2016,4,Baldwin Bikes,Dewayne Herring,NY,Pure Cycles Vine 8-Speed - 2016,Cruisers Bicycles,Pure Cycles,1,429,0.2,343.2,3
423,06-09-2016,4,Baldwin Bikes,Dewayne Herring,NY,Electra Girl's Hawaii 1 (20-inch) - 2015/2016,Children Bicycles,Electra,2,299.99,0.07,557.9814,12
423,06-09-2016,4,Baldwin Bikes,Dewayne Herring,NY,Ritchey Timberwolf Frameset - 2016,Mountain Bikes,Ritchey,1,749.99,0.2,599.992,16
424,08-09-2016,4,Santa Cruz Bikes,Tommie Melton,CA,Electra Girl's Hawaii 1 (16-inch) - 2015/2016,Children Bicycles,Electra,1,269.99,0.1,242.991,29
424,08-09-2016,4,Santa Cruz Bikes,Tommie Melton,CA,Surly Ice Cream Truck Frameset - 2016,Mountain Bikes,Surly,1,469.99,0.05,446.4905,0
425,08-09-2016,4,Baldwin Bikes,Tessie Farmer,NY,Surly Ice Cream Truck Frameset - 2016,Mountain Bikes,Surly,1,469.99,0.1,422.991,11
425,08-09-2016,4,Baldwin Bikes,Tessie Farmer,NY,Electra Cruiser 1 (24-Inch) - 2016,Children Bicycles,Electra,2,269.99,0.07,502.1814,16
425,08-09-2016,4,Baldwin Bikes,Tessie Farmer,NY,Pure Cycles William 3-Speed - 2016,Cruisers Bicycles,Pure Cycles,1,449,0.05,426.55,15
426,08-09-2016,4,Baldwin Bikes,Tonja Henderson,NY,Surly Straggler - 2016,Cyclocross Bicycles,Surly,1,1549,0.1,1394.1,13
426,08-09-2016,4,Baldwin Bikes,Tonja Henderson,NY,Electra Girl's Hawaii 1 (20-inch) - 2015/2016,Children Bicycles,Electra,2,299.99,0.05,569.981,12
427,09-09-2016,4,Santa Cruz Bikes,Douglass Little,CA,Electra Townie Original 21D - 2016,Cruisers Bicycles,Electra,2,549.99,0.07,1022.9814,16
427,09-09-2016,4,Santa Cruz Bikes,Douglass Little,CA,Electra Moto 1 - 2016,Cruisers Bicycles,Electra,2,529.99,0.1,953.982,3
427,09-09-2016,4,Santa Cruz Bikes,Douglass Little,CA,Electra Townie Original 7D EQ - 2016,Comfort Bicycles,Electra,2,599.99,0.07,1115.9814,16
428,09-09-2016,4,Baldwin Bikes,Bee Baker,NY,Heller Shagamaw Frame - 2016,Mountain Bikes,Heller,2,1320.99,0.2,2113.584,1
428,09-09-2016,4,Baldwin Bikes,Bee Baker,NY,Electra Girl's Hawaii 1 (16-inch) - 2015/2016,Cruisers Bicycles,Electra,1,269.99,0.2,215.992,18
429,10-09-2016,4,Rowlett Bikes,Laraine Robbins,TX,Surly Straggler 650b - 2016,Cyclocross Bicycles,Surly,1,1680.99,0.2,1344.792,30
429,10-09-2016,4,Rowlett Bikes,Laraine Robbins,TX,Trek Fuel EX 8 29 - 2016,Mountain Bikes,Trek,2,2899.99,0.1,5219.982,11
429,10-09-2016,4,Rowlett Bikes,Laraine Robbins,TX,Heller Shagamaw Frame - 2016,Mountain Bikes,Heller,2,1320.99,0.05,2509.881,3
429,10-09-2016,4,Rowlett Bikes,Laraine Robbins,TX,Surly Ice Cream Truck Frameset - 2016,Mountain Bikes,Surly,1,469.99,0.07,437.0907,27
429,10-09-2016,4,Rowlett Bikes,Laraine Robbins,TX,Ritchey Timberwolf Frameset - 2016,Mountain Bikes,Ritchey,1,749.99,0.1,674.991,24
430,11-09-2016,4,Baldwin Bikes,Deja Chaney,NY,Electra Girl's Hawaii 1 (16-inch) - 2015/2016,Children Bicycles,Electra,2,269.99,0.1,485.982,0
430,11-09-2016,4,Baldwin Bikes,Deja Chaney,NY,Surly Straggler 650b - 2016,Cyclocross Bicycles,Surly,1,1680.99,0.07,1563.3207,21
430,11-09-2016,4,Baldwin Bikes,Deja Chaney,NY,Trek Fuel EX 8 29 - 2016,Mountain Bikes,Trek,2,2899.99,0.2,4639.984,2
430,11-09-2016,4,Baldwin Bikes,Deja Chaney,NY,Electra Cruiser 1 (24-Inch) - 2016,Cruisers Bicycles,Electra,2,269.99,0.2,431.984,1
430,11-09-2016,4,Baldwin Bikes,Deja Chaney,NY,Trek Remedy 29 Carbon Frameset - 2016,Mountain Bikes,Trek,1,1799.99,0.2,1439.992,1
431,11-09-2016,4,Baldwin Bikes,Carlie Terrell,NY,Electra Girl's Hawaii 1 (16-inch) - 2015/2016,Cruisers Bicycles,Electra,2,269.99,0.2,431.984,18
431,11-09-2016,4,Baldwin Bikes,Carlie Terrell,NY,Surly Ice Cream Truck Frameset - 2016,Mountain Bikes,Surly,1,469.99,0.1,422.991,11
431,11-09-2016,4,Baldwin Bikes,Carlie Terrell,NY,Pure Cycles Western 3-Speed - Women's - 2015/2016,Cruisers Bicycles,Pure Cycles,1,449,0.2,359.2,13
431,11-09-2016,4,Baldwin Bikes,Carlie Terrell,NY,Electra Cruiser 1 (24-Inch) - 2016,Cruisers Bicycles,Electra,2,269.99,0.07,502.1814,1
431,11-09-2016,4,Baldwin Bikes,Carlie Terrell,NY,Pure Cycles William 3-Speed - 2016,Cruisers Bicycles,Pure Cycles,1,449,0.07,417.57,15
432,12-09-2016,4,Santa Cruz Bikes,Karla Kirk,CA,Surly Straggler - 2016,Cyclocross Bicycles,Surly,2,1549,0.2,2478.4,15
432,12-09-2016,4,Santa Cruz Bikes,Karla Kirk,CA,Trek Slash 8 27.5 - 2016,Mountain Bikes,Trek,2,3999.99,0.05,7599.981,8
433,12-09-2016,4,Baldwin Bikes,Jerri Guthrie,NY,Surly Ice Cream Truck Frameset - 2016,Mountain Bikes,Surly,1,469.99,0.1,422.991,11
433,12-09-2016,4,Baldwin Bikes,Jerri Guthrie,NY,Surly Straggler - 2016,Cyclocross Bicycles,Surly,1,1549,0.2,1239.2,13
433,12-09-2016,4,Baldwin Bikes,Jerri Guthrie,NY,Electra Townie Original 21D - 2016,Comfort Bicycles,Electra,1,549.99,0.1,494.991,16
433,12-09-2016,4,Baldwin Bikes,Jerri Guthrie,NY,Trek Fuel EX 8 29 - 2016,Mountain Bikes,Trek,1,2899.99,0.2,2319.992,2
434,13-09-2016,4,Baldwin Bikes,Rochell Cantrell,NY,Electra Cruiser 1 (24-Inch) - 2016,Children Bicycles,Electra,1,269.99,0.05,256.4905,16
434,13-09-2016,4,Baldwin Bikes,Rochell Cantrell,NY,Electra Townie Original 7D EQ - Women's - 2016,Cruisers Bicycles,Electra,1,599.99,0.1,539.991,20
434,13-09-2016,4,Baldwin Bikes,Rochell Cantrell,NY,Trek Conduit+ - 2016,Electric Bikes,Trek,1,2999.99,0.2,2399.992,17
434,13-09-2016,4,Baldwin Bikes,Rochell Cantrell,NY,Surly Straggler 650b - 2016,Cyclocross Bicycles,Surly,2,1680.99,0.07,3126.6414,21
434,13-09-2016,4,Baldwin Bikes,Rochell Cantrell,NY,Pure Cycles Western 3-Speed - Women's - 2015/2016,Cruisers Bicycles,Pure Cycles,2,449,0.05,853.1,13
435,14-09-2016,4,Rowlett Bikes,Keri Bridges,TX,Electra Girl's Hawaii 1 (16-inch) - 2015/2016,Children Bicycles,Electra,1,269.99,0.05,256.4905,20
435,14-09-2016,4,Rowlett Bikes,Keri Bridges,TX,Trek Conduit+ - 2016,Electric Bikes,Trek,1,2999.99,0.05,2849.9905,23
435,14-09-2016,4,Rowlett Bikes,Keri Bridges,TX,Pure Cycles Western 3-Speed - Women's - 2015/2016,Cruisers Bicycles,Pure Cycles,1,449,0.05,426.55,5
436,16-09-2016,4,Baldwin Bikes,Yun Nelson,NY,Surly Wednesday Frameset - 2016,Mountain Bikes,Surly,1,999.99,0.05,949.9905,28
436,16-09-2016,4,Baldwin Bikes,Yun Nelson,NY,Electra Girl's Hawaii 1 (20-inch) - 2015/2016,Children Bicycles,Electra,1,299.99,0.2,239.992,12
437,16-09-2016,4,Baldwin Bikes,Adam Thornton,NY,Surly Wednesday Frameset - 2016,Mountain Bikes,Surly,1,999.99,0.05,949.9905,28
437,16-09-2016,4,Baldwin Bikes,Adam Thornton,NY,Surly Straggler - 2016,Cyclocross Bicycles,Surly,1,1549,0.05,1471.55,13
437,16-09-2016,4,Baldwin Bikes,Adam Thornton,NY,Trek Remedy 29 Carbon Frameset - 2016,Mountain Bikes,Trek,2,1799.99,0.05,3419.981,1
438,16-09-2016,4,Rowlett Bikes,Javier Nichols,TX,Trek Fuel EX 8 29 - 2016,Mountain Bikes,Trek,1,2899.99,0.07,2696.9907,11
438,16-09-2016,4,Rowlett Bikes,Javier Nichols,TX,Electra Girl's Hawaii 1 (16-inch) - 2015/2016,Children Bicycles,Electra,1,269.99,0.1,242.991,20
438,16-09-2016,4,Rowlett Bikes,Javier Nichols,TX,Trek Remedy 29 Carbon Frameset - 2016,Mountain Bikes,Trek,2,1799.99,0.05,3419.981,12
438,16-09-2016,4,Rowlett Bikes,Javier Nichols,TX,Electra Cruiser 1 (24-Inch) - 2016,Cruisers Bicycles,Electra,2,269.99,0.05,512.981,19
439,17-09-2016,4,Baldwin Bikes,Meredith Bryan,NY,Surly Ice Cream Truck Frameset - 2016,Mountain Bikes,Surly,2,469.99,0.07,874.1814,11
439,17-09-2016,4,Baldwin Bikes,Meredith Bryan,NY,Trek Slash 8 27.5 - 2016,Mountain Bikes,Trek,2,3999.99,0.05,7599.981,8
440,17-09-2016,4,Baldwin Bikes,Hilda Harvey,NY,Pure Cycles William 3-Speed - 2016,Cruisers Bicycles,Pure Cycles,2,449,0.07,835.14,15
440,17-09-2016,4,Baldwin Bikes,Hilda Harvey,NY,Trek Fuel EX 8 29 - 2016,Mountain Bikes,Trek,2,2899.99,0.07,5393.9814,2
441,18-09-2016,4,Santa Cruz Bikes,Morton Barron,CA,Electra Townie Original 21D - 2016,Cruisers Bicycles,Electra,1,549.99,0.07,511.4907,16
441,18-09-2016,4,Santa Cruz Bikes,Morton Barron,CA,Electra Moto 1 - 2016,Cruisers Bicycles,Electra,1,529.99,0.1,476.991,3
442,18-09-2016,4,Baldwin Bikes,Etsuko Garrison,NY,Electra Townie Original 7D EQ - 2016,Cruisers Bicycles,Electra,2,599.99,0.07,1115.9814,20
442,18-09-2016,4,Baldwin Bikes,Etsuko Garrison,NY,Electra Townie Original 7D EQ - 2016,Comfort Bicycles,Electra,2,599.99,0.2,959.984,2
442,18-09-2016,4,Baldwin Bikes,Etsuko Garrison,NY,Surly Ice Cream Truck Frameset - 2016,Mountain Bikes,Surly,2,469.99,0.2,751.984,11
443,18-09-2016,4,Baldwin Bikes,Pandora Estes,NY,Heller Shagamaw Frame - 2016,Mountain Bikes,Heller,1,1320.99,0.05,1254.9405,1
443,18-09-2016,4,Baldwin Bikes,Pandora Estes,NY,Electra Townie Original 7D EQ - 2016,Comfort Bicycles,Electra,1,599.99,0.2,479.992,2
444,19-09-2016,4,Santa Cruz Bikes,Jamaal Albert,CA,Electra Girl's Hawaii 1 (16-inch) - 2015/2016,Children Bicycles,Electra,1,269.99,0.07,251.0907,29
444,19-09-2016,4,Santa Cruz Bikes,Jamaal Albert,CA,Electra Moto 1 - 2016,Cruisers Bicycles,Electra,2,529.99,0.07,985.7814,3
444,19-09-2016,4,Santa Cruz Bikes,Jamaal Albert,CA,Electra Townie Original 7D EQ - Women's - 2016,Cruisers Bicycles,Electra,2,599.99,0.05,1139.981,26
444,19-09-2016,4,Santa Cruz Bikes,Jamaal Albert,CA,Electra Townie Original 7D EQ - 2016,Cruisers Bicycles,Electra,1,599.99,0.1,539.991,4
444,19-09-2016,4,Santa Cruz Bikes,Jamaal Albert,CA,Surly Straggler - 2016,Cyclocross Bicycles,Surly,2,1549,0.2,2478.4,15
445,19-09-2016,4,Baldwin Bikes,Olevia Noel,NY,Trek Slash 8 27.5 - 2016,Mountain Bikes,Trek,1,3999.99,0.2,3199.992,8
445,19-09-2016,4,Baldwin Bikes,Olevia Noel,NY,Electra Townie Original 7D EQ - 2016,Cruisers Bicycles,Electra,1,599.99,0.07,557.9907,20
445,19-09-2016,4,Baldwin Bikes,Olevia Noel,NY,Electra Girl's Hawaii 1 (20-inch) - 2015/2016,Children Bicycles,Electra,1,299.99,0.2,239.992,12
446,19-09-2016,4,Baldwin Bikes,Bart Hess,NY,Electra Girl's Hawaii 1 (16-inch) - 2015/2016,Children Bicycles,Electra,1,269.99,0.2,215.992,0
446,19-09-2016,4,Baldwin Bikes,Bart Hess,NY,Electra Townie Original 7D EQ - 2016,Cruisers Bicycles,Electra,2,599.99,0.07,1115.9814,20
447,20-09-2016,4,Rowlett Bikes,Vallie Dixon,TX,Trek Fuel EX 8 29 - 2016,Mountain Bikes,Trek,2,2899.99,0.05,5509.981,11
447,20-09-2016,4,Rowlett Bikes,Vallie Dixon,TX,Surly Wednesday Frameset - 2016,Mountain Bikes,Surly,1,999.99,0.1,899.991,0
447,20-09-2016,4,Rowlett Bikes,Vallie Dixon,TX,Trek Remedy 29 Carbon Frameset - 2016,Mountain Bikes,Trek,1,1799.99,0.07,1673.9907,12
448,21-09-2016,4,Baldwin Bikes,Nichelle Howell,NY,Electra Cruiser 1 (24-Inch) - 2016,Cruisers Bicycles,Electra,2,269.99,0.05,512.981,1
448,21-09-2016,4,Baldwin Bikes,Nichelle Howell,NY,Surly Ice Cream Truck Frameset - 2016,Mountain Bikes,Surly,2,469.99,0.05,892.981,11
449,21-09-2016,4,Baldwin Bikes,Justa Thompson,NY,Pure Cycles Vine 8-Speed - 2016,Cruisers Bicycles,Pure Cycles,2,429,0.05,815.1,3
449,21-09-2016,4,Baldwin Bikes,Justa Thompson,NY,Ritchey Timberwolf Frameset - 2016,Mountain Bikes,Ritchey,1,749.99,0.05,712.4905,16
449,21-09-2016,4,Baldwin Bikes,Justa Thompson,NY,Trek Slash 8 27.5 - 2016,Mountain Bikes,Trek,2,3999.99,0.07,7439.9814,8
449,21-09-2016,4,Baldwin Bikes,Justa Thompson,NY,Electra Townie Original 7D EQ - 2016,Comfort Bicycles,Electra,2,599.99,0.2,959.984,2
450,21-09-2016,4,Baldwin Bikes,Laurence Christian,NY,Electra Townie Original 21D - 2016,Comfort Bicycles,Electra,1,549.99,0.05,522.4905,16
450,21-09-2016,4,Baldwin Bikes,Laurence Christian,NY,Electra Townie Original 21D - 2016,Cruisers Bicycles,Electra,1,549.99,0.07,511.4907,2
450,21-09-2016,4,Baldwin Bikes,Laurence Christian,NY,Heller Shagamaw Frame - 2016,Mountain Bikes,Heller,1,1320.99,0.1,1188.891,1
451,21-09-2016,4,Baldwin Bikes,Charlsie Carson,NY,Electra Girl's Hawaii 1 (16-inch) - 2015/2016,Cruisers Bicycles,Electra,2,269.99,0.05,512.981,18
452,22-09-2016,4,Baldwin Bikes,Trinidad Mcclain,NY,Surly Straggler 650b - 2016,Cyclocross Bicycles,Surly,1,1680.99,0.05,1596.9405,21
452,22-09-2016,4,Baldwin Bikes,Trinidad Mcclain,NY,Electra Townie Original 7D EQ - 2016,Cruisers Bicycles,Electra,1,599.99,0.05,569.9905,20
452,22-09-2016,4,Baldwin Bikes,Trinidad Mcclain,NY,Trek Slash 8 27.5 - 2016,Mountain Bikes,Trek,2,3999.99,0.1,7199.982,8
452,22-09-2016,4,Baldwin Bikes,Trinidad Mcclain,NY,Trek Remedy 29 Carbon Frameset - 2016,Mountain Bikes,Trek,1,1799.99,0.1,1619.991,1
453,22-09-2016,4,Baldwin Bikes,Shanna Bonner,NY,Electra Girl's Hawaii 1 (20-inch) - 2015/2016,Children Bicycles,Electra,1,299.99,0.05,284.9905,12
453,22-09-2016,4,Baldwin Bikes,Shanna Bonner,NY,Electra Townie Original 7D EQ - Women's - 2016,Cruisers Bicycles,Electra,2,599.99,0.2,959.984,20
453,22-09-2016,4,Baldwin Bikes,Shanna Bonner,NY,Trek Fuel EX 8 29 - 2016,Mountain Bikes,Trek,1,2899.99,0.2,2319.992,2
454,23-09-2016,4,Baldwin Bikes,Vanda Holmes,NY,Electra Townie Original 7D - 2015/2016,Comfort Bicycles,Electra,2,499.99,0.07,929.9814,18
454,23-09-2016,4,Baldwin Bikes,Vanda Holmes,NY,Electra Cruiser 1 (24-Inch) - 2016,Cruisers Bicycles,Electra,2,269.99,0.05,512.981,1
454,23-09-2016,4,Baldwin Bikes,Vanda Holmes,NY,Electra Townie Original 21D - 2016,Comfort Bicycles,Electra,2,549.99,0.1,989.982,16
455,23-09-2016,4,Baldwin Bikes,Hildegarde Christensen,NY,Trek Conduit+ - 2016,Electric Bikes,Trek,1,2999.99,0.05,2849.9905,17
456,23-09-2016,4,Rowlett Bikes,Alanna Barry,TX,Pure Cycles Vine 8-Speed - 2016,Cruisers Bicycles,Pure Cycles,2,429,0.07,797.94,22
456,23-09-2016,4,Rowlett Bikes,Alanna Barry,TX,Electra Girl's Hawaii 1 (20-inch) - 2015/2016,Children Bicycles,Electra,1,299.99,0.07,278.9907,8
457,24-09-2016,4,Santa Cruz Bikes,Kami Rios,CA,Electra Townie Original 21D - 2016,Comfort Bicycles,Electra,2,549.99,0.07,1022.9814,10
457,24-09-2016,4,Santa Cruz Bikes,Kami Rios,CA,Ritchey Timberwolf Frameset - 2016,Mountain Bikes,Ritchey,1,749.99,0.05,712.4905,5
457,24-09-2016,4,Santa Cruz Bikes,Kami Rios,CA,Trek Slash 8 27.5 - 2016,Mountain Bikes,Trek,2,3999.99,0.1,7199.982,8
457,24-09-2016,4,Santa Cruz Bikes,Kami Rios,CA,Pure Cycles Vine 8-Speed - 2016,Cruisers Bicycles,Pure Cycles,1,429,0.2,343.2,2
458,25-09-2016,4,Baldwin Bikes,Andy O'neill,NY,Ritchey Timberwolf Frameset - 2016,Mountain Bikes,Ritchey,1,749.99,0.2,599.992,16
458,25-09-2016,4,Baldwin Bikes,Andy O'neill,NY,Electra Cruiser 1 (24-Inch) - 2016,Children Bicycles,Electra,2,269.99,0.07,502.1814,16
458,25-09-2016,4,Baldwin Bikes,Andy O'neill,NY,Surly Straggler 650b - 2016,Cyclocross Bicycles,Surly,1,1680.99,0.1,1512.891,21
458,25-09-2016,4,Baldwin Bikes,Andy O'neill,NY,Electra Townie Original 21D - 2016,Comfort Bicycles,Electra,1,549.99,0.2,439.992,16
458,25-09-2016,4,Baldwin Bikes,Andy O'neill,NY,Surly Wednesday Frameset - 2016,Mountain Bikes,Surly,2,999.99,0.2,1599.984,28
459,25-09-2016,4,Baldwin Bikes,Mila Good,NY,Surly Straggler 650b - 2016,Cyclocross Bicycles,Surly,1,1680.99,0.2,1344.792,21
460,25-09-2016,4,Rowlett Bikes,Ladawn Downs,TX,Pure Cycles William 3-Speed - 2016,Cruisers Bicycles,Pure Cycles,1,449,0.05,426.55,24
460,25-09-2016,4,Rowlett Bikes,Ladawn Downs,TX,Pure Cycles Western 3-Speed - Women's - 2015/2016,Cruisers Bicycles,Pure Cycles,2,449,0.07,835.14,5
460,25-09-2016,4,Rowlett Bikes,Ladawn Downs,TX,Trek Fuel EX 8 29 - 2016,Mountain Bikes,Trek,1,2899.99,0.2,2319.992,11
460,25-09-2016,4,Rowlett Bikes,Ladawn Downs,TX,Electra Girl's Hawaii 1 (16-inch) - 2015/2016,Children Bicycles,Electra,2,269.99,0.1,485.982,20
461,26-09-2016,4,Baldwin Bikes,Brittney Rojas,NY,Electra Townie Original 7D EQ - 2016,Cruisers Bicycles,Electra,1,599.99,0.07,557.9907,20
461,26-09-2016,4,Baldwin Bikes,Brittney Rojas,NY,Trek Fuel EX 8 29 - 2016,Mountain Bikes,Trek,1,2899.99,0.2,2319.992,2
461,26-09-2016,4,Baldwin Bikes,Brittney Rojas,NY,Trek Remedy 29 Carbon Frameset - 2016,Mountain Bikes,Trek,2,1799.99,0.05,3419.981,1
461,26-09-2016,4,Baldwin Bikes,Brittney Rojas,NY,Electra Townie Original 21D - 2016,Comfort Bicycles,Electra,1,549.99,0.1,494.991,16
461,26-09-2016,4,Baldwin Bikes,Brittney Rojas,NY,Pure Cycles Western 3-Speed - Women's - 2015/2016,Cruisers Bicycles,Pure Cycles,2,449,0.1,808.2,13
462,27-09-2016,4,Baldwin Bikes,Lezlie Thompson,NY,Electra Townie Original 21D - 2016,Cruisers Bicycles,Electra,2,549.99,0.1,989.982,2
463,27-09-2016,4,Rowlett Bikes,Brent Calderon,TX,Electra Cruiser 1 (24-Inch) - 2016,Cruisers Bicycles,Electra,2,269.99,0.07,502.1814,19
464,28-09-2016,4,Baldwin Bikes,Georgeann Waller,NY,Trek Slash 8 27.5 - 2016,Mountain Bikes,Trek,1,3999.99,0.1,3599.991,8
465,28-09-2016,4,Baldwin Bikes,Cheryll Snyder,NY,Surly Ice Cream Truck Frameset - 2016,Mountain Bikes,Surly,2,469.99,0.1,845.982,11
465,28-09-2016,4,Baldwin Bikes,Cheryll Snyder,NY,Electra Townie Original 7D - 2015/2016,Comfort Bicycles,Electra,2,499.99,0.1,899.982,18
466,28-09-2016,4,Baldwin Bikes,Ernest Rollins,NY,Pure Cycles William 3-Speed - 2016,Cruisers Bicycles,Pure Cycles,2,449,0.2,718.4,15
466,28-09-2016,4,Baldwin Bikes,Ernest Rollins,NY,Surly Ice Cream Truck Frameset - 2016,Mountain Bikes,Surly,1,469.99,0.2,375.992,11
466,28-09-2016,4,Baldwin Bikes,Ernest Rollins,NY,Trek Slash 8 27.5 - 2016,Mountain Bikes,Trek,2,3999.99,0.05,7599.981,8
466,28-09-2016,4,Baldwin Bikes,Ernest Rollins,NY,Electra Moto 1 - 2016,Cruisers Bicycles,Electra,1,529.99,0.1,476.991,6
466,28-09-2016,4,Baldwin Bikes,Ernest Rollins,NY,Heller Shagamaw Frame - 2016,Mountain Bikes,Heller,1,1320.99,0.1,1188.891,1
467,28-09-2016,4,Rowlett Bikes,Marry Benjamin,TX,Pure Cycles William 3-Speed - 2016,Cruisers Bicycles,Pure Cycles,1,449,0.07,417.57,24
467,28-09-2016,4,Rowlett Bikes,Marry Benjamin,TX,Surly Straggler - 2016,Cyclocross Bicycles,Surly,1,1549,0.07,1440.57,21
467,28-09-2016,4,Rowlett Bikes,Marry Benjamin,TX,Electra Girl's Hawaii 1 (16-inch) - 2015/2016,Children Bicycles,Electra,2,269.99,0.1,485.982,20
467,28-09-2016,4,Rowlett Bikes,Marry Benjamin,TX,Pure Cycles Vine 8-Speed - 2016,Cruisers Bicycles,Pure Cycles,2,429,0.07,797.94,22
467,28-09-2016,4,Rowlett Bikes,Marry Benjamin,TX,Surly Straggler 650b - 2016,Cyclocross Bicycles,Surly,1,1680.99,0.1,1512.891,30
468,29-09-2016,4,Santa Cruz Bikes,Adelaida Hancock,CA,Pure Cycles William 3-Speed - 2016,Cruisers Bicycles,Pure Cycles,1,449,0.1,404.1,4
468,29-09-2016,4,Santa Cruz Bikes,Adelaida Hancock,CA,Trek Conduit+ - 2016,Electric Bikes,Trek,2,2999.99,0.05,5699.981,11
468,29-09-2016,4,Santa Cruz Bikes,Adelaida Hancock,CA,Surly Straggler - 2016,Cyclocross Bicycles,Surly,2,1549,0.05,2943.1,15
468,29-09-2016,4,Santa Cruz Bikes,Adelaida Hancock,CA,Electra Townie Original 7D - 2015/2016,Comfort Bicycles,Electra,1,499.99,0.1,449.991,10
469,29-09-2016,4,Baldwin Bikes,Chere Mcfadden,NY,Trek Remedy 29 Carbon Frameset - 2016,Mountain Bikes,Trek,2,1799.99,0.1,3239.982,1
469,29-09-2016,4,Baldwin Bikes,Chere Mcfadden,NY,Trek Fuel EX 8 29 - 2016,Mountain Bikes,Trek,1,2899.99,0.07,2696.9907,2
469,29-09-2016,4,Baldwin Bikes,Chere Mcfadden,NY,Electra Moto 1 - 2016,Cruisers Bicycles,Electra,2,529.99,0.2,847.984,6
470,30-09-2016,4,Santa Cruz Bikes,Derrick Marks,CA,Pure Cycles Western 3-Speed - Women's - 2015/2016,Cruisers Bicycles,Pure Cycles,1,449,0.05,426.55,16
470,30-09-2016,4,Santa Cruz Bikes,Derrick Marks,CA,Electra Cruiser 1 (24-Inch) - 2016,Cruisers Bicycles,Electra,1,269.99,0.05,256.4905,13
470,30-09-2016,4,Santa Cruz Bikes,Derrick Marks,CA,Trek Remedy 29 Carbon Frameset - 2016,Mountain Bikes,Trek,2,1799.99,0.2,2879.984,0
471,30-09-2016,4,Santa Cruz Bikes,Alane Mccarty,CA,Electra Girl's Hawaii 1 (16-inch) - 2015/2016,Cruisers Bicycles,Electra,1,269.99,0.2,215.992,8
471,30-09-2016,4,Santa Cruz Bikes,Alane Mccarty,CA,Electra Cruiser 1 (24-Inch) - 2016,Cruisers Bicycles,Electra,2,269.99,0.05,512.981,13
472,30-09-2016,4,Baldwin Bikes,Jeanett Herman,NY,Electra Moto 1 - 2016,Cruisers Bicycles,Electra,1,529.99,0.1,476.991,6
472,30-09-2016,4,Baldwin Bikes,Jeanett Herman,NY,Electra Cruiser 1 (24-Inch) - 2016,Children Bicycles,Electra,2,269.99,0.1,485.982,16
473,30-09-2016,4,Baldwin Bikes,Elmo Arnold,NY,Electra Townie Original 7D EQ - 2016,Comfort Bicycles,Electra,1,599.99,0.07,557.9907,2
474,01-10-2016,4,Santa Cruz Bikes,Rory Cooper,CA,Pure Cycles William 3-Speed - 2016,Cruisers Bicycles,Pure Cycles,2,449,0.05,853.1,4
474,01-10-2016,4,Santa Cruz Bikes,Rory Cooper,CA,Surly Straggler 650b - 2016,Cyclocross Bicycles,Surly,1,1680.99,0.2,1344.792,8
475,01-10-2016,4,Baldwin Bikes,Manie Sanchez,NY,Pure Cycles Vine 8-Speed - 2016,Cruisers Bicycles,Pure Cycles,2,429,0.07,797.94,3
475,01-10-2016,4,Baldwin Bikes,Manie Sanchez,NY,Electra Townie Original 7D EQ - 2016,Comfort Bicycles,Electra,2,599.99,0.2,959.984,2
475,01-10-2016,4,Baldwin Bikes,Manie Sanchez,NY,Electra Townie Original 7D - 2015/2016,Comfort Bicycles,Electra,1,499.99,0.2,399.992,18
476,01-10-2016,4,Baldwin Bikes,Basilia Thornton,NY,Electra Girl's Hawaii 1 (16-inch) - 2015/2016,Children Bicycles,Electra,2,269.99,0.07,502.1814,0
476,01-10-2016,4,Baldwin Bikes,Basilia Thornton,NY,Trek Fuel EX 8 29 - 2016,Mountain Bikes,Trek,2,2899.99,0.2,4639.984,2
476,01-10-2016,4,Baldwin Bikes,Basilia Thornton,NY,Surly Straggler 650b - 2016,Cyclocross Bicycles,Surly,2,1680.99,0.07,3126.6414,21
476,01-10-2016,4,Baldwin Bikes,Basilia Thornton,NY,Electra Townie Original 7D EQ - Women's - 2016,Cruisers Bicycles,Electra,2,599.99,0.05,1139.981,20
477,02-10-2016,4,Santa Cruz Bikes,Josie Schultz,CA,Surly Ice Cream Truck Frameset - 2016,Mountain Bikes,Surly,1,469.99,0.1,422.991,0
477,02-10-2016,4,Santa Cruz Bikes,Josie Schultz,CA,Surly Straggler - 2016,Cyclocross Bicycles,Surly,1,1549,0.05,1471.55,15
478,02-10-2016,4,Baldwin Bikes,Jayme Zamora,NY,Electra Cruiser 1 (24-Inch) - 2016,Children Bicycles,Electra,2,269.99,0.07,502.1814,16
479,03-10-2016,4,Baldwin Bikes,Ivette Warren,NY,Electra Townie Original 7D EQ - 2016,Comfort Bicycles,Electra,1,599.99,0.07,557.9907,2
479,03-10-2016,4,Baldwin Bikes,Ivette Warren,NY,Electra Townie Original 21D - 2016,Cruisers Bicycles,Electra,1,549.99,0.05,522.4905,2
479,03-10-2016,4,Baldwin Bikes,Ivette Warren,NY,Electra Cruiser 1 (24-Inch) - 2016,Children Bicycles,Electra,1,269.99,0.2,215.992,16
479,03-10-2016,4,Baldwin Bikes,Ivette Warren,NY,Trek Slash 8 27.5 - 2016,Mountain Bikes,Trek,1,3999.99,0.05,3799.9905,8
479,03-10-2016,4,Baldwin Bikes,Ivette Warren,NY,Surly Straggler - 2016,Cyclocross Bicycles,Surly,1,1549,0.2,1239.2,13
480,04-10-2016,4,Santa Cruz Bikes,Darcel Harmon,CA,Trek Fuel EX 8 29 - 2016,Mountain Bikes,Trek,1,2899.99,0.05,2754.9905,23
480,04-10-2016,4,Santa Cruz Bikes,Darcel Harmon,CA,Electra Moto 1 - 2016,Cruisers Bicycles,Electra,1,529.99,0.05,503.4905,3
480,04-10-2016,4,Santa Cruz Bikes,Darcel Harmon,CA,Electra Girl's Hawaii 1 (20-inch) - 2015/2016,Children Bicycles,Electra,2,299.99,0.07,557.9814,9
481,04-10-2016,4,Rowlett Bikes,Jayson Rutledge,TX,Electra Cruiser 1 (24-Inch) - 2016,Cruisers Bicycles,Electra,2,269.99,0.2,431.984,19
481,04-10-2016,4,Rowlett Bikes,Jayson Rutledge,TX,Electra Townie Original 7D EQ - 2016,Cruisers Bicycles,Electra,2,599.99,0.07,1115.9814,19
481,04-10-2016,4,Rowlett Bikes,Jayson Rutledge,TX,Trek Conduit+ - 2016,Electric Bikes,Trek,2,2999.99,0.1,5399.982,23
482,05-10-2016,4,Baldwin Bikes,Whitney Cash,NY,Electra Cruiser 1 (24-Inch) - 2016,Cruisers Bicycles,Electra,1,269.99,0.2,215.992,1
482,05-10-2016,4,Baldwin Bikes,Whitney Cash,NY,Electra Girl's Hawaii 1 (16-inch) - 2015/2016,Cruisers Bicycles,Electra,1,269.99,0.1,242.991,18
483,06-10-2016,4,Santa Cruz Bikes,Diana Cobb,CA,Pure Cycles Vine 8-Speed - 2016,Cruisers Bicycles,Pure Cycles,1,429,0.07,398.97,2
484,06-10-2016,4,Baldwin Bikes,Iola Rasmussen,NY,Trek Remedy 29 Carbon Frameset - 2016,Mountain Bikes,Trek,2,1799.99,0.1,3239.982,1
484,06-10-2016,4,Baldwin Bikes,Iola Rasmussen,NY,Electra Townie Original 21D - 2016,Comfort Bicycles,Electra,1,549.99,0.05,522.4905,16
484,06-10-2016,4,Baldwin Bikes,Iola Rasmussen,NY,Trek Conduit+ - 2016,Electric Bikes,Trek,2,2999.99,0.05,5699.981,17
484,06-10-2016,4,Baldwin Bikes,Iola Rasmussen,NY,Surly Ice Cream Truck Frameset - 2016,Mountain Bikes,Surly,1,469.99,0.2,375.992,11
485,06-10-2016,4,Baldwin Bikes,Birdie Kramer,NY,Electra Cruiser 1 (24-Inch) - 2016,Cruisers Bicycles,Electra,1,269.99,0.1,242.991,1
485,06-10-2016,4,Baldwin Bikes,Birdie Kramer,NY,Electra Townie Original 7D EQ - 2016,Comfort Bicycles,Electra,2,599.99,0.05,1139.981,2
486,06-10-2016,4,Baldwin Bikes,Vinnie Chan,NY,Trek Conduit+ - 2016,Electric Bikes,Trek,1,2999.99,0.07,2789.9907,17
486,06-10-2016,4,Baldwin Bikes,Vinnie Chan,NY,Electra Girl's Hawaii 1 (20-inch) - 2015/2016,Children Bicycles,Electra,2,299.99,0.05,569.981,12
487,06-10-2016,4,Baldwin Bikes,George Pickett,NY,Surly Ice Cream Truck Frameset - 2016,Mountain Bikes,Surly,1,469.99,0.2,375.992,11
488,06-10-2016,4,Baldwin Bikes,Evelin Vargas,NY,Electra Cruiser 1 (24-Inch) - 2016,Cruisers Bicycles,Electra,2,269.99,0.07,502.1814,1
488,06-10-2016,4,Baldwin Bikes,Evelin Vargas,NY,Electra Girl's Hawaii 1 (20-inch) - 2015/2016,Children Bicycles,Electra,2,299.99,0.05,569.981,12
488,06-10-2016,4,Baldwin Bikes,Evelin Vargas,NY,Electra Girl's Hawaii 1 (16-inch) - 2015/2016,Children Bicycles,Electra,1,269.99,0.05,256.4905,0
489,06-10-2016,4,Rowlett Bikes,Carisa Carpenter,TX,Trek Remedy 29 Carbon Frameset - 2016,Mountain Bikes,Trek,2,1799.99,0.1,3239.982,12
490,07-10-2016,4,Baldwin Bikes,Onita Macdonald,NY,Electra Townie Original 21D - 2016,Cruisers Bicycles,Electra,1,549.99,0.1,494.991,2
490,07-10-2016,4,Baldwin Bikes,Onita Macdonald,NY,Electra Girl's Hawaii 1 (20-inch) - 2015/2016,Children Bicycles,Electra,1,299.99,0.05,284.9905,12
490,07-10-2016,4,Baldwin Bikes,Onita Macdonald,NY,Electra Girl's Hawaii 1 (16-inch) - 2015/2016,Cruisers Bicycles,Electra,1,269.99,0.1,242.991,18
490,07-10-2016,4,Baldwin Bikes,Onita Macdonald,NY,Electra Cruiser 1 (24-Inch) - 2016,Cruisers Bicycles,Electra,2,269.99,0.07,502.1814,1
491,08-10-2016,4,Santa Cruz Bikes,Ji Burt,CA,Trek Conduit+ - 2016,Electric Bikes,Trek,2,2999.99,0.2,4799.984,11
491,08-10-2016,4,Santa Cruz Bikes,Ji Burt,CA,Electra Cruiser 1 (24-Inch) - 2016,Children Bicycles,Electra,2,269.99,0.05,512.981,24
491,08-10-2016,4,Santa Cruz Bikes,Ji Burt,CA,Electra Moto 1 - 2016,Cruisers Bicycles,Electra,2,529.99,0.05,1006.981,3
492,09-10-2016,4,Santa Cruz Bikes,Graciela Barber,CA,Surly Ice Cream Truck Frameset - 2016,Mountain Bikes,Surly,1,469.99,0.1,422.991,0
492,09-10-2016,4,Santa Cruz Bikes,Graciela Barber,CA,Electra Girl's Hawaii 1 (16-inch) - 2015/2016,Children Bicycles,Electra,2,269.99,0.1,485.982,29
492,09-10-2016,4,Santa Cruz Bikes,Graciela Barber,CA,Electra Townie Original 7D EQ - 2016,Comfort Bicycles,Electra,1,599.99,0.05,569.9905,16
493,09-10-2016,4,Santa Cruz Bikes,Rosalie Coffey,CA,Electra Moto 1 - 2016,Cruisers Bicycles,Electra,1,529.99,0.05,503.4905,3
493,09-10-2016,4,Santa Cruz Bikes,Rosalie Coffey,CA,Pure Cycles Western 3-Speed - Women's - 2015/2016,Cruisers Bicycles,Pure Cycles,2,449,0.05,853.1,16
493,09-10-2016,4,Santa Cruz Bikes,Rosalie Coffey,CA,Electra Townie Original 7D EQ - 2016,Comfort Bicycles,Electra,1,599.99,0.05,569.9905,16
494,09-10-2016,4,Baldwin Bikes,Tanesha Sawyer,NY,Electra Girl's Hawaii 1 (20-inch) - 2015/2016,Children Bicycles,Electra,1,299.99,0.1,269.991,12
495,10-10-2016,4,Santa Cruz Bikes,Kecia Olsen,CA,Electra Girl's Hawaii 1 (16-inch) - 2015/2016,Children Bicycles,Electra,1,269.99,0.2,215.992,29
495,10-10-2016,4,Santa Cruz Bikes,Kecia Olsen,CA,Trek Conduit+ - 2016,Electric Bikes,Trek,1,2999.99,0.05,2849.9905,11
496,10-10-2016,4,Baldwin Bikes,Ayanna Rhodes,NY,Electra Girl's Hawaii 1 (20-inch) - 2015/2016,Children Bicycles,Electra,1,299.99,0.2,239.992,12
496,10-10-2016,4,Baldwin Bikes,Ayanna Rhodes,NY,Electra Cruiser 1 (24-Inch) - 2016,Cruisers Bicycles,Electra,1,269.99,0.1,242.991,1
496,10-10-2016,4,Baldwin Bikes,Ayanna Rhodes,NY,Electra Cruiser 1 (24-Inch) - 2016,Children Bicycles,Electra,2,269.99,0.2,431.984,16
497,10-10-2016,4,Baldwin Bikes,Kandis Mills,NY,Electra Townie Original 7D - 2015/2016,Comfort Bicycles,Electra,2,499.99,0.07,929.9814,18
498,10-10-2016,4,Baldwin Bikes,Divina Reeves,NY,Electra Townie Original 21D - 2016,Comfort Bicycles,Electra,1,549.99,0.07,511.4907,16
498,10-10-2016,4,Baldwin Bikes,Divina Reeves,NY,Electra Cruiser 1 (24-Inch) - 2016,Children Bicycles,Electra,1,269.99,0.1,242.991,16
498,10-10-2016,4,Baldwin Bikes,Divina Reeves,NY,Surly Straggler - 2016,Cyclocross Bicycles,Surly,1,1549,0.07,1440.57,13
499,11-10-2016,4,Santa Cruz Bikes,Rodrick Shelton,CA,Surly Straggler 650b - 2016,Cyclocross Bicycles,Surly,1,1680.99,0.2,1344.792,8
499,11-10-2016,4,Santa Cruz Bikes,Rodrick Shelton,CA,Electra Moto 1 - 2016,Cruisers Bicycles,Electra,1,529.99,0.07,492.8907,3
499,11-10-2016,4,Santa Cruz Bikes,Rodrick Shelton,CA,Electra Girl's Hawaii 1 (16-inch) - 2015/2016,Cruisers Bicycles,Electra,2,269.99,0.2,431.984,8
499,11-10-2016,4,Santa Cruz Bikes,Rodrick Shelton,CA,Electra Townie Original 7D EQ - Women's - 2016,Cruisers Bicycles,Electra,2,599.99,0.1,1079.982,26
500,11-10-2016,4,Baldwin Bikes,Julee Woodard,NY,Electra Townie Original 21D - 2016,Cruisers Bicycles,Electra,2,549.99,0.05,1044.981,2
500,11-10-2016,4,Baldwin Bikes,Julee Woodard,NY,Electra Girl's Hawaii 1 (16-inch) - 2015/2016,Cruisers Bicycles,Electra,1,269.99,0.2,215.992,18
501,11-10-2016,4,Baldwin Bikes,Barton Cox,NY,Pure Cycles William 3-Speed - 2016,Cruisers Bicycles,Pure Cycles,2,449,0.05,853.1,15
501,11-10-2016,4,Baldwin Bikes,Barton Cox,NY,Trek Remedy 29 Carbon Frameset - 2016,Mountain Bikes,Trek,1,1799.99,0.07,1673.9907,1
501,11-10-2016,4,Baldwin Bikes,Barton Cox,NY,Electra Girl's Hawaii 1 (16-inch) - 2015/2016,Cruisers Bicycles,Electra,1,269.99,0.1,242.991,18
501,11-10-2016,4,Baldwin Bikes,Barton Cox,NY,Electra Girl's Hawaii 1 (20-inch) - 2015/2016,Children Bicycles,Electra,2,299.99,0.07,557.9814,12
502,12-10-2016,4,Rowlett Bikes,Shaunda Barnett,TX,Electra Cruiser 1 (24-Inch) - 2016,Cruisers Bicycles,Electra,1,269.99,0.05,256.4905,19
503,13-10-2016,4,Baldwin Bikes,Yvonne Bean,NY,Electra Cruiser 1 (24-Inch) - 2016,Cruisers Bicycles,Electra,2,269.99,0.07,502.1814,1
503,13-10-2016,4,Baldwin Bikes,Yvonne Bean,NY,Surly Straggler - 2016,Cyclocross Bicycles,Surly,1,1549,0.05,1471.55,13
504,14-10-2016,4,Santa Cruz Bikes,Mercedez Brooks,CA,Electra Townie Original 21D - 2016,Comfort Bicycles,Electra,2,549.99,0.1,989.982,10
504,14-10-2016,4,Santa Cruz Bikes,Mercedez Brooks,CA,Ritchey Timberwolf Frameset - 2016,Mountain Bikes,Ritchey,2,749.99,0.05,1424.981,5
505,14-10-2016,4,Baldwin Bikes,Erlinda Osborne,NY,Electra Townie Original 7D EQ - 2016,Comfort Bicycles,Electra,1,599.99,0.2,479.992,2
506,14-10-2016,4,Baldwin Bikes,Lory Berg,NY,Electra Townie Original 7D - 2015/2016,Comfort Bicycles,Electra,1,499.99,0.1,449.991,18
506,14-10-2016,4,Baldwin Bikes,Lory Berg,NY,Trek Slash 8 27.5 - 2016,Mountain Bikes,Trek,1,3999.99,0.07,3719.9907,8
507,15-10-2016,4,Santa Cruz Bikes,Enoch Rosario,CA,Surly Straggler 650b - 2016,Cyclocross Bicycles,Surly,2,1680.99,0.05,3193.881,8
507,15-10-2016,4,Santa Cruz Bikes,Enoch Rosario,CA,Electra Cruiser 1 (24-Inch) - 2016,Cruisers Bicycles,Electra,2,269.99,0.07,502.1814,13
507,15-10-2016,4,Santa Cruz Bikes,Enoch Rosario,CA,Electra Townie Original 7D EQ - Women's - 2016,Cruisers Bicycles,Electra,2,599.99,0.1,1079.982,26
508,15-10-2016,4,Baldwin Bikes,Octavia Donaldson,NY,Trek Remedy 29 Carbon Frameset - 2016,Mountain Bikes,Trek,1,1799.99,0.05,1709.9905,1
508,15-10-2016,4,Baldwin Bikes,Octavia Donaldson,NY,Ritchey Timberwolf Frameset - 2016,Mountain Bikes,Ritchey,2,749.99,0.05,1424.981,16
508,15-10-2016,4,Baldwin Bikes,Octavia Donaldson,NY,Surly Straggler - 2016,Cyclocross Bicycles,Surly,2,1549,0.05,2943.1,13
508,15-10-2016,4,Baldwin Bikes,Octavia Donaldson,NY,Electra Townie Original 7D - 2015/2016,Comfort Bicycles,Electra,1,499.99,0.07,464.9907,18
509,16-10-2016,4,Baldwin Bikes,Jeromy Elliott,NY,Electra Girl's Hawaii 1 (20-inch) - 2015/2016,Children Bicycles,Electra,2,299.99,0.2,479.984,12
509,16-10-2016,4,Baldwin Bikes,Jeromy Elliott,NY,Trek Fuel EX 8 29 - 2016,Mountain Bikes,Trek,2,2899.99,0.05,5509.981,2
510,17-10-2016,4,Baldwin Bikes,Ulysses Gaines,NY,Pure Cycles Vine 8-Speed - 2016,Cruisers Bicycles,Pure Cycles,1,429,0.1,386.1,3
511,18-10-2016,4,Baldwin Bikes,Klara Mosley,NY,Electra Girl's Hawaii 1 (16-inch) - 2015/2016,Children Bicycles,Electra,2,269.99,0.05,512.981,0
511,18-10-2016,4,Baldwin Bikes,Klara Mosley,NY,Electra Cruiser 1 (24-Inch) - 2016,Cruisers Bicycles,Electra,1,269.99,0.1,242.991,1
512,19-10-2016,4,Baldwin Bikes,Jacquline Duncan,NY,Electra Cruiser 1 (24-Inch) - 2016,Children Bicycles,Electra,1,269.99,0.07,251.0907,16
513,19-10-2016,4,Baldwin Bikes,Lory Page,NY,Trek Slash 8 27.5 - 2016,Mountain Bikes,Trek,1,3999.99,0.07,3719.9907,8
513,19-10-2016,4,Baldwin Bikes,Lory Page,NY,Electra Cruiser 1 (24-Inch) - 2016,Cruisers Bicycles,Electra,1,269.99,0.2,215.992,1
513,19-10-2016,4,Baldwin Bikes,Lory Page,NY,Electra Girl's Hawaii 1 (20-inch) - 2015/2016,Children Bicycles,Electra,1,299.99,0.07,278.9907,12
514,19-10-2016,4,Baldwin Bikes,Guillermo Hart,NY,Pure Cycles Western 3-Speed - Women's - 2015/2016,Cruisers Bicycles,Pure Cycles,2,449,0.2,718.4,13
514,19-10-2016,4,Baldwin Bikes,Guillermo Hart,NY,Pure Cycles Vine 8-Speed - 2016,Cruisers Bicycles,Pure Cycles,2,429,0.07,797.94,3
515,19-10-2016,4,Baldwin Bikes,Marcel Lindsay,NY,Trek Remedy 29 Carbon Frameset - 2016,Mountain Bikes,Trek,1,1799.99,0.07,1673.9907,1
515,19-10-2016,4,Baldwin Bikes,Marcel Lindsay,NY,Heller Shagamaw Frame - 2016,Mountain Bikes,Heller,1,1320.99,0.1,1188.891,1
515,19-10-2016,4,Baldwin Bikes,Marcel Lindsay,NY,Electra Townie Original 7D - 2015/2016,Comfort Bicycles,Electra,2,499.99,0.07,929.9814,18
515,19-10-2016,4,Baldwin Bikes,Marcel Lindsay,NY,Surly Ice Cream Truck Frameset - 2016,Mountain Bikes,Surly,2,469.99,0.2,751.984,11
516,21-10-2016,4,Baldwin Bikes,Shila White,NY,Trek Slash 8 27.5 - 2016,Mountain Bikes,Trek,1,3999.99,0.05,3799.9905,8
516,21-10-2016,4,Baldwin Bikes,Shila White,NY,Heller Shagamaw Frame - 2016,Mountain Bikes,Heller,2,1320.99,0.1,2377.782,1
517,21-10-2016,4,Baldwin Bikes,Margene Eaton,NY,Electra Cruiser 1 (24-Inch) - 2016,Children Bicycles,Electra,2,269.99,0.07,502.1814,16
518,22-10-2016,4,Santa Cruz Bikes,Juliane Dillard,CA,Electra Townie Original 7D EQ - 2016,Cruisers Bicycles,Electra,2,599.99,0.2,959.984,4
518,22-10-2016,4,Santa Cruz Bikes,Juliane Dillard,CA,Heller Shagamaw Frame - 2016,Mountain Bikes,Heller,2,1320.99,0.05,2509.881,22
518,22-10-2016,4,Santa Cruz Bikes,Juliane Dillard,CA,Electra Townie Original 7D - 2015/2016,Comfort Bicycles,Electra,2,499.99,0.05,949.981,10
518,22-10-2016,4,Santa Cruz Bikes,Juliane Dillard,CA,Electra Moto 1 - 2016,Cruisers Bicycles,Electra,2,529.99,0.2,847.984,3
518,22-10-2016,4,Santa Cruz Bikes,Juliane Dillard,CA,Surly Straggler 650b - 2016,Cyclocross Bicycles,Surly,2,1680.99,0.07,3126.6414,8
519,22-10-2016,4,Baldwin Bikes,Fran Yang,NY,Surly Ice Cream Truck Frameset - 2016,Mountain Bikes,Surly,1,469.99,0.07,437.0907,11
519,22-10-2016,4,Baldwin Bikes,Fran Yang,NY,Electra Townie Original 7D EQ - 2016,Cruisers Bicycles,Electra,1,599.99,0.1,539.991,20
519,22-10-2016,4,Baldwin Bikes,Fran Yang,NY,Electra Girl's Hawaii 1 (20-inch) - 2015/2016,Children Bicycles,Electra,2,299.99,0.05,569.981,12
519,22-10-2016,4,Baldwin Bikes,Fran Yang,NY,Pure Cycles Western 3-Speed - Women's - 2015/2016,Cruisers Bicycles,Pure Cycles,2,449,0.2,718.4,13
519,22-10-2016,4,Baldwin Bikes,Fran Yang,NY,Trek Slash 8 27.5 - 2016,Mountain Bikes,Trek,1,3999.99,0.05,3799.9905,8
520,23-10-2016,4,Baldwin Bikes,Ronald Parsons,NY,Electra Townie Original 7D EQ - 2016,Comfort Bicycles,Electra,1,599.99,0.1,539.991,2
520,23-10-2016,4,Baldwin Bikes,Ronald Parsons,NY,Electra Townie Original 21D - 2016,Comfort Bicycles,Electra,1,549.99,0.2,439.992,16
520,23-10-2016,4,Baldwin Bikes,Ronald Parsons,NY,Surly Straggler - 2016,Cyclocross Bicycles,Surly,1,1549,0.07,1440.57,13
521,23-10-2016,4,Baldwin Bikes,Augustus Schmidt,NY,Heller Shagamaw Frame - 2016,Mountain Bikes,Heller,1,1320.99,0.2,1056.792,1
521,23-10-2016,4,Baldwin Bikes,Augustus Schmidt,NY,Electra Girl's Hawaii 1 (16-inch) - 2015/2016,Cruisers Bicycles,Electra,1,269.99,0.2,215.992,18
522,23-10-2016,4,Baldwin Bikes,Lois Steele,NY,Trek Fuel EX 8 29 - 2016,Mountain Bikes,Trek,2,2899.99,0.07,5393.9814,2
522,23-10-2016,4,Baldwin Bikes,Lois Steele,NY,Electra Girl's Hawaii 1 (16-inch) - 2015/2016,Children Bicycles,Electra,2,269.99,0.07,502.1814,0
522,23-10-2016,4,Baldwin Bikes,Lois Steele,NY,Electra Cruiser 1 (24-Inch) - 2016,Children Bicycles,Electra,1,269.99,0.05,256.4905,16
523,24-10-2016,4,Baldwin Bikes,Rebbecca Espinoza,NY,Electra Townie Original 21D - 2016,Cruisers Bicycles,Electra,1,549.99,0.2,439.992,2
523,24-10-2016,4,Baldwin Bikes,Rebbecca Espinoza,NY,Electra Townie Original 7D EQ - Women's - 2016,Cruisers Bicycles,Electra,1,599.99,0.05,569.9905,20
523,24-10-2016,4,Baldwin Bikes,Rebbecca Espinoza,NY,Heller Shagamaw Frame - 2016,Mountain Bikes,Heller,2,1320.99,0.1,2377.782,1
523,24-10-2016,4,Baldwin Bikes,Rebbecca Espinoza,NY,Electra Townie Original 7D EQ - 2016,Cruisers Bicycles,Electra,2,599.99,0.07,1115.9814,20
524,25-10-2016,4,Santa Cruz Bikes,Lucas Estes,CA,Surly Straggler 650b - 2016,Cyclocross Bicycles,Surly,1,1680.99,0.07,1563.3207,8
524,25-10-2016,4,Santa Cruz Bikes,Lucas Estes,CA,Ritchey Timberwolf Frameset - 2016,Mountain Bikes,Ritchey,1,749.99,0.05,712.4905,5
524,25-10-2016,4,Santa Cruz Bikes,Lucas Estes,CA,Trek Conduit+ - 2016,Electric Bikes,Trek,1,2999.99,0.2,2399.992,11
524,25-10-2016,4,Santa Cruz Bikes,Lucas Estes,CA,Surly Wednesday Frameset - 2016,Mountain Bikes,Surly,2,999.99,0.07,1859.9814,6
524,25-10-2016,4,Santa Cruz Bikes,Lucas Estes,CA,Electra Townie Original 7D EQ - 2016,Comfort Bicycles,Electra,1,599.99,0.05,569.9905,16
525,26-10-2016,4,Santa Cruz Bikes,Omega Johnston,CA,Trek Conduit+ - 2016,Electric Bikes,Trek,2,2999.99,0.07,5579.9814,11
525,26-10-2016,4,Santa Cruz Bikes,Omega Johnston,CA,Surly Ice Cream Truck Frameset - 2016,Mountain Bikes,Surly,2,469.99,0.07,874.1814,0
525,26-10-2016,4,Santa Cruz Bikes,Omega Johnston,CA,Surly Straggler - 2016,Cyclocross Bicycles,Surly,1,1549,0.1,1394.1,15
526,26-10-2016,4,Baldwin Bikes,Tonda Webb,NY,Surly Wednesday Frameset - 2016,Mountain Bikes,Surly,2,999.99,0.1,1799.982,28
526,26-10-2016,4,Baldwin Bikes,Tonda Webb,NY,Trek Remedy 29 Carbon Frameset - 2016,Mountain Bikes,Trek,1,1799.99,0.1,1619.991,1
526,26-10-2016,4,Baldwin Bikes,Tonda Webb,NY,Electra Cruiser 1 (24-Inch) - 2016,Children Bicycles,Electra,1,269.99,0.05,256.4905,16
526,26-10-2016,4,Baldwin Bikes,Tonda Webb,NY,Electra Moto 1 - 2016,Cruisers Bicycles,Electra,1,529.99,0.07,492.8907,6
527,27-10-2016,4,Santa Cruz Bikes,Irving Pitts,CA,Pure Cycles Western 3-Speed - Women's - 2015/2016,Cruisers Bicycles,Pure Cycles,2,449,0.07,835.14,16
527,27-10-2016,4,Santa Cruz Bikes,Irving Pitts,CA,Trek Fuel EX 8 29 - 2016,Mountain Bikes,Trek,1,2899.99,0.2,2319.992,23
527,27-10-2016,4,Santa Cruz Bikes,Irving Pitts,CA,Pure Cycles William 3-Speed - 2016,Cruisers Bicycles,Pure Cycles,1,449,0.1,404.1,4
527,27-10-2016,4,Santa Cruz Bikes,Irving Pitts,CA,Trek Conduit+ - 2016,Electric Bikes,Trek,2,2999.99,0.2,4799.984,11
528,28-10-2016,4,Baldwin Bikes,Gayle Wilkinson,NY,Electra Cruiser 1 (24-Inch) - 2016,Children Bicycles,Electra,2,269.99,0.05,512.981,16
529,28-10-2016,4,Baldwin Bikes,Mandi Gibbs,NY,Electra Townie Original 21D - 2016,Cruisers Bicycles,Electra,2,549.99,0.07,1022.9814,2
530,28-10-2016,4,Baldwin Bikes,Yolando Wade,NY,Ritchey Timberwolf Frameset - 2016,Mountain Bikes,Ritchey,2,749.99,0.05,1424.981,16
530,28-10-2016,4,Baldwin Bikes,Yolando Wade,NY,Trek Fuel EX 8 29 - 2016,Mountain Bikes,Trek,1,2899.99,0.07,2696.9907,2
530,28-10-2016,4,Baldwin Bikes,Yolando Wade,NY,Surly Ice Cream Truck Frameset - 2016,Mountain Bikes,Surly,2,469.99,0.2,751.984,11
531,28-10-2016,4,Rowlett Bikes,Merlene Vinson,TX,Surly Ice Cream Truck Frameset - 2016,Mountain Bikes,Surly,1,469.99,0.2,375.992,27
531,28-10-2016,4,Rowlett Bikes,Merlene Vinson,TX,Electra Townie Original 21D - 2016,Cruisers Bicycles,Electra,2,549.99,0.2,879.984,30
531,28-10-2016,4,Rowlett Bikes,Merlene Vinson,TX,Electra Townie Original 7D - 2015/2016,Comfort Bicycles,Electra,1,499.99,0.07,464.9907,15
532,29-10-2016,4,Baldwin Bikes,Zelda Pratt,NY,Pure Cycles Vine 8-Speed - 2016,Cruisers Bicycles,Pure Cycles,2,429,0.07,797.94,3
532,29-10-2016,4,Baldwin Bikes,Zelda Pratt,NY,Electra Townie Original 7D EQ - 2016,Cruisers Bicycles,Electra,2,599.99,0.2,959.984,20
532,29-10-2016,4,Baldwin Bikes,Zelda Pratt,NY,Electra Townie Original 21D - 2016,Cruisers Bicycles,Electra,1,549.99,0.1,494.991,2
533,29-10-2016,4,Baldwin Bikes,Ashleigh Finch,NY,Trek Fuel EX 8 29 - 2016,Mountain Bikes,Trek,1,2899.99,0.2,2319.992,2
533,29-10-2016,4,Baldwin Bikes,Ashleigh Finch,NY,Electra Townie Original 21D - 2016,Cruisers Bicycles,Electra,2,549.99,0.1,989.982,2
533,29-10-2016,4,Baldwin Bikes,Ashleigh Finch,NY,Surly Straggler - 2016,Cyclocross Bicycles,Surly,1,1549,0.2,1239.2,13
533,29-10-2016,4,Baldwin Bikes,Ashleigh Finch,NY,Electra Townie Original 7D - 2015/2016,Comfort Bicycles,Electra,1,499.99,0.05,474.9905,18
534,29-10-2016,4,Baldwin Bikes,Farrah Orr,NY,Electra Cruiser 1 (24-Inch) - 2016,Children Bicycles,Electra,2,269.99,0.05,512.981,16
534,29-10-2016,4,Baldwin Bikes,Farrah Orr,NY,Trek Conduit+ - 2016,Electric Bikes,Trek,2,2999.99,0.05,5699.981,17
534,29-10-2016,4,Baldwin Bikes,Farrah Orr,NY,Ritchey Timberwolf Frameset - 2016,Mountain Bikes,Ritchey,1,749.99,0.07,697.4907,16
534,29-10-2016,4,Baldwin Bikes,Farrah Orr,NY,Electra Townie Original 21D - 2016,Comfort Bicycles,Electra,2,549.99,0.1,989.982,16
535,29-10-2016,4,Rowlett Bikes,Roseanne Maynard,TX,Electra Townie Original 21D - 2016,Comfort Bicycles,Electra,1,549.99,0.05,522.4905,18
535,29-10-2016,4,Rowlett Bikes,Roseanne Maynard,TX,Electra Moto 1 - 2016,Cruisers Bicycles,Electra,1,529.99,0.1,476.991,22
535,29-10-2016,4,Rowlett Bikes,Roseanne Maynard,TX,Electra Girl's Hawaii 1 (16-inch) - 2015/2016,Children Bicycles,Electra,2,269.99,0.1,485.982,20
536,31-10-2016,4,Santa Cruz Bikes,Cira Downs,CA,Electra Girl's Hawaii 1 (16-inch) - 2015/2016,Children Bicycles,Electra,1,269.99,0.1,242.991,29
536,31-10-2016,4,Santa Cruz Bikes,Cira Downs,CA,Ritchey Timberwolf Frameset - 2016,Mountain Bikes,Ritchey,1,749.99,0.1,674.991,5
536,31-10-2016,4,Santa Cruz Bikes,Cira Downs,CA,Electra Townie Original 21D - 2016,Cruisers Bicycles,Electra,2,549.99,0.05,1044.981,16
536,31-10-2016,4,Santa Cruz Bikes,Cira Downs,CA,Electra Girl's Hawaii 1 (16-inch) - 2015/2016,Cruisers Bicycles,Electra,1,269.99,0.07,251.0907,8
537,31-10-2016,4,Santa Cruz Bikes,Agatha Daniels,CA,Surly Straggler - 2016,Cyclocross Bicycles,Surly,1,1549,0.05,1471.55,15
537,31-10-2016,4,Santa Cruz Bikes,Agatha Daniels,CA,Electra Townie Original 7D EQ - 2016,Comfort Bicycles,Electra,1,599.99,0.05,569.9905,16
537,31-10-2016,4,Santa Cruz Bikes,Agatha Daniels,CA,Pure Cycles Vine 8-Speed - 2016,Cruisers Bicycles,Pure Cycles,2,429,0.1,772.2,2
537,31-10-2016,4,Santa Cruz Bikes,Agatha Daniels,CA,Electra Townie Original 7D - 2015/2016,Comfort Bicycles,Electra,2,499.99,0.2,799.984,10
538,02-11-2016,4,Baldwin Bikes,Delana Scott,NY,Ritchey Timberwolf Frameset - 2016,Mountain Bikes,Ritchey,2,749.99,0.2,1199.984,16
539,02-11-2016,4,Baldwin Bikes,Jewel Sparks,NY,Trek Conduit+ - 2016,Electric Bikes,Trek,2,2999.99,0.1,5399.982,17
539,02-11-2016,4,Baldwin Bikes,Jewel Sparks,NY,Electra Girl's Hawaii 1 (20-inch) - 2015/2016,Children Bicycles,Electra,1,299.99,0.05,284.9905,12
539,02-11-2016,4,Baldwin Bikes,Jewel Sparks,NY,Electra Cruiser 1 (24-Inch) - 2016,Children Bicycles,Electra,2,269.99,0.07,502.1814,16
540,03-11-2016,4,Santa Cruz Bikes,Lorrie Justice,CA,Pure Cycles William 3-Speed - 2016,Cruisers Bicycles,Pure Cycles,1,449,0.1,404.1,4
540,03-11-2016,4,Santa Cruz Bikes,Lorrie Justice,CA,Electra Townie Original 7D EQ - 2016,Comfort Bicycles,Electra,2,599.99,0.1,1079.982,16
540,03-11-2016,4,Santa Cruz Bikes,Lorrie Justice,CA,Electra Girl's Hawaii 1 (20-inch) - 2015/2016,Children Bicycles,Electra,2,299.99,0.07,557.9814,9
541,04-11-2016,4,Santa Cruz Bikes,Zulema Clemons,CA,Electra Girl's Hawaii 1 (16-inch) - 2015/2016,Children Bicycles,Electra,2,269.99,0.05,512.981,29
542,04-11-2016,4,Baldwin Bikes,Melani Jarvis,NY,Electra Townie Original 7D EQ - 2016,Cruisers Bicycles,Electra,2,599.99,0.2,959.984,20
542,04-11-2016,4,Baldwin Bikes,Melani Jarvis,NY,Trek Conduit+ - 2016,Electric Bikes,Trek,1,2999.99,0.1,2699.991,17
542,04-11-2016,4,Baldwin Bikes,Melani Jarvis,NY,Electra Townie Original 7D EQ - Women's - 2016,Cruisers Bicycles,Electra,1,599.99,0.1,539.991,20
542,04-11-2016,4,Baldwin Bikes,Melani Jarvis,NY,Pure Cycles William 3-Speed - 2016,Cruisers Bicycles,Pure Cycles,2,449,0.2,718.4,15
543,06-11-2016,4,Baldwin Bikes,Alica Hunter,NY,Electra Townie Original 7D - 2015/2016,Comfort Bicycles,Electra,1,499.99,0.2,399.992,18
543,06-11-2016,4,Baldwin Bikes,Alica Hunter,NY,Pure Cycles Western 3-Speed - Women's - 2015/2016,Cruisers Bicycles,Pure Cycles,1,449,0.2,359.2,13
543,06-11-2016,4,Baldwin Bikes,Alica Hunter,NY,Electra Townie Original 7D EQ - 2016,Comfort Bicycles,Electra,2,599.99,0.05,1139.981,2
544,06-11-2016,4,Baldwin Bikes,Chere Hardin,NY,Electra Townie Original 21D - 2016,Cruisers Bicycles,Electra,1,549.99,0.05,522.4905,2
544,06-11-2016,4,Baldwin Bikes,Chere Hardin,NY,Pure Cycles Vine 8-Speed - 2016,Cruisers Bicycles,Pure Cycles,1,429,0.1,386.1,3
544,06-11-2016,4,Baldwin Bikes,Chere Hardin,NY,Electra Cruiser 1 (24-Inch) - 2016,Children Bicycles,Electra,1,269.99,0.05,256.4905,16
545,08-11-2016,4,Rowlett Bikes,Bao Wade,TX,Electra Townie Original 7D - 2015/2016,Comfort Bicycles,Electra,2,499.99,0.2,799.984,15
545,08-11-2016,4,Rowlett Bikes,Bao Wade,TX,Surly Ice Cream Truck Frameset - 2016,Mountain Bikes,Surly,1,469.99,0.07,437.0907,27
545,08-11-2016,4,Rowlett Bikes,Bao Wade,TX,Electra Townie Original 21D - 2016,Comfort Bicycles,Electra,1,549.99,0.2,439.992,18
545,08-11-2016,4,Rowlett Bikes,Bao Wade,TX,Electra Townie Original 7D EQ - Women's - 2016,Cruisers Bicycles,Electra,2,599.99,0.07,1115.9814,19
546,09-11-2016,4,Baldwin Bikes,Loise Walker,NY,Pure Cycles Vine 8-Speed - 2016,Cruisers Bicycles,Pure Cycles,2,429,0.05,815.1,3
546,09-11-2016,4,Baldwin Bikes,Loise Walker,NY,Trek Remedy 29 Carbon Frameset - 2016,Mountain Bikes,Trek,1,1799.99,0.1,1619.991,1
546,09-11-2016,4,Baldwin Bikes,Loise Walker,NY,Pure Cycles Western 3-Speed - Women's - 2015/2016,Cruisers Bicycles,Pure Cycles,2,449,0.07,835.14,13
547,09-11-2016,4,Rowlett Bikes,Aleta Shepard,TX,Surly Straggler 650b - 2016,Cyclocross Bicycles,Surly,2,1680.99,0.05,3193.881,30
547,09-11-2016,4,Rowlett Bikes,Aleta Shepard,TX,Trek Conduit+ - 2016,Electric Bikes,Trek,1,2999.99,0.2,2399.992,23
547,09-11-2016,4,Rowlett Bikes,Aleta Shepard,TX,Heller Shagamaw Frame - 2016,Mountain Bikes,Heller,1,1320.99,0.1,1188.891,3
548,11-11-2016,4,Baldwin Bikes,Bobbi Banks,NY,Trek Remedy 29 Carbon Frameset - 2016,Mountain Bikes,Trek,1,1799.99,0.1,1619.991,1
548,11-11-2016,4,Baldwin Bikes,Bobbi Banks,NY,Surly Straggler 650b - 2016,Cyclocross Bicycles,Surly,2,1680.99,0.07,3126.6414,21
549,12-11-2016,3,Rowlett Bikes,Bobbie Foster,TX,Electra Moto 1 - 2016,Cruisers Bicycles,Electra,1,529.99,0.07,492.8907,22
549,12-11-2016,3,Rowlett Bikes,Bobbie Foster,TX,Electra Townie Original 7D EQ - 2016,Cruisers Bicycles,Electra,1,599.99,0.05,569.9905,19
549,12-11-2016,3,Rowlett Bikes,Bobbie Foster,TX,Surly Wednesday Frameset - 2016,Mountain Bikes,Surly,1,999.99,0.07,929.9907,0
549,12-11-2016,3,Rowlett Bikes,Bobbie Foster,TX,Trek Slash 8 27.5 - 2016,Mountain Bikes,Trek,1,3999.99,0.05,3799.9905,12
549,12-11-2016,3,Rowlett Bikes,Bobbie Foster,TX,Electra Cruiser 1 (24-Inch) - 2016,Cruisers Bicycles,Electra,2,269.99,0.1,485.982,19
550,12-11-2016,4,Baldwin Bikes,Alissa Craft,NY,Trek Fuel EX 8 29 - 2016,Mountain Bikes,Trek,1,2899.99,0.05,2754.9905,2
551,12-11-2016,4,Baldwin Bikes,Beatris Joyner,NY,Electra Townie Original 7D EQ - 2016,Cruisers Bicycles,Electra,1,599.99,0.05,569.9905,20
551,12-11-2016,4,Baldwin Bikes,Beatris Joyner,NY,Electra Townie Original 7D EQ - 2016,Comfort Bicycles,Electra,1,599.99,0.07,557.9907,2
551,12-11-2016,4,Baldwin Bikes,Beatris Joyner,NY,Surly Straggler 650b - 2016,Cyclocross Bicycles,Surly,2,1680.99,0.2,2689.584,21
551,12-11-2016,4,Baldwin Bikes,Beatris Joyner,NY,Electra Moto 1 - 2016,Cruisers Bicycles,Electra,2,529.99,0.2,847.984,6
552,12-11-2016,4,Baldwin Bikes,Alexis Mack,NY,Electra Girl's Hawaii 1 (20-inch) - 2015/2016,Children Bicycles,Electra,1,299.99,0.2,239.992,12
552,12-11-2016,4,Baldwin Bikes,Alexis Mack,NY,Ritchey Timberwolf Frameset - 2016,Mountain Bikes,Ritchey,1,749.99,0.2,599.992,16
552,12-11-2016,4,Baldwin Bikes,Alexis Mack,NY,Electra Townie Original 21D - 2016,Comfort Bicycles,Electra,1,549.99,0.2,439.992,16
552,12-11-2016,4,Baldwin Bikes,Alexis Mack,NY,Pure Cycles Western 3-Speed - Women's - 2015/2016,Cruisers Bicycles,Pure Cycles,1,449,0.1,404.1,13
552,12-11-2016,4,Baldwin Bikes,Alexis Mack,NY,Pure Cycles William 3-Speed - 2016,Cruisers Bicycles,Pure Cycles,2,449,0.2,718.4,15
553,12-11-2016,4,Rowlett Bikes,Liliana Kerr,TX,Electra Townie Original 21D - 2016,Comfort Bicycles,Electra,1,549.99,0.1,494.991,18
553,12-11-2016,4,Rowlett Bikes,Liliana Kerr,TX,Pure Cycles Western 3-Speed - Women's - 2015/2016,Cruisers Bicycles,Pure Cycles,2,449,0.07,835.14,5
553,12-11-2016,4,Rowlett Bikes,Liliana Kerr,TX,Electra Townie Original 21D - 2016,Cruisers Bicycles,Electra,1,549.99,0.07,511.4907,30
554,13-11-2016,4,Santa Cruz Bikes,Katharina Bates,CA,Surly Wednesday Frameset - 2016,Mountain Bikes,Surly,2,999.99,0.07,1859.9814,6
554,13-11-2016,4,Santa Cruz Bikes,Katharina Bates,CA,Electra Girl's Hawaii 1 (16-inch) - 2015/2016,Children Bicycles,Electra,1,269.99,0.05,256.4905,29
554,13-11-2016,4,Santa Cruz Bikes,Katharina Bates,CA,Trek Fuel EX 8 29 - 2016,Mountain Bikes,Trek,2,2899.99,0.2,4639.984,23
555,13-11-2016,4,Baldwin Bikes,Buford Bridges,NY,Trek Remedy 29 Carbon Frameset - 2016,Mountain Bikes,Trek,1,1799.99,0.2,1439.992,1
555,13-11-2016,4,Baldwin Bikes,Buford Bridges,NY,Trek Slash 8 27.5 - 2016,Mountain Bikes,Trek,1,3999.99,0.1,3599.991,8
555,13-11-2016,4,Baldwin Bikes,Buford Bridges,NY,Electra Townie Original 7D EQ - Women's - 2016,Cruisers Bicycles,Electra,2,599.99,0.07,1115.9814,20
556,13-11-2016,4,Rowlett Bikes,Elinore Aguilar,TX,Electra Townie Original 7D EQ - 2016,Cruisers Bicycles,Electra,1,599.99,0.1,539.991,19
556,13-11-2016,4,Rowlett Bikes,Elinore Aguilar,TX,Trek Fuel EX 8 29 - 2016,Mountain Bikes,Trek,2,2899.99,0.2,4639.984,11
557,14-11-2016,4,Baldwin Bikes,Bethany Herring,NY,Trek Conduit+ - 2016,Electric Bikes,Trek,2,2999.99,0.1,5399.982,17
557,14-11-2016,4,Baldwin Bikes,Bethany Herring,NY,Surly Straggler - 2016,Cyclocross Bicycles,Surly,1,1549,0.1,1394.1,13
558,15-11-2016,4,Baldwin Bikes,Lezlie Lamb,NY,Trek Slash 8 27.5 - 2016,Mountain Bikes,Trek,1,3999.99,0.07,3719.9907,8
558,15-11-2016,4,Baldwin Bikes,Lezlie Lamb,NY,Electra Townie Original 7D EQ - 2016,Cruisers Bicycles,Electra,1,599.99,0.07,557.9907,20
558,15-11-2016,4,Baldwin Bikes,Lezlie Lamb,NY,Trek Conduit+ - 2016,Electric Bikes,Trek,1,2999.99,0.1,2699.991,17
558,15-11-2016,4,Baldwin Bikes,Lezlie Lamb,NY,Electra Cruiser 1 (24-Inch) - 2016,Children Bicycles,Electra,2,269.99,0.05,512.981,16
558,15-11-2016,4,Baldwin Bikes,Lezlie Lamb,NY,Surly Straggler - 2016,Cyclocross Bicycles,Surly,2,1549,0.07,2881.14,13
559,16-11-2016,4,Santa Cruz Bikes,Christel Barber,CA,Electra Moto 1 - 2016,Cruisers Bicycles,Electra,2,529.99,0.1,953.982,3
559,16-11-2016,4,Santa Cruz Bikes,Christel Barber,CA,Surly Ice Cream Truck Frameset - 2016,Mountain Bikes,Surly,1,469.99,0.1,422.991,0
559,16-11-2016,4,Santa Cruz Bikes,Christel Barber,CA,Trek Slash 8 27.5 - 2016,Mountain Bikes,Trek,2,3999.99,0.07,7439.9814,8
560,18-11-2016,4,Baldwin Bikes,Thanh Figueroa,NY,Electra Townie Original 7D EQ - 2016,Cruisers Bicycles,Electra,1,599.99,0.05,569.9905,20
560,18-11-2016,4,Baldwin Bikes,Thanh Figueroa,NY,Electra Townie Original 7D EQ - 2016,Comfort Bicycles,Electra,2,599.99,0.1,1079.982,2
561,19-11-2016,4,Baldwin Bikes,Marjorie Logan,NY,Electra Moto 1 - 2016,Cruisers Bicycles,Electra,2,529.99,0.05,1006.981,6
561,19-11-2016,4,Baldwin Bikes,Marjorie Logan,NY,Pure Cycles Western 3-Speed - Women's - 2015/2016,Cruisers Bicycles,Pure Cycles,1,449,0.05,426.55,13
561,19-11-2016,4,Baldwin Bikes,Marjorie Logan,NY,Heller Shagamaw Frame - 2016,Mountain Bikes,Heller,1,1320.99,0.05,1254.9405,1
561,19-11-2016,4,Baldwin Bikes,Marjorie Logan,NY,Pure Cycles Vine 8-Speed - 2016,Cruisers Bicycles,Pure Cycles,2,429,0.07,797.94,3
562,19-11-2016,4,Baldwin Bikes,Davis Long,NY,Electra Townie Original 7D - 2015/2016,Comfort Bicycles,Electra,2,499.99,0.07,929.9814,18
562,19-11-2016,4,Baldwin Bikes,Davis Long,NY,Electra Townie Original 7D EQ - 2016,Comfort Bicycles,Electra,1,599.99,0.05,569.9905,2
563,20-11-2016,4,Baldwin Bikes,Rodger Rojas,NY,Surly Ice Cream Truck Frameset - 2016,Mountain Bikes,Surly,2,469.99,0.1,845.982,11
563,20-11-2016,4,Baldwin Bikes,Rodger Rojas,NY,Pure Cycles William 3-Speed - 2016,Cruisers Bicycles,Pure Cycles,1,449,0.05,426.55,15
563,20-11-2016,4,Baldwin Bikes,Rodger Rojas,NY,Electra Cruiser 1 (24-Inch) - 2016,Cruisers Bicycles,Electra,2,269.99,0.1,485.982,1
564,20-11-2016,4,Baldwin Bikes,Aisha Woods,NY,Trek Fuel EX 8 29 - 2016,Mountain Bikes,Trek,1,2899.99,0.2,2319.992,2
564,20-11-2016,4,Baldwin Bikes,Aisha Woods,NY,Electra Moto 1 - 2016,Cruisers Bicycles,Electra,1,529.99,0.2,423.992,6
565,21-11-2016,4,Baldwin Bikes,Nathaniel Richard,NY,Pure Cycles Western 3-Speed - Women's - 2015/2016,Cruisers Bicycles,Pure Cycles,1,449,0.2,359.2,13
565,21-11-2016,4,Baldwin Bikes,Nathaniel Richard,NY,Electra Townie Original 7D - 2015/2016,Comfort Bicycles,Electra,2,499.99,0.1,899.982,18
565,21-11-2016,4,Baldwin Bikes,Nathaniel Richard,NY,Trek Conduit+ - 2016,Electric Bikes,Trek,1,2999.99,0.05,2849.9905,17
565,21-11-2016,4,Baldwin Bikes,Nathaniel Richard,NY,Pure Cycles Vine 8-Speed - 2016,Cruisers Bicycles,Pure Cycles,1,429,0.1,386.1,3
566,22-11-2016,4,Santa Cruz Bikes,Jennie Middleton,CA,Electra Townie Original 21D - 2016,Comfort Bicycles,Electra,2,549.99,0.07,1022.9814,10
566,22-11-2016,4,Santa Cruz Bikes,Jennie Middleton,CA,Trek Slash 8 27.5 - 2016,Mountain Bikes,Trek,2,3999.99,0.2,6399.984,8
566,22-11-2016,4,Santa Cruz Bikes,Jennie Middleton,CA,Trek Remedy 29 Carbon Frameset - 2016,Mountain Bikes,Trek,1,1799.99,0.1,1619.991,0
566,22-11-2016,4,Santa Cruz Bikes,Jennie Middleton,CA,Electra Cruiser 1 (24-Inch) - 2016,Children Bicycles,Electra,2,269.99,0.2,431.984,24
567,22-11-2016,4,Santa Cruz Bikes,Tayna Wade,CA,Trek Conduit+ - 2016,Electric Bikes,Trek,1,2999.99,0.2,2399.992,11
567,22-11-2016,4,Santa Cruz Bikes,Tayna Wade,CA,Heller Shagamaw Frame - 2016,Mountain Bikes,Heller,1,1320.99,0.07,1228.5207,22
568,23-11-2016,4,Santa Cruz Bikes,Lenita Bonner,CA,Heller Shagamaw Frame - 2016,Mountain Bikes,Heller,1,1320.99,0.05,1254.9405,22
568,23-11-2016,4,Santa Cruz Bikes,Lenita Bonner,CA,Surly Straggler - 2016,Cyclocross Bicycles,Surly,1,1549,0.05,1471.55,15
569,23-11-2016,4,Baldwin Bikes,Terese Briggs,NY,Electra Townie Original 7D EQ - 2016,Cruisers Bicycles,Electra,1,599.99,0.05,569.9905,20
569,23-11-2016,4,Baldwin Bikes,Terese Briggs,NY,Electra Townie Original 21D - 2016,Comfort Bicycles,Electra,2,549.99,0.1,989.982,16
570,23-11-2016,4,Baldwin Bikes,Loreen Byers,NY,Pure Cycles Western 3-Speed - Women's - 2015/2016,Cruisers Bicycles,Pure Cycles,1,449,0.07,417.57,13
570,23-11-2016,4,Baldwin Bikes,Loreen Byers,NY,Electra Townie Original 21D - 2016,Comfort Bicycles,Electra,2,549.99,0.1,989.982,16
570,23-11-2016,4,Baldwin Bikes,Loreen Byers,NY,Surly Wednesday Frameset - 2016,Mountain Bikes,Surly,2,999.99,0.2,1599.984,28
570,23-11-2016,4,Baldwin Bikes,Loreen Byers,NY,Surly Straggler 650b - 2016,Cyclocross Bicycles,Surly,1,1680.99,0.1,1512.891,21
570,23-11-2016,4,Baldwin Bikes,Loreen Byers,NY,Electra Townie Original 7D EQ - 2016,Cruisers Bicycles,Electra,1,599.99,0.05,569.9905,20
571,24-11-2016,4,Santa Cruz Bikes,Charolette Rice,CA,Trek Fuel EX 8 29 - 2016,Mountain Bikes,Trek,1,2899.99,0.05,2754.9905,23
571,24-11-2016,4,Santa Cruz Bikes,Charolette Rice,CA,Trek Conduit+ - 2016,Electric Bikes,Trek,1,2999.99,0.1,2699.991,11
572,24-11-2016,4,Baldwin Bikes,Genoveva Tyler,NY,Surly Wednesday Frameset - 2016,Mountain Bikes,Surly,1,999.99,0.05,949.9905,28
572,24-11-2016,4,Baldwin Bikes,Genoveva Tyler,NY,Electra Cruiser 1 (24-Inch) - 2016,Cruisers Bicycles,Electra,2,269.99,0.1,485.982,1
572,24-11-2016,4,Baldwin Bikes,Genoveva Tyler,NY,Surly Straggler 650b - 2016,Cyclocross Bicycles,Surly,2,1680.99,0.2,2689.584,21
573,24-11-2016,4,Baldwin Bikes,Johna Powers,NY,Ritchey Timberwolf Frameset - 2016,Mountain Bikes,Ritchey,1,749.99,0.2,599.992,16
574,26-11-2016,4,Baldwin Bikes,Leone Emerson,NY,Electra Townie Original 7D EQ - 2016,Comfort Bicycles,Electra,1,599.99,0.05,569.9905,2
574,26-11-2016,4,Baldwin Bikes,Leone Emerson,NY,Electra Cruiser 1 (24-Inch) - 2016,Cruisers Bicycles,Electra,2,269.99,0.1,485.982,1
574,26-11-2016,4,Baldwin Bikes,Leone Emerson,NY,Electra Townie Original 21D - 2016,Cruisers Bicycles,Electra,2,549.99,0.1,989.982,2
574,26-11-2016,4,Baldwin Bikes,Leone Emerson,NY,Electra Girl's Hawaii 1 (20-inch) - 2015/2016,Children Bicycles,Electra,2,299.99,0.1,539.982,12
574,26-11-2016,4,Baldwin Bikes,Leone Emerson,NY,Surly Straggler 650b - 2016,Cyclocross Bicycles,Surly,2,1680.99,0.05,3193.881,21
575,27-11-2016,4,Santa Cruz Bikes,Deloris Burke,CA,Trek Fuel EX 8 29 - 2016,Mountain Bikes,Trek,2,2899.99,0.07,5393.9814,23
575,27-11-2016,4,Santa Cruz Bikes,Deloris Burke,CA,Electra Townie Original 21D - 2016,Cruisers Bicycles,Electra,1,549.99,0.2,439.992,16
576,27-11-2016,4,Santa Cruz Bikes,Houston Vasquez,CA,Trek Conduit+ - 2016,Electric Bikes,Trek,1,2999.99,0.1,2699.991,11
577,27-11-2016,4,Baldwin Bikes,Earline Ballard,NY,Surly Wednesday Frameset - 2016,Mountain Bikes,Surly,2,999.99,0.2,1599.984,28
578,27-11-2016,4,Baldwin Bikes,Yahaira Robertson,NY,Electra Cruiser 1 (24-Inch) - 2016,Children Bicycles,Electra,1,269.99,0.07,251.0907,16
578,27-11-2016,4,Baldwin Bikes,Yahaira Robertson,NY,Electra Townie Original 7D - 2015/2016,Comfort Bicycles,Electra,2,499.99,0.2,799.984,18
578,27-11-2016,4,Baldwin Bikes,Yahaira Robertson,NY,Pure Cycles Western 3-Speed - Women's - 2015/2016,Cruisers Bicycles,Pure Cycles,2,449,0.05,853.1,13
578,27-11-2016,4,Baldwin Bikes,Yahaira Robertson,NY,Trek Remedy 29 Carbon Frameset - 2016,Mountain Bikes,Trek,2,1799.99,0.2,2879.984,1
579,27-11-2016,4,Rowlett Bikes,Omer Estrada,TX,Trek Slash 8 27.5 - 2016,Mountain Bikes,Trek,2,3999.99,0.05,7599.981,12
579,27-11-2016,4,Rowlett Bikes,Omer Estrada,TX,Surly Ice Cream Truck Frameset - 2016,Mountain Bikes,Surly,1,469.99,0.2,375.992,27
580,30-11-2016,4,Santa Cruz Bikes,Vonda Berger,CA,Electra Townie Original 7D EQ - 2016,Cruisers Bicycles,Electra,2,599.99,0.2,959.984,4
580,30-11-2016,4,Santa Cruz Bikes,Vonda Berger,CA,Electra Moto 1 - 2016,Cruisers Bicycles,Electra,1,529.99,0.07,492.8907,3
580,30-11-2016,4,Santa Cruz Bikes,Vonda Berger,CA,Electra Cruiser 1 (24-Inch) - 2016,Children Bicycles,Electra,2,269.99,0.2,431.984,24
580,30-11-2016,4,Santa Cruz Bikes,Vonda Berger,CA,Trek Conduit+ - 2016,Electric Bikes,Trek,2,2999.99,0.07,5579.9814,11
580,30-11-2016,4,Santa Cruz Bikes,Vonda Berger,CA,Pure Cycles William 3-Speed - 2016,Cruisers Bicycles,Pure Cycles,1,449,0.2,359.2,4
581,03-12-2016,4,Santa Cruz Bikes,Pearlie Cochran,CA,Trek Remedy 29 Carbon Frameset - 2016,Mountain Bikes,Trek,2,1799.99,0.07,3347.9814,0
582,04-12-2016,3,Santa Cruz Bikes,Araceli Golden,CA,Surly Straggler - 2016,Cyclocross Bicycles,Surly,2,1549,0.2,2478.4,15
582,04-12-2016,3,Santa Cruz Bikes,Araceli Golden,CA,Pure Cycles Vine 8-Speed - 2016,Cruisers Bicycles,Pure Cycles,2,429,0.07,797.94,2
583,04-12-2016,4,Baldwin Bikes,Edgar Horn,NY,Electra Moto 1 - 2016,Cruisers Bicycles,Electra,2,529.99,0.2,847.984,6
584,04-12-2016,4,Baldwin Bikes,Deandrea Cox,NY,Pure Cycles William 3-Speed - 2016,Cruisers Bicycles,Pure Cycles,1,449,0.07,417.57,15
584,04-12-2016,4,Baldwin Bikes,Deandrea Cox,NY,Electra Girl's Hawaii 1 (20-inch) - 2015/2016,Children Bicycles,Electra,1,299.99,0.07,278.9907,12
584,04-12-2016,4,Baldwin Bikes,Deandrea Cox,NY,Electra Moto 1 - 2016,Cruisers Bicycles,Electra,1,529.99,0.1,476.991,6
584,04-12-2016,4,Baldwin Bikes,Deandrea Cox,NY,Electra Girl's Hawaii 1 (16-inch) - 2015/2016,Children Bicycles,Electra,1,269.99,0.05,256.4905,0
584,04-12-2016,4,Baldwin Bikes,Deandrea Cox,NY,Trek Remedy 29 Carbon Frameset - 2016,Mountain Bikes,Trek,2,1799.99,0.07,3347.9814,1
585,04-12-2016,4,Baldwin Bikes,Alden Atkinson,NY,Surly Straggler - 2016,Cyclocross Bicycles,Surly,1,1549,0.2,1239.2,13
585,04-12-2016,4,Baldwin Bikes,Alden Atkinson,NY,Pure Cycles Western 3-Speed - Women's - 2015/2016,Cruisers Bicycles,Pure Cycles,2,449,0.2,718.4,13
585,04-12-2016,4,Baldwin Bikes,Alden Atkinson,NY,Electra Moto 1 - 2016,Cruisers Bicycles,Electra,1,529.99,0.05,503.4905,6
585,04-12-2016,4,Baldwin Bikes,Alden Atkinson,NY,Electra Townie Original 21D - 2016,Cruisers Bicycles,Electra,2,549.99,0.07,1022.9814,2
586,04-12-2016,4,Baldwin Bikes,America Swanson,NY,Surly Straggler 650b - 2016,Cyclocross Bicycles,Surly,2,1680.99,0.1,3025.782,21
586,04-12-2016,4,Baldwin Bikes,America Swanson,NY,Electra Girl's Hawaii 1 (20-inch) - 2015/2016,Children Bicycles,Electra,2,299.99,0.2,479.984,12
587,06-12-2016,4,Santa Cruz Bikes,Grace Madden,CA,Electra Townie Original 21D - 2016,Comfort Bicycles,Electra,1,549.99,0.05,522.4905,10
587,06-12-2016,4,Santa Cruz Bikes,Grace Madden,CA,Electra Girl's Hawaii 1 (20-inch) - 2015/2016,Children Bicycles,Electra,1,299.99,0.05,284.9905,9
587,06-12-2016,4,Santa Cruz Bikes,Grace Madden,CA,Pure Cycles Western 3-Speed - Women's - 2015/2016,Cruisers Bicycles,Pure Cycles,1,449,0.05,426.55,16
587,06-12-2016,4,Santa Cruz Bikes,Grace Madden,CA,Electra Cruiser 1 (24-Inch) - 2016,Children Bicycles,Electra,1,269.99,0.2,215.992,24
588,06-12-2016,4,Baldwin Bikes,Marisol Goodman,NY,Surly Straggler - 2016,Cyclocross Bicycles,Surly,2,1549,0.07,2881.14,13
588,06-12-2016,4,Baldwin Bikes,Marisol Goodman,NY,Electra Girl's Hawaii 1 (20-inch) - 2015/2016,Children Bicycles,Electra,1,299.99,0.2,239.992,12
589,06-12-2016,4,Baldwin Bikes,Nicki Fry,NY,Electra Moto 1 - 2016,Cruisers Bicycles,Electra,2,529.99,0.05,1006.981,6
590,06-12-2016,4,Baldwin Bikes,Casimira Chapman,NY,Ritchey Timberwolf Frameset - 2016,Mountain Bikes,Ritchey,2,749.99,0.1,1349.982,16
590,06-12-2016,4,Baldwin Bikes,Casimira Chapman,NY,Electra Townie Original 7D EQ - Women's - 2016,Cruisers Bicycles,Electra,1,599.99,0.07,557.9907,20
590,06-12-2016,4,Baldwin Bikes,Casimira Chapman,NY,Trek Remedy 29 Carbon Frameset - 2016,Mountain Bikes,Trek,2,1799.99,0.05,3419.981,1
590,06-12-2016,4,Baldwin Bikes,Casimira Chapman,NY,Heller Shagamaw Frame - 2016,Mountain Bikes,Heller,2,1320.99,0.1,2377.782,1
590,06-12-2016,4,Baldwin Bikes,Casimira Chapman,NY,Electra Townie Original 21D - 2016,Comfort Bicycles,Electra,1,549.99,0.1,494.991,16
591,06-12-2016,4,Baldwin Bikes,Brenton Whitaker,NY,Electra Townie Original 7D EQ - 2016,Cruisers Bicycles,Electra,2,599.99,0.05,1139.981,20
591,06-12-2016,4,Baldwin Bikes,Brenton Whitaker,NY,Electra Townie Original 7D - 2015/2016,Comfort Bicycles,Electra,2,499.99,0.05,949.981,18
591,06-12-2016,4,Baldwin Bikes,Brenton Whitaker,NY,Ritchey Timberwolf Frameset - 2016,Mountain Bikes,Ritchey,2,749.99,0.1,1349.982,16
592,06-12-2016,4,Baldwin Bikes,Jong Guthrie,NY,Electra Cruiser 1 (24-Inch) - 2016,Children Bicycles,Electra,2,269.99,0.1,485.982,16
592,06-12-2016,4,Baldwin Bikes,Jong Guthrie,NY,Electra Townie Original 7D EQ - 2016,Cruisers Bicycles,Electra,1,599.99,0.05,569.9905,20
592,06-12-2016,4,Baldwin Bikes,Jong Guthrie,NY,Pure Cycles Western 3-Speed - Women's - 2015/2016,Cruisers Bicycles,Pure Cycles,2,449,0.07,835.14,13
593,07-12-2016,4,Rowlett Bikes,Cleotilde Booth,TX,Surly Wednesday Frameset - 2016,Mountain Bikes,Surly,2,999.99,0.1,1799.982,0
593,07-12-2016,4,Rowlett Bikes,Cleotilde Booth,TX,Electra Townie Original 7D - 2015/2016,Comfort Bicycles,Electra,1,499.99,0.07,464.9907,15
594,07-12-2016,4,Rowlett Bikes,Tisha Petty,TX,Electra Townie Original 7D EQ - 2016,Comfort Bicycles,Electra,1,599.99,0.1,539.991,27
594,07-12-2016,4,Rowlett Bikes,Tisha Petty,TX,Electra Cruiser 1 (24-Inch) - 2016,Children Bicycles,Electra,2,269.99,0.05,512.981,8
595,08-12-2016,4,Santa Cruz Bikes,Sherie Ayala,CA,Trek Fuel EX 8 29 - 2016,Mountain Bikes,Trek,1,2899.99,0.07,2696.9907,23
595,08-12-2016,4,Santa Cruz Bikes,Sherie Ayala,CA,Pure Cycles William 3-Speed - 2016,Cruisers Bicycles,Pure Cycles,2,449,0.07,835.14,4
595,08-12-2016,4,Santa Cruz Bikes,Sherie Ayala,CA,Surly Wednesday Frameset - 2016,Mountain Bikes,Surly,1,999.99,0.07,929.9907,6
595,08-12-2016,4,Santa Cruz Bikes,Sherie Ayala,CA,Surly Straggler - 2016,Cyclocross Bicycles,Surly,1,1549,0.07,1440.57,15
595,08-12-2016,4,Santa Cruz Bikes,Sherie Ayala,CA,Electra Townie Original 7D EQ - 2016,Comfort Bicycles,Electra,2,599.99,0.05,1139.981,16
596,08-12-2016,4,Santa Cruz Bikes,Aileen Marquez,CA,Heller Shagamaw Frame - 2016,Mountain Bikes,Heller,1,1320.99,0.05,1254.9405,22
596,08-12-2016,4,Santa Cruz Bikes,Aileen Marquez,CA,Electra Girl's Hawaii 1 (20-inch) - 2015/2016,Children Bicycles,Electra,2,299.99,0.1,539.982,9
596,08-12-2016,4,Santa Cruz Bikes,Aileen Marquez,CA,Trek Conduit+ - 2016,Electric Bikes,Trek,1,2999.99,0.05,2849.9905,11
597,08-12-2016,4,Baldwin Bikes,Shasta Combs,NY,Pure Cycles Vine 8-Speed - 2016,Cruisers Bicycles,Pure Cycles,2,429,0.2,686.4,3
597,08-12-2016,4,Baldwin Bikes,Shasta Combs,NY,Trek Remedy 29 Carbon Frameset - 2016,Mountain Bikes,Trek,1,1799.99,0.07,1673.9907,1
598,09-12-2016,3,Santa Cruz Bikes,Ronna Butler,CA,Trek Fuel EX 8 29 - 2016,Mountain Bikes,Trek,2,2899.99,0.05,5509.981,23
598,09-12-2016,3,Santa Cruz Bikes,Ronna Butler,CA,Electra Townie Original 7D EQ - 2016,Cruisers Bicycles,Electra,2,599.99,0.07,1115.9814,4
598,09-12-2016,3,Santa Cruz Bikes,Ronna Butler,CA,Electra Girl's Hawaii 1 (16-inch) - 2015/2016,Cruisers Bicycles,Electra,1,269.99,0.1,242.991,8
599,09-12-2016,4,Baldwin Bikes,Debra Burks,NY,Trek Conduit+ - 2016,Electric Bikes,Trek,2,2999.99,0.05,5699.981,17
599,09-12-2016,4,Baldwin Bikes,Debra Burks,NY,Electra Girl's Hawaii 1 (16-inch) - 2015/2016,Children Bicycles,Electra,2,269.99,0.2,431.984,0
599,09-12-2016,4,Baldwin Bikes,Debra Burks,NY,Electra Girl's Hawaii 1 (20-inch) - 2015/2016,Children Bicycles,Electra,1,299.99,0.07,278.9907,12
599,09-12-2016,4,Baldwin Bikes,Debra Burks,NY,Surly Straggler - 2016,Cyclocross Bicycles,Surly,2,1549,0.1,2788.2,13
600,09-12-2016,4,Baldwin Bikes,Sharika Colon,NY,Electra Townie Original 7D EQ - 2016,Comfort Bicycles,Electra,2,599.99,0.07,1115.9814,2
600,09-12-2016,4,Baldwin Bikes,Sharika Colon,NY,Trek Fuel EX 8 29 - 2016,Mountain Bikes,Trek,1,2899.99,0.2,2319.992,2
600,09-12-2016,4,Baldwin Bikes,Sharika Colon,NY,Pure Cycles Western 3-Speed - Women's - 2015/2016,Cruisers Bicycles,Pure Cycles,2,449,0.07,835.14,13
601,09-12-2016,4,Baldwin Bikes,Amparo Burks,NY,Electra Townie Original 21D - 2016,Cruisers Bicycles,Electra,2,549.99,0.2,879.984,2
602,09-12-2016,4,Baldwin Bikes,Tina Bush,NY,Electra Moto 1 - 2016,Cruisers Bicycles,Electra,2,529.99,0.05,1006.981,6
602,09-12-2016,4,Baldwin Bikes,Tina Bush,NY,Heller Shagamaw Frame - 2016,Mountain Bikes,Heller,2,1320.99,0.07,2457.0414,1
603,09-12-2016,4,Baldwin Bikes,Vernon Knowles,NY,Electra Townie Original 21D - 2016,Cruisers Bicycles,Electra,1,549.99,0.07,511.4907,2
603,09-12-2016,4,Baldwin Bikes,Vernon Knowles,NY,Trek Fuel EX 8 29 - 2016,Mountain Bikes,Trek,1,2899.99,0.1,2609.991,2
604,10-12-2016,4,Baldwin Bikes,Floretta Higgins,NY,Surly Straggler - 2016,Cyclocross Bicycles,Surly,2,1549,0.07,2881.14,13
604,10-12-2016,4,Baldwin Bikes,Floretta Higgins,NY,Trek Conduit+ - 2016,Electric Bikes,Trek,2,2999.99,0.2,4799.984,17
605,10-12-2016,4,Baldwin Bikes,Leila Barr,NY,Pure Cycles William 3-Speed - 2016,Cruisers Bicycles,Pure Cycles,1,449,0.07,417.57,15
605,10-12-2016,4,Baldwin Bikes,Leila Barr,NY,Electra Townie Original 7D - 2015/2016,Comfort Bicycles,Electra,2,499.99,0.05,949.981,18
605,10-12-2016,4,Baldwin Bikes,Leila Barr,NY,Electra Cruiser 1 (24-Inch) - 2016,Cruisers Bicycles,Electra,2,269.99,0.2,431.984,1
605,10-12-2016,4,Baldwin Bikes,Leila Barr,NY,Surly Straggler 650b - 2016,Cyclocross Bicycles,Surly,1,1680.99,0.2,1344.792,21
606,11-12-2016,4,Baldwin Bikes,Georgetta Hardin,NY,Surly Ice Cream Truck Frameset - 2016,Mountain Bikes,Surly,2,469.99,0.2,751.984,11
606,11-12-2016,4,Baldwin Bikes,Georgetta Hardin,NY,Pure Cycles Western 3-Speed - Women's - 2015/2016,Cruisers Bicycles,Pure Cycles,2,449,0.05,853.1,13
607,11-12-2016,4,Baldwin Bikes,Anderson Martin,NY,Surly Straggler 650b - 2016,Cyclocross Bicycles,Surly,2,1680.99,0.2,2689.584,21
607,11-12-2016,4,Baldwin Bikes,Anderson Martin,NY,Electra Townie Original 7D EQ - 2016,Comfort Bicycles,Electra,2,599.99,0.2,959.984,2
607,11-12-2016,4,Baldwin Bikes,Anderson Martin,NY,Electra Girl's Hawaii 1 (16-inch) - 2015/2016,Cruisers Bicycles,Electra,1,269.99,0.07,251.0907,18
608,12-12-2016,4,Santa Cruz Bikes,Ardelia Cooley,CA,Trek Fuel EX 8 29 - 2016,Mountain Bikes,Trek,2,2899.99,0.2,4639.984,23
608,12-12-2016,4,Santa Cruz Bikes,Ardelia Cooley,CA,Trek Slash 8 27.5 - 2016,Mountain Bikes,Trek,2,3999.99,0.1,7199.982,8
608,12-12-2016,4,Santa Cruz Bikes,Ardelia Cooley,CA,Electra Townie Original 21D - 2016,Comfort Bicycles,Electra,1,549.99,0.1,494.991,10
609,12-12-2016,4,Baldwin Bikes,Stefani Gamble,NY,Surly Straggler - 2016,Cyclocross Bicycles,Surly,1,1549,0.07,1440.57,13
609,12-12-2016,4,Baldwin Bikes,Stefani Gamble,NY,Trek Slash 8 27.5 - 2016,Mountain Bikes,Trek,1,3999.99,0.1,3599.991,8
609,12-12-2016,4,Baldwin Bikes,Stefani Gamble,NY,Electra Girl's Hawaii 1 (16-inch) - 2015/2016,Children Bicycles,Electra,2,269.99,0.1,485.982,0
609,12-12-2016,4,Baldwin Bikes,Stefani Gamble,NY,Heller Shagamaw Frame - 2016,Mountain Bikes,Heller,1,1320.99,0.1,1188.891,1
610,13-12-2016,4,Baldwin Bikes,Jovita Bishop,NY,Electra Townie Original 7D EQ - 2016,Comfort Bicycles,Electra,1,599.99,0.1,539.991,2
610,13-12-2016,4,Baldwin Bikes,Jovita Bishop,NY,Electra Townie Original 21D - 2016,Comfort Bicycles,Electra,1,549.99,0.07,511.4907,16
610,13-12-2016,4,Baldwin Bikes,Jovita Bishop,NY,Pure Cycles Western 3-Speed - Women's - 2015/2016,Cruisers Bicycles,Pure Cycles,2,449,0.07,835.14,13
610,13-12-2016,4,Baldwin Bikes,Jovita Bishop,NY,Surly Wednesday Frameset - 2016,Mountain Bikes,Surly,1,999.99,0.07,929.9907,28
610,13-12-2016,4,Baldwin Bikes,Jovita Bishop,NY,Trek Remedy 29 Carbon Frameset - 2016,Mountain Bikes,Trek,1,1799.99,0.1,1619.991,1
611,15-12-2016,4,Baldwin Bikes,Leeanne Cross,NY,Electra Townie Original 7D EQ - 2016,Cruisers Bicycles,Electra,2,599.99,0.07,1115.9814,20
612,16-12-2016,4,Baldwin Bikes,Taylor Cole,NY,Electra Cruiser 1 (24-Inch) - 2016,Cruisers Bicycles,Electra,1,269.99,0.1,242.991,1
612,16-12-2016,4,Baldwin Bikes,Taylor Cole,NY,Electra Girl's Hawaii 1 (16-inch) - 2015/2016,Cruisers Bicycles,Electra,1,269.99,0.1,242.991,18
612,16-12-2016,4,Baldwin Bikes,Taylor Cole,NY,Pure Cycles Vine 8-Speed - 2016,Cruisers Bicycles,Pure Cycles,1,429,0.07,398.97,3
612,16-12-2016,4,Baldwin Bikes,Taylor Cole,NY,Electra Townie Original 7D EQ - Women's - 2016,Cruisers Bicycles,Electra,1,599.99,0.2,479.992,20
613,17-12-2016,4,Baldwin Bikes,Charlene Norris,NY,Trek Conduit+ - 2016,Electric Bikes,Trek,2,2999.99,0.1,5399.982,17
613,17-12-2016,4,Baldwin Bikes,Charlene Norris,NY,Pure Cycles Western 3-Speed - Women's - 2015/2016,Cruisers Bicycles,Pure Cycles,2,449,0.05,853.1,13
613,17-12-2016,4,Baldwin Bikes,Charlene Norris,NY,Electra Townie Original 21D - 2016,Cruisers Bicycles,Electra,1,549.99,0.07,511.4907,2
614,18-12-2016,4,Santa Cruz Bikes,Eun Harris,CA,Pure Cycles Western 3-Speed - Women's - 2015/2016,Cruisers Bicycles,Pure Cycles,1,449,0.1,404.1,16
614,18-12-2016,4,Santa Cruz Bikes,Eun Harris,CA,Electra Cruiser 1 (24-Inch) - 2016,Children Bicycles,Electra,1,269.99,0.05,256.4905,24
615,19-12-2016,4,Rowlett Bikes,Tricia Daniels,TX,Surly Straggler 650b - 2016,Cyclocross Bicycles,Surly,1,1680.99,0.07,1563.3207,30
615,19-12-2016,4,Rowlett Bikes,Tricia Daniels,TX,Electra Girl's Hawaii 1 (20-inch) - 2015/2016,Children Bicycles,Electra,1,299.99,0.05,284.9905,8
615,19-12-2016,4,Rowlett Bikes,Tricia Daniels,TX,Surly Ice Cream Truck Frameset - 2016,Mountain Bikes,Surly,2,469.99,0.1,845.982,27
615,19-12-2016,4,Rowlett Bikes,Tricia Daniels,TX,Pure Cycles William 3-Speed - 2016,Cruisers Bicycles,Pure Cycles,2,449,0.1,808.2,24
616,20-12-2016,4,Baldwin Bikes,Ivette Estes,NY,Electra Townie Original 21D - 2016,Comfort Bicycles,Electra,1,549.99,0.2,439.992,16
616,20-12-2016,4,Baldwin Bikes,Ivette Estes,NY,Electra Townie Original 7D EQ - 2016,Cruisers Bicycles,Electra,2,599.99,0.2,959.984,20
617,21-12-2016,4,Baldwin Bikes,Le Wood,NY,Electra Moto 1 - 2016,Cruisers Bicycles,Electra,2,529.99,0.2,847.984,6
617,21-12-2016,4,Baldwin Bikes,Le Wood,NY,Surly Straggler 650b - 2016,Cyclocross Bicycles,Surly,2,1680.99,0.07,3126.6414,21
618,21-12-2016,4,Baldwin Bikes,Tanesha Hampton,NY,Pure Cycles Vine 8-Speed - 2016,Cruisers Bicycles,Pure Cycles,2,429,0.1,772.2,3
618,21-12-2016,4,Baldwin Bikes,Tanesha Hampton,NY,Surly Straggler 650b - 2016,Cyclocross Bicycles,Surly,1,1680.99,0.07,1563.3207,21
619,22-12-2016,4,Baldwin Bikes,Terese Palmer,NY,Electra Townie Original 7D - 2015/2016,Comfort Bicycles,Electra,1,499.99,0.07,464.9907,18
620,22-12-2016,4,Baldwin Bikes,Collen Hayes,NY,Heller Shagamaw Frame - 2016,Mountain Bikes,Heller,2,1320.99,0.2,2113.584,1
621,23-12-2016,4,Baldwin Bikes,Anton Barton,NY,Pure Cycles Vine 8-Speed - 2016,Cruisers Bicycles,Pure Cycles,2,429,0.07,797.94,3
622,23-12-2016,4,Baldwin Bikes,Nevada Hood,NY,Trek Conduit+ - 2016,Electric Bikes,Trek,2,2999.99,0.07,5579.9814,17
622,23-12-2016,4,Baldwin Bikes,Nevada Hood,NY,Pure Cycles Western 3-Speed - Women's - 2015/2016,Cruisers Bicycles,Pure Cycles,1,449,0.1,404.1,13
622,23-12-2016,4,Baldwin Bikes,Nevada Hood,NY,Surly Straggler - 2016,Cyclocross Bicycles,Surly,1,1549,0.2,1239.2,13
622,23-12-2016,4,Baldwin Bikes,Nevada Hood,NY,Electra Townie Original 7D - 2015/2016,Comfort Bicycles,Electra,1,499.99,0.07,464.9907,18
623,24-12-2016,4,Baldwin Bikes,Myron Johns,NY,Trek Remedy 29 Carbon Frameset - 2016,Mountain Bikes,Trek,1,1799.99,0.07,1673.9907,1
624,24-12-2016,4,Baldwin Bikes,Ghislaine Compton,NY,Electra Cruiser 1 (24-Inch) - 2016,Children Bicycles,Electra,2,269.99,0.05,512.981,16
624,24-12-2016,4,Baldwin Bikes,Ghislaine Compton,NY,Electra Townie Original 7D EQ - 2016,Cruisers Bicycles,Electra,1,599.99,0.07,557.9907,20
624,24-12-2016,4,Baldwin Bikes,Ghislaine Compton,NY,Electra Girl's Hawaii 1 (16-inch) - 2015/2016,Children Bicycles,Electra,1,269.99,0.07,251.0907,0
624,24-12-2016,4,Baldwin Bikes,Ghislaine Compton,NY,Electra Girl's Hawaii 1 (16-inch) - 2015/2016,Cruisers Bicycles,Electra,2,269.99,0.2,431.984,18
625,25-12-2016,4,Santa Cruz Bikes,Carmela Hays,CA,Pure Cycles Vine 8-Speed - 2016,Cruisers Bicycles,Pure Cycles,1,429,0.07,398.97,2
625,25-12-2016,4,Santa Cruz Bikes,Carmela Hays,CA,Surly Straggler 650b - 2016,Cyclocross Bicycles,Surly,2,1680.99,0.2,2689.584,8
625,25-12-2016,4,Santa Cruz Bikes,Carmela Hays,CA,Electra Townie Original 7D EQ - 2016,Comfort Bicycles,Electra,1,599.99,0.07,557.9907,16
625,25-12-2016,4,Santa Cruz Bikes,Carmela Hays,CA,Electra Girl's Hawaii 1 (20-inch) - 2015/2016,Children Bicycles,Electra,2,299.99,0.1,539.982,9
626,25-12-2016,4,Baldwin Bikes,Wes Stanton,NY,Electra Moto 1 - 2016,Cruisers Bicycles,Electra,1,529.99,0.2,423.992,6
627,25-12-2016,4,Baldwin Bikes,Tora Dunlap,NY,Pure Cycles William 3-Speed - 2016,Cruisers Bicycles,Pure Cycles,1,449,0.07,417.57,15
627,25-12-2016,4,Baldwin Bikes,Tora Dunlap,NY,Trek Conduit+ - 2016,Electric Bikes,Trek,2,2999.99,0.2,4799.984,17
627,25-12-2016,4,Baldwin Bikes,Tora Dunlap,NY,Electra Townie Original 7D EQ - 2016,Comfort Bicycles,Electra,1,599.99,0.07,557.9907,2
628,26-12-2016,4,Santa Cruz Bikes,Kandace Hughes,CA,Electra Moto 1 - 2016,Cruisers Bicycles,Electra,2,529.99,0.1,953.982,3
629,26-12-2016,4,Santa Cruz Bikes,Margaretta Clayton,CA,Pure Cycles William 3-Speed - 2016,Cruisers Bicycles,Pure Cycles,1,449,0.05,426.55,4
629,26-12-2016,4,Santa Cruz Bikes,Margaretta Clayton,CA,Heller Shagamaw Frame - 2016,Mountain Bikes,Heller,2,1320.99,0.05,2509.881,22
629,26-12-2016,4,Santa Cruz Bikes,Margaretta Clayton,CA,Electra Girl's Hawaii 1 (20-inch) - 2015/2016,Children Bicycles,Electra,2,299.99,0.1,539.982,9
629,26-12-2016,4,Santa Cruz Bikes,Margaretta Clayton,CA,Electra Girl's Hawaii 1 (16-inch) - 2015/2016,Cruisers Bicycles,Electra,2,269.99,0.05,512.981,8
629,26-12-2016,4,Santa Cruz Bikes,Margaretta Clayton,CA,Surly Ice Cream Truck Frameset - 2016,Mountain Bikes,Surly,2,469.99,0.1,845.982,0
630,26-12-2016,4,Baldwin Bikes,Loyce Conway,NY,Heller Shagamaw Frame - 2016,Mountain Bikes,Heller,1,1320.99,0.05,1254.9405,1
630,26-12-2016,4,Baldwin Bikes,Loyce Conway,NY,Electra Townie Original 7D - 2015/2016,Comfort Bicycles,Electra,1,499.99,0.1,449.991,18
630,26-12-2016,4,Baldwin Bikes,Loyce Conway,NY,Pure Cycles Western 3-Speed - Women's - 2015/2016,Cruisers Bicycles,Pure Cycles,2,449,0.1,808.2,13
630,26-12-2016,4,Baldwin Bikes,Loyce Conway,NY,Electra Cruiser 1 (24-Inch) - 2016,Children Bicycles,Electra,2,269.99,0.07,502.1814,16
631,27-12-2016,4,Santa Cruz Bikes,Lean Stark,CA,Electra Townie Original 21D - 2016,Comfort Bicycles,Electra,2,549.99,0.07,1022.9814,10
631,27-12-2016,4,Santa Cruz Bikes,Lean Stark,CA,Electra Moto 1 - 2016,Cruisers Bicycles,Electra,2,529.99,0.07,985.7814,3
632,27-12-2016,4,Baldwin Bikes,Margert Stevens,NY,Electra Townie Original 7D - 2015/2016,Comfort Bicycles,Electra,1,499.99,0.2,399.992,18
632,27-12-2016,4,Baldwin Bikes,Margert Stevens,NY,Surly Straggler 650b - 2016,Cyclocross Bicycles,Surly,2,1680.99,0.1,3025.782,21
632,27-12-2016,4,Baldwin Bikes,Margert Stevens,NY,Electra Moto 1 - 2016,Cruisers Bicycles,Electra,1,529.99,0.07,492.8907,6
632,27-12-2016,4,Baldwin Bikes,Margert Stevens,NY,Surly Ice Cream Truck Frameset - 2016,Mountain Bikes,Surly,1,469.99,0.05,446.4905,11
632,27-12-2016,4,Baldwin Bikes,Margert Stevens,NY,Electra Girl's Hawaii 1 (16-inch) - 2015/2016,Children Bicycles,Electra,2,269.99,0.1,485.982,0
633,28-12-2016,4,Rowlett Bikes,Shantae Hammond,TX,Electra Townie Original 21D - 2016,Cruisers Bicycles,Electra,2,549.99,0.05,1044.981,30
633,28-12-2016,4,Rowlett Bikes,Shantae Hammond,TX,Electra Cruiser 1 (24-Inch) - 2016,Cruisers Bicycles,Electra,2,269.99,0.2,431.984,19
633,28-12-2016,4,Rowlett Bikes,Shantae Hammond,TX,Heller Shagamaw Frame - 2016,Mountain Bikes,Heller,2,1320.99,0.2,2113.584,3
633,28-12-2016,4,Rowlett Bikes,Shantae Hammond,TX,Surly Straggler - 2016,Cyclocross Bicycles,Surly,2,1549,0.2,2478.4,21
634,29-12-2016,4,Baldwin Bikes,Santos Valencia,NY,Trek Fuel EX 8 29 - 2016,Mountain Bikes,Trek,2,2899.99,0.05,5509.981,2
634,29-12-2016,4,Baldwin Bikes,Santos Valencia,NY,Electra Townie Original 21D - 2016,Cruisers Bicycles,Electra,1,549.99,0.1,494.991,2
635,30-12-2016,4,Baldwin Bikes,Andreas Herman,NY,Trek Fuel EX 8 29 - 2016,Mountain Bikes,Trek,1,2899.99,0.05,2754.9905,2
636,03-01-2017,4,Santa Cruz Bikes,Mia Delgado,CA,Haro Downtown 16 - 2017,Children Bicycles,Haro,2,329.99,0.2,527.984,23
637,03-01-2017,4,Baldwin Bikes,Hee Greer,NY,Trek Conduit+ - 2016,Electric Bikes,Trek,1,2999.99,0.1,2699.991,17
637,03-01-2017,4,Baldwin Bikes,Hee Greer,NY,Sun Bicycles Cruz 3 - 2017,Comfort Bicycles,Sun Bicycles,2,449.99,0.1,809.982,7
638,04-01-2017,4,Baldwin Bikes,Verda Gilbert,NY,Sun Bicycles Streamway 3 - 2017,Comfort Bicycles,Sun Bicycles,1,551.99,0.05,524.3905,1
638,04-01-2017,4,Baldwin Bikes,Verda Gilbert,NY,Trek Domane SLR 6 Disc - 2017,Road Bikes,Trek,1,5499.99,0.2,4399.992,20
638,04-01-2017,4,Baldwin Bikes,Verda Gilbert,NY,Surly Ogre Frameset - 2017,Road Bikes,Surly,2,749.99,0.05,1424.981,19
639,06-01-2017,4,Baldwin Bikes,Felicidad Golden,NY,Electra Moto 1 - 2016,Cruisers Bicycles,Electra,1,529.99,0.07,492.8907,6
639,06-01-2017,4,Baldwin Bikes,Felicidad Golden,NY,Sun Bicycles Brickell Tandem 7 - 2017,Cruisers Bicycles,Sun Bicycles,1,749.99,0.05,712.4905,20
639,06-01-2017,4,Baldwin Bikes,Felicidad Golden,NY,Sun Bicycles Biscayne Tandem 7 - 2017,Cruisers Bicycles,Sun Bicycles,1,619.99,0.05,588.9905,1
639,06-01-2017,4,Baldwin Bikes,Felicidad Golden,NY,Trek Powerfly 8 FS Plus - 2017,Electric Bikes,Trek,2,4999.99,0.1,8999.982,20
640,06-01-2017,4,Baldwin Bikes,Alejandrina Hodges,NY,Sun Bicycles Cruz 3 - 2017,Comfort Bicycles,Sun Bicycles,2,449.99,0.05,854.981,7
640,06-01-2017,4,Baldwin Bikes,Alejandrina Hodges,NY,Trek Farley Alloy Frameset - 2017,Mountain Bikes,Trek,1,469.99,0.07,437.0907,13
640,06-01-2017,4,Baldwin Bikes,Alejandrina Hodges,NY,Surly Ice Cream Truck Frameset - 2017,Mountain Bikes,Surly,1,999.99,0.07,929.9907,17
640,06-01-2017,4,Baldwin Bikes,Alejandrina Hodges,NY,"Electra Girl's Hawaii 1 16"" - 2017",Cruisers Bicycles,Electra,2,299.99,0.07,557.9814,20
640,06-01-2017,4,Baldwin Bikes,Alejandrina Hodges,NY,Sun Bicycles Cruz 7 - Women's - 2017,Comfort Bicycles,Sun Bicycles,2,416.99,0.2,667.184,25
641,07-01-2017,4,Santa Cruz Bikes,Adam Henderson,CA,Electra Moto 1 - 2016,Cruisers Bicycles,Electra,1,529.99,0.05,503.4905,3
641,07-01-2017,4,Santa Cruz Bikes,Adam Henderson,CA,Trek Boone 7 - 2017,Cyclocross Bicycles,Trek,1,3499.99,0.2,2799.992,21
641,07-01-2017,4,Santa Cruz Bikes,Adam Henderson,CA,Electra Townie Original 7D - 2017,Cruisers Bicycles,Electra,1,489.99,0.2,391.992,30
642,07-01-2017,4,Baldwin Bikes,Lizette Ellison,NY,Sun Bicycles Cruz 3 - 2017,Cruisers Bicycles,Sun Bicycles,2,449.99,0.07,836.9814,23
643,08-01-2017,4,Santa Cruz Bikes,Lonna Franks,CA,Surly Ogre Frameset - 2017,Road Bikes,Surly,1,749.99,0.05,712.4905,17
644,08-01-2017,4,Baldwin Bikes,Sunshine Rosario,NY,Trek Conduit+ - 2016,Electric Bikes,Trek,1,2999.99,0.07,2789.9907,17
645,08-01-2017,4,Baldwin Bikes,Consuela Collier,NY,Electra Sugar Skulls 1 (20-inch) - Girl's - 2017,Children Bicycles,Electra,1,299.99,0.07,278.9907,24
645,08-01-2017,4,Baldwin Bikes,Consuela Collier,NY,Trek Fuel EX 5 27.5 Plus - 2017,Mountain Bikes,Trek,2,2299.99,0.05,4369.981,16
645,08-01-2017,4,Baldwin Bikes,Consuela Collier,NY,Surly Ice Cream Truck Frameset - 2016,Mountain Bikes,Surly,1,469.99,0.05,446.4905,11
645,08-01-2017,4,Baldwin Bikes,Consuela Collier,NY,Trek Remedy 9.8 - 2017,Mountain Bikes,Trek,2,5299.99,0.07,9857.9814,0
645,08-01-2017,4,Baldwin Bikes,Consuela Collier,NY,Electra Cruiser 1 (24-Inch) - 2016,Children Bicycles,Electra,2,269.99,0.07,502.1814,16
646,09-01-2017,4,Santa Cruz Bikes,Annis Sanchez,CA,Electra Moto 1 - 2016,Cruisers Bicycles,Electra,2,529.99,0.2,847.984,3
646,09-01-2017,4,Santa Cruz Bikes,Annis Sanchez,CA,Trek Fuel EX 8 29 - 2016,Mountain Bikes,Trek,1,2899.99,0.07,2696.9907,23
646,09-01-2017,4,Santa Cruz Bikes,Annis Sanchez,CA,"Electra Girl's Hawaii 1 16"" - 2017",Children Bicycles,Electra,1,299.99,0.05,284.9905,25
646,09-01-2017,4,Santa Cruz Bikes,Annis Sanchez,CA,Electra Townie Original 21D - 2016,Cruisers Bicycles,Electra,1,549.99,0.2,439.992,16
647,09-01-2017,4,Baldwin Bikes,Jaimee Day,NY,Electra Townie Original 7D - 2015/2016,Comfort Bicycles,Electra,2,499.99,0.07,929.9814,18
647,09-01-2017,4,Baldwin Bikes,Jaimee Day,NY,Electra Cruiser 1 (24-Inch) - 2016,Cruisers Bicycles,Electra,1,269.99,0.1,242.991,1
648,09-01-2017,4,Baldwin Bikes,Jenny Bell,NY,Electra Townie Original 21D - 2016,Comfort Bicycles,Electra,1,549.99,0.07,511.4907,16
649,10-01-2017,4,Santa Cruz Bikes,Ara Vazquez,CA,Electra Savannah 3i (20-inch) - Girl's - 2017,Children Bicycles,Electra,2,349.99,0.1,629.982,20
649,10-01-2017,4,Santa Cruz Bikes,Ara Vazquez,CA,Trek Precaliber 16 Girls - 2017,Children Bicycles,Trek,1,209.99,0.07,195.2907,4
649,10-01-2017,4,Santa Cruz Bikes,Ara Vazquez,CA,Surly Straggler 650b - 2016,Cyclocross Bicycles,Surly,2,1680.99,0.1,3025.782,8
649,10-01-2017,4,Santa Cruz Bikes,Ara Vazquez,CA,Sun Bicycles Biscayne Tandem CB - 2017,Cruisers Bicycles,Sun Bicycles,1,647.99,0.05,615.5905,13
650,11-01-2017,4,Santa Cruz Bikes,Hue Dalton,CA,Surly Wednesday Frameset - 2016,Mountain Bikes,Surly,1,999.99,0.2,799.992,6
651,11-01-2017,4,Baldwin Bikes,Toya Pratt,NY,Sun Bicycles Boardwalk (24-inch Wheels) - 2017,Cruisers Bicycles,Sun Bicycles,1,402.99,0.1,362.691,29
651,11-01-2017,4,Baldwin Bikes,Toya Pratt,NY,Haro Downtown 16 - 2017,Children Bicycles,Haro,1,329.99,0.05,313.4905,6
651,11-01-2017,4,Baldwin Bikes,Toya Pratt,NY,Electra Townie Original 7D - 2017,Comfort Bicycles,Electra,2,489.99,0.05,930.981,12
651,11-01-2017,4,Baldwin Bikes,Toya Pratt,NY,Haro Shredder Pro 20 - 2017,Children Bicycles,Haro,2,249.99,0.05,474.981,2
652,12-01-2017,4,Rowlett Bikes,Milagros Weber,TX,Electra Townie Original 7D - 2017,Comfort Bicycles,Electra,1,489.99,0.1,440.991,22
652,12-01-2017,4,Rowlett Bikes,Milagros Weber,TX,Trek Boone 7 - 2017,Cyclocross Bicycles,Trek,2,3499.99,0.2,5599.984,4
652,12-01-2017,4,Rowlett Bikes,Milagros Weber,TX,Sun Bicycles Revolutions 24 - Girl's - 2017,Cruisers Bicycles,Sun Bicycles,2,250.99,0.2,401.584,6
652,12-01-2017,4,Rowlett Bikes,Milagros Weber,TX,Electra Girl's Hawaii 1 (20-inch) - 2015/2016,Children Bicycles,Electra,1,299.99,0.1,269.991,8
652,12-01-2017,4,Rowlett Bikes,Milagros Weber,TX,Electra Cruiser Lux 1 - 2017,Cruisers Bicycles,Electra,1,439.99,0.05,417.9905,17
653,14-01-2017,4,Santa Cruz Bikes,Barbra Dickerson,CA,Surly Ice Cream Truck Frameset - 2016,Mountain Bikes,Surly,1,469.99,0.07,437.0907,0
653,14-01-2017,4,Santa Cruz Bikes,Barbra Dickerson,CA,Trek Fuel EX 9.8 27.5 Plus - 2017,Mountain Bikes,Trek,1,5299.99,0.1,4769.991,2
653,14-01-2017,4,Santa Cruz Bikes,Barbra Dickerson,CA,Ritchey Timberwolf Frameset - 2016,Mountain Bikes,Ritchey,2,749.99,0.1,1349.982,5
653,14-01-2017,4,Santa Cruz Bikes,Barbra Dickerson,CA,Sun Bicycles Brickell Tandem CB - 2017,Cruisers Bicycles,Sun Bicycles,1,761.99,0.2,609.592,11
653,14-01-2017,4,Santa Cruz Bikes,Barbra Dickerson,CA,Trek Precaliber 12 Girls - 2017,Children Bicycles,Trek,2,189.99,0.07,353.3814,7
654,14-01-2017,4,Baldwin Bikes,Gilberto Sanders,NY,Trek Conduit+ - 2016,Electric Bikes,Trek,1,2999.99,0.1,2699.991,17
654,14-01-2017,4,Baldwin Bikes,Gilberto Sanders,NY,"Electra Girl's Hawaii 1 16"" - 2017",Children Bicycles,Electra,1,299.99,0.1,269.991,10
654,14-01-2017,4,Baldwin Bikes,Gilberto Sanders,NY,Sun Bicycles Drifter 7 - 2017,Comfort Bicycles,Sun Bicycles,2,470.99,0.07,876.0414,7
654,14-01-2017,4,Baldwin Bikes,Gilberto Sanders,NY,Electra Savannah 3i (20-inch) - Girl's - 2017,Children Bicycles,Electra,2,349.99,0.07,650.9814,15
655,16-01-2017,4,Santa Cruz Bikes,Kanesha Hudson,CA,Sun Bicycles Revolutions 24 - Girl's - 2017,Cruisers Bicycles,Sun Bicycles,1,250.99,0.1,225.891,19
656,16-01-2017,4,Baldwin Bikes,Venessa Frost,NY,Trek Boy's Kickster - 2015/2017,Children Bicycles,Trek,1,149.99,0.1,134.991,21
656,16-01-2017,4,Baldwin Bikes,Venessa Frost,NY,Electra Girl's Hawaii 1 (16-inch) - 2015/2016,Children Bicycles,Electra,1,269.99,0.07,251.0907,0
656,16-01-2017,4,Baldwin Bikes,Venessa Frost,NY,Surly Wednesday Frameset - 2017,Mountain Bikes,Surly,2,469.99,0.05,892.981,8
657,17-01-2017,4,Santa Cruz Bikes,Mable Pratt,CA,Surly Steamroller - 2017,Road Bikes,Surly,1,875.99,0.05,832.1905,18
657,17-01-2017,4,Santa Cruz Bikes,Mable Pratt,CA,Trek Domane SL Disc Frameset - 2017,Road Bikes,Trek,2,3199.99,0.05,6079.981,11
658,17-01-2017,4,Baldwin Bikes,Tonisha Fowler,NY,Trek Domane SL 6 - 2017,Road Bikes,Trek,2,3499.99,0.2,5599.984,4
658,17-01-2017,4,Baldwin Bikes,Tonisha Fowler,NY,Trek X-Caliber 8 - 2017,Mountain Bikes,Trek,1,999.99,0.05,949.9905,29
658,17-01-2017,4,Baldwin Bikes,Tonisha Fowler,NY,Trek Conduit+ - 2016,Electric Bikes,Trek,1,2999.99,0.05,2849.9905,17
659,17-01-2017,4,Baldwin Bikes,Sheryl Chase,NY,Trek Fuel EX 5 27.5 Plus - 2017,Mountain Bikes,Trek,2,2299.99,0.05,4369.981,16
659,17-01-2017,4,Baldwin Bikes,Sheryl Chase,NY,Trek Stache 5 - 2017,Mountain Bikes,Trek,2,1499.99,0.07,2789.9814,28
659,17-01-2017,4,Baldwin Bikes,Sheryl Chase,NY,Electra Amsterdam Original 3i - 2015/2017,Cruisers Bicycles,Electra,1,659.99,0.05,626.9905,6
659,17-01-2017,4,Baldwin Bikes,Sheryl Chase,NY,Trek Powerfly 8 FS Plus - 2017,Electric Bikes,Trek,2,4999.99,0.07,9299.9814,20
660,18-01-2017,4,Baldwin Bikes,Ashlee Pena,NY,Surly Ice Cream Truck Frameset - 2017,Mountain Bikes,Surly,1,999.99,0.2,799.992,17
660,18-01-2017,4,Baldwin Bikes,Ashlee Pena,NY,Trek Domane S 5 Disc - 2017,Road Bikes,Trek,2,2599.99,0.07,4835.9814,17
660,18-01-2017,4,Baldwin Bikes,Ashlee Pena,NY,Trek Remedy 9.8 - 2017,Mountain Bikes,Trek,2,5299.99,0.05,10069.981,0
660,18-01-2017,4,Baldwin Bikes,Ashlee Pena,NY,Trek X-Caliber 8 - 2017,Mountain Bikes,Trek,2,999.99,0.2,1599.984,29
661,18-01-2017,4,Baldwin Bikes,Leigh Burke,NY,Trek Boone Race Shop Limited - 2017,Cyclocross Bicycles,Trek,2,3499.99,0.07,6509.9814,5
661,18-01-2017,4,Baldwin Bikes,Leigh Burke,NY,Electra Girl's Hawaii 1 (16-inch) - 2015/2016,Children Bicycles,Electra,2,269.99,0.05,512.981,0
662,19-01-2017,4,Santa Cruz Bikes,Caleb England,CA,Trek Domane S 6 - 2017,Road Bikes,Trek,2,2699.99,0.1,4859.982,11
662,19-01-2017,4,Santa Cruz Bikes,Caleb England,CA,"Electra Girl's Hawaii 1 16"" - 2017",Children Bicycles,Electra,2,299.99,0.2,479.984,25
662,19-01-2017,4,Santa Cruz Bikes,Caleb England,CA,Electra Townie Original 7D - 2017,Comfort Bicycles,Electra,2,489.99,0.07,911.3814,9
662,19-01-2017,4,Santa Cruz Bikes,Caleb England,CA,Electra Girl's Hawaii 1 (16-inch) - 2015/2016,Children Bicycles,Electra,1,269.99,0.07,251.0907,29
662,19-01-2017,4,Santa Cruz Bikes,Caleb England,CA,Sun Bicycles Cruz 3 - 2017,Comfort Bicycles,Sun Bicycles,2,449.99,0.07,836.9814,30
663,20-01-2017,4,Santa Cruz Bikes,Herta Rollins,CA,Haro Shift R3 - 2017,Mountain Bikes,Haro,2,1469.99,0.05,2792.981,10
663,20-01-2017,4,Santa Cruz Bikes,Herta Rollins,CA,Pure Cycles Vine 8-Speed - 2016,Cruisers Bicycles,Pure Cycles,2,429,0.2,686.4,2
663,20-01-2017,4,Santa Cruz Bikes,Herta Rollins,CA,Haro Shredder Pro 20 - 2017,Children Bicycles,Haro,1,249.99,0.05,237.4905,6
663,20-01-2017,4,Santa Cruz Bikes,Herta Rollins,CA,Sun Bicycles Atlas X-Type - 2017,Cruisers Bicycles,Sun Bicycles,1,416.99,0.07,387.8007,25
663,20-01-2017,4,Santa Cruz Bikes,Herta Rollins,CA,Sun Bicycles Cruz 3 - 2017,Comfort Bicycles,Sun Bicycles,1,449.99,0.2,359.992,30
664,20-01-2017,4,Baldwin Bikes,Reatha Perez,NY,Surly Steamroller - 2017,Road Bikes,Surly,2,875.99,0.07,1629.3414,23
664,20-01-2017,4,Baldwin Bikes,Reatha Perez,NY,Heller Shagamaw Frame - 2016,Mountain Bikes,Heller,1,1320.99,0.07,1228.5207,1
664,20-01-2017,4,Baldwin Bikes,Reatha Perez,NY,Trek Silque SLR 7 Women's - 2017,Road Bikes,Trek,1,5999.99,0.2,4799.992,7
664,20-01-2017,4,Baldwin Bikes,Reatha Perez,NY,Electra Townie 7D (20-inch) - Boys' - 2017,Children Bicycles,Electra,2,339.99,0.2,543.984,4
664,20-01-2017,4,Baldwin Bikes,Reatha Perez,NY,Trek Remedy 9.8 - 2017,Mountain Bikes,Trek,1,5299.99,0.07,4928.9907,0
665,21-01-2017,4,Baldwin Bikes,Syreeta Hendricks,NY,Trek Madone 9.2 - 2017,Road Bikes,Trek,1,4999.99,0.07,4649.9907,15
665,21-01-2017,4,Baldwin Bikes,Syreeta Hendricks,NY,Trek Fuel EX 5 27.5 Plus - 2017,Mountain Bikes,Trek,2,2299.99,0.2,3679.984,16
665,21-01-2017,4,Baldwin Bikes,Syreeta Hendricks,NY,Electra Townie Original 7D - 2015/2016,Comfort Bicycles,Electra,2,499.99,0.05,949.981,18
666,21-01-2017,4,Baldwin Bikes,Lavonda Stephenson,NY,Electra Straight 8 3i (20-inch) - Boy's - 2017,Children Bicycles,Electra,2,489.99,0.2,783.984,14
666,21-01-2017,4,Baldwin Bikes,Lavonda Stephenson,NY,Trek Stache 5 - 2017,Mountain Bikes,Trek,1,1499.99,0.05,1424.9905,28
667,22-01-2017,4,Baldwin Bikes,Klara Kim,NY,Sun Bicycles Boardwalk (24-inch Wheels) - 2017,Cruisers Bicycles,Sun Bicycles,1,402.99,0.2,322.392,29
667,22-01-2017,4,Baldwin Bikes,Klara Kim,NY,Sun Bicycles Lil Kitt'n - 2017,Children Bicycles,Sun Bicycles,1,109.99,0.1,98.991,22
667,22-01-2017,4,Baldwin Bikes,Klara Kim,NY,Surly Wednesday Frameset - 2016,Mountain Bikes,Surly,1,999.99,0.2,799.992,28
667,22-01-2017,4,Baldwin Bikes,Klara Kim,NY,Electra Sugar Skulls 1 (20-inch) - Girl's - 2017,Children Bicycles,Electra,1,299.99,0.1,269.991,24
667,22-01-2017,4,Baldwin Bikes,Klara Kim,NY,Haro Downtown 16 - 2017,Children Bicycles,Haro,1,329.99,0.05,313.4905,6
668,22-01-2017,4,Rowlett Bikes,Christia Carson,TX,Trek Emonda S 4 - 2017,Road Bikes,Trek,2,1499.99,0.05,2849.981,2
668,22-01-2017,4,Rowlett Bikes,Christia Carson,TX,Pure Cycles William 3-Speed - 2016,Cruisers Bicycles,Pure Cycles,2,449,0.1,808.2,24
669,23-01-2017,4,Baldwin Bikes,Carolyne Conley,NY,Electra Townie Original 7D EQ - 2016,Cruisers Bicycles,Electra,2,599.99,0.07,1115.9814,20
669,23-01-2017,4,Baldwin Bikes,Carolyne Conley,NY,Sun Bicycles Biscayne Tandem 7 - 2017,Cruisers Bicycles,Sun Bicycles,1,619.99,0.07,576.5907,1
670,24-01-2017,4,Baldwin Bikes,Virgina Berg,NY,Sun Bicycles Cruz 3 - Women's - 2017,Comfort Bicycles,Sun Bicycles,1,449.99,0.1,404.991,29
670,24-01-2017,4,Baldwin Bikes,Virgina Berg,NY,Surly Karate Monkey 27.5+ Frameset - 2017,Mountain Bikes,Surly,1,2499.99,0.07,2324.9907,25
670,24-01-2017,4,Baldwin Bikes,Virgina Berg,NY,Sun Bicycles Streamway - 2017,Comfort Bicycles,Sun Bicycles,2,481.99,0.2,771.184,26
670,24-01-2017,4,Baldwin Bikes,Virgina Berg,NY,Haro SR 1.2 - 2017,Mountain Bikes,Haro,2,869.99,0.05,1652.981,13
671,25-01-2017,4,Baldwin Bikes,Elvia Cardenas,NY,Surly Ice Cream Truck Frameset - 2017,Mountain Bikes,Surly,1,999.99,0.05,949.9905,17
671,25-01-2017,4,Baldwin Bikes,Elvia Cardenas,NY,Sun Bicycles Cruz 7 - 2017,Cruisers Bicycles,Sun Bicycles,1,416.99,0.05,396.1405,22
671,25-01-2017,4,Baldwin Bikes,Elvia Cardenas,NY,Trek Domane S 6 - 2017,Road Bikes,Trek,1,2699.99,0.2,2159.992,5
671,25-01-2017,4,Baldwin Bikes,Elvia Cardenas,NY,Trek Fuel EX 8 29 - 2016,Mountain Bikes,Trek,1,2899.99,0.07,2696.9907,2
671,25-01-2017,4,Baldwin Bikes,Elvia Cardenas,NY,Sun Bicycles Cruz 7 - Women's - 2017,Comfort Bicycles,Sun Bicycles,2,416.99,0.07,775.6014,25
672,26-01-2017,4,Baldwin Bikes,Delmar Wise,NY,Trek Silque SLR 8 Women's - 2017,Road Bikes,Trek,2,6499.99,0.07,12089.9814,8
672,26-01-2017,4,Baldwin Bikes,Delmar Wise,NY,Electra Moto 3i (20-inch) - Boy's - 2017,Children Bicycles,Electra,2,349.99,0.2,559.984,22
672,26-01-2017,4,Baldwin Bikes,Delmar Wise,NY,Trek Emonda S 4 - 2017,Road Bikes,Trek,2,1499.99,0.07,2789.9814,20
673,26-01-2017,4,Rowlett Bikes,Bobbie Foster,TX,Sun Bicycles Revolutions 24 - 2017,Cruisers Bicycles,Sun Bicycles,1,250.99,0.2,200.792,3
673,26-01-2017,4,Rowlett Bikes,Bobbie Foster,TX,Haro Flightline Two 26 Plus - 2017,Mountain Bikes,Haro,1,549.99,0.2,439.992,23
673,26-01-2017,4,Rowlett Bikes,Bobbie Foster,TX,Heller Shagamaw Frame - 2016,Mountain Bikes,Heller,1,1320.99,0.07,1228.5207,3
673,26-01-2017,4,Rowlett Bikes,Bobbie Foster,TX,Electra Cruiser 1 (24-Inch) - 2016,Cruisers Bicycles,Electra,1,269.99,0.1,242.991,19
674,27-01-2017,4,Baldwin Bikes,Doreatha Ford,NY,Electra Townie Original 7D EQ - 2016,Comfort Bicycles,Electra,2,599.99,0.2,959.984,2
675,28-01-2017,4,Baldwin Bikes,Boyce Burks,NY,Pure Cycles Vine 8-Speed - 2016,Cruisers Bicycles,Pure Cycles,1,429,0.05,407.55,3
675,28-01-2017,4,Baldwin Bikes,Boyce Burks,NY,Trek Precaliber 16 Boys - 2017,Children Bicycles,Trek,2,209.99,0.05,398.981,8
675,28-01-2017,4,Baldwin Bikes,Boyce Burks,NY,Pure Cycles William 3-Speed - 2016,Cruisers Bicycles,Pure Cycles,1,449,0.07,417.57,15
675,28-01-2017,4,Baldwin Bikes,Boyce Burks,NY,Trek Farley Alloy Frameset - 2017,Mountain Bikes,Trek,1,469.99,0.2,375.992,13
676,28-01-2017,4,Baldwin Bikes,Petronila Gallegos,NY,Electra Amsterdam Original 3i - 2015/2017,Cruisers Bicycles,Electra,1,659.99,0.2,527.992,6
676,28-01-2017,4,Baldwin Bikes,Petronila Gallegos,NY,Sun Bicycles Streamway - 2017,Comfort Bicycles,Sun Bicycles,2,481.99,0.07,896.5014,26
676,28-01-2017,4,Baldwin Bikes,Petronila Gallegos,NY,Electra Townie Original 21D - 2016,Comfort Bicycles,Electra,1,549.99,0.1,494.991,16
676,28-01-2017,4,Baldwin Bikes,Petronila Gallegos,NY,Trek X-Caliber 8 - 2017,Mountain Bikes,Trek,1,999.99,0.2,799.992,29
677,28-01-2017,4,Baldwin Bikes,Elnora Simpson,NY,Electra Cruiser Lux Fat Tire 1 Ladies - 2017,Cruisers Bicycles,Electra,1,599.99,0.07,557.9907,11
677,28-01-2017,4,Baldwin Bikes,Elnora Simpson,NY,Trek Slash 8 27.5 - 2016,Mountain Bikes,Trek,2,3999.99,0.07,7439.9814,8
677,28-01-2017,4,Baldwin Bikes,Elnora Simpson,NY,Sun Bicycles Streamway 7 - 2017,Comfort Bicycles,Sun Bicycles,2,533.99,0.07,993.2214,3
677,28-01-2017,4,Baldwin Bikes,Elnora Simpson,NY,Trek Precaliber 24 (21-Speed) - Girls - 2017,Children Bicycles,Trek,2,349.99,0.05,664.981,0
677,28-01-2017,4,Baldwin Bikes,Elnora Simpson,NY,Trek Domane SL Disc Frameset - 2017,Road Bikes,Trek,2,3199.99,0.1,5759.982,6
678,28-01-2017,4,Rowlett Bikes,Ivonne Yang,TX,Surly Steamroller - 2017,Road Bikes,Surly,2,875.99,0.05,1664.381,8
678,28-01-2017,4,Rowlett Bikes,Ivonne Yang,TX,Haro Flightline One ST - 2017,Mountain Bikes,Haro,2,379.99,0.07,706.7814,30
679,29-01-2017,4,Santa Cruz Bikes,Zina Bonner,CA,Electra Moto 1 - 2016,Cruisers Bicycles,Electra,2,529.99,0.2,847.984,3
679,29-01-2017,4,Santa Cruz Bikes,Zina Bonner,CA,Trek Boy's Kickster - 2015/2017,Children Bicycles,Trek,2,149.99,0.05,284.981,13
680,29-01-2017,4,Santa Cruz Bikes,Delila Hamilton,CA,Electra Amsterdam Fashion 7i Ladies' - 2017,Cruisers Bicycles,Electra,2,1099.99,0.05,2089.981,25
680,29-01-2017,4,Santa Cruz Bikes,Delila Hamilton,CA,Trek Slash 8 27.5 - 2016,Mountain Bikes,Trek,1,3999.99,0.2,3199.992,8
680,29-01-2017,4,Santa Cruz Bikes,Delila Hamilton,CA,Trek Silque SLR 7 Women's - 2017,Road Bikes,Trek,1,5999.99,0.07,5579.9907,29
681,29-01-2017,4,Baldwin Bikes,Lidia Ashley,NY,Electra Amsterdam Original 3i Ladies' - 2017,Cruisers Bicycles,Electra,1,659.99,0.05,626.9905,4
681,29-01-2017,4,Baldwin Bikes,Lidia Ashley,NY,Trek Boone Race Shop Limited - 2017,Cyclocross Bicycles,Trek,1,3499.99,0.07,3254.9907,5
681,29-01-2017,4,Baldwin Bikes,Lidia Ashley,NY,Trek Powerfly 8 FS Plus - 2017,Electric Bikes,Trek,1,4999.99,0.2,3999.992,20
681,29-01-2017,4,Baldwin Bikes,Lidia Ashley,NY,Surly Ice Cream Truck Frameset - 2016,Mountain Bikes,Surly,2,469.99,0.05,892.981,11
681,29-01-2017,4,Baldwin Bikes,Lidia Ashley,NY,Surly Ice Cream Truck Frameset - 2017,Mountain Bikes,Surly,1,999.99,0.07,929.9907,17
682,29-01-2017,4,Baldwin Bikes,Toshia Cardenas,NY,Trek Stache 5 - 2017,Mountain Bikes,Trek,1,1499.99,0.2,1199.992,28
682,29-01-2017,4,Baldwin Bikes,Toshia Cardenas,NY,Sun Bicycles ElectroLite - 2017,Electric Bikes,Sun Bicycles,2,1559.99,0.2,2495.984,1
682,29-01-2017,4,Baldwin Bikes,Toshia Cardenas,NY,Electra Sugar Skulls 1 (20-inch) - Girl's - 2017,Children Bicycles,Electra,1,299.99,0.2,239.992,24
683,29-01-2017,4,Baldwin Bikes,Laci Castro,NY,Ritchey Timberwolf Frameset - 2016,Mountain Bikes,Ritchey,2,749.99,0.1,1349.982,16
684,31-01-2017,4,Baldwin Bikes,Quyen Houston,NY,Trek Domane SLR 6 Disc - 2017,Road Bikes,Trek,1,5499.99,0.07,5114.9907,20
684,31-01-2017,4,Baldwin Bikes,Quyen Houston,NY,Surly Wednesday Frameset - 2017,Mountain Bikes,Surly,1,469.99,0.1,422.991,8
685,31-01-2017,4,Baldwin Bikes,Ayanna Cherry,NY,Trek Domane S 5 Disc - 2017,Road Bikes,Trek,1,2599.99,0.05,2469.9905,17
685,31-01-2017,4,Baldwin Bikes,Ayanna Cherry,NY,Trek Emonda S 4 - 2017,Road Bikes,Trek,2,1499.99,0.05,2849.981,20
685,31-01-2017,4,Baldwin Bikes,Ayanna Cherry,NY,Sun Bicycles Cruz 7 - 2017,Comfort Bicycles,Sun Bicycles,1,416.99,0.05,396.1405,29
685,31-01-2017,4,Baldwin Bikes,Ayanna Cherry,NY,Electra Straight 8 3i (20-inch) - Boy's - 2017,Children Bicycles,Electra,2,489.99,0.2,783.984,14
685,31-01-2017,4,Baldwin Bikes,Ayanna Cherry,NY,Trek Domane SLR 6 Disc - 2017,Road Bikes,Trek,2,5499.99,0.05,10449.981,20
686,01-02-2017,4,Baldwin Bikes,Alesia Horne,NY,Electra Townie Original 7D EQ - 2016,Cruisers Bicycles,Electra,1,599.99,0.2,479.992,20
686,01-02-2017,4,Baldwin Bikes,Alesia Horne,NY,Surly Ice Cream Truck Frameset - 2017,Mountain Bikes,Surly,1,999.99,0.1,899.991,17
686,01-02-2017,4,Baldwin Bikes,Alesia Horne,NY,Trek Precaliber 12 Girls - 2017,Children Bicycles,Trek,2,189.99,0.2,303.984,8
686,01-02-2017,4,Baldwin Bikes,Alesia Horne,NY,Pure Cycles William 3-Speed - 2016,Cruisers Bicycles,Pure Cycles,2,449,0.2,718.4,15
686,01-02-2017,4,Baldwin Bikes,Alesia Horne,NY,Sun Bicycles Streamway - 2017,Comfort Bicycles,Sun Bicycles,1,481.99,0.2,385.592,26
687,02-02-2017,4,Santa Cruz Bikes,Selene Austin,CA,Trek Emonda S 4 - 2017,Road Bikes,Trek,2,1499.99,0.05,2849.981,5
687,02-02-2017,4,Santa Cruz Bikes,Selene Austin,CA,"Electra Girl's Hawaii 1 16"" - 2017",Children Bicycles,Electra,1,299.99,0.07,278.9907,25
687,02-02-2017,4,Santa Cruz Bikes,Selene Austin,CA,Heller Shagamaw Frame - 2016,Mountain Bikes,Heller,2,1320.99,0.2,2113.584,22
687,02-02-2017,4,Santa Cruz Bikes,Selene Austin,CA,Trek Boy's Kickster - 2015/2017,Children Bicycles,Trek,1,149.99,0.07,139.4907,13
688,02-02-2017,4,Baldwin Bikes,Jesica Fields,NY,Trek Remedy 29 Carbon Frameset - 2016,Mountain Bikes,Trek,1,1799.99,0.1,1619.991,1
688,02-02-2017,4,Baldwin Bikes,Jesica Fields,NY,Trek Precaliber 12 Girls - 2017,Children Bicycles,Trek,1,189.99,0.05,180.4905,8
689,02-02-2017,4,Baldwin Bikes,Willian Hardin,NY,Surly Wednesday Frameset - 2017,Mountain Bikes,Surly,2,469.99,0.1,845.982,8
690,03-02-2017,4,Santa Cruz Bikes,Collen Dennis,CA,Sun Bicycles Lil Kitt'n - 2017,Children Bicycles,Sun Bicycles,1,109.99,0.2,87.992,11
690,03-02-2017,4,Santa Cruz Bikes,Collen Dennis,CA,Surly Straggler 650b - 2016,Cyclocross Bicycles,Surly,2,1680.99,0.07,3126.6414,8
690,03-02-2017,4,Santa Cruz Bikes,Collen Dennis,CA,Haro Downtown 16 - 2017,Children Bicycles,Haro,1,329.99,0.05,313.4905,23
690,03-02-2017,4,Santa Cruz Bikes,Collen Dennis,CA,Sun Bicycles Cruz 7 - Women's - 2017,Comfort Bicycles,Sun Bicycles,2,416.99,0.2,667.184,30
691,04-02-2017,4,Baldwin Bikes,Carson Macias,NY,Electra Girl's Hawaii 1 (20-inch) - 2015/2016,Children Bicycles,Electra,2,299.99,0.05,569.981,12
691,04-02-2017,4,Baldwin Bikes,Carson Macias,NY,Heller Shagamaw Frame - 2016,Mountain Bikes,Heller,2,1320.99,0.1,2377.782,1
691,04-02-2017,4,Baldwin Bikes,Carson Macias,NY,Trek Domane S 6 - 2017,Road Bikes,Trek,2,2699.99,0.2,4319.984,5
691,04-02-2017,4,Baldwin Bikes,Carson Macias,NY,Electra Townie Original 7D EQ - Women's - 2016,Cruisers Bicycles,Electra,1,599.99,0.2,479.992,20
692,05-02-2017,3,Santa Cruz Bikes,Kasha Todd,CA,Trek Domane S 5 Disc - 2017,Road Bikes,Trek,1,2599.99,0.2,2079.992,22
692,05-02-2017,3,Santa Cruz Bikes,Kasha Todd,CA,Electra Cruiser Lux Fat Tire 1 Ladies - 2017,Cruisers Bicycles,Electra,1,599.99,0.07,557.9907,23
692,05-02-2017,3,Santa Cruz Bikes,Kasha Todd,CA,Electra Moto 1 - 2016,Cruisers Bicycles,Electra,2,529.99,0.07,985.7814,3
692,05-02-2017,3,Santa Cruz Bikes,Kasha Todd,CA,Trek Domane SLR 6 Disc - 2017,Road Bikes,Trek,2,5499.99,0.1,9899.982,15
693,05-02-2017,4,Santa Cruz Bikes,Lise Hebert,CA,Sun Bicycles Streamway - 2017,Comfort Bicycles,Sun Bicycles,2,481.99,0.2,771.184,25
693,05-02-2017,4,Santa Cruz Bikes,Lise Hebert,CA,Electra Cruiser 1 (24-Inch) - 2016,Cruisers Bicycles,Electra,1,269.99,0.2,215.992,13
693,05-02-2017,4,Santa Cruz Bikes,Lise Hebert,CA,Heller Shagamaw Frame - 2016,Mountain Bikes,Heller,2,1320.99,0.05,2509.881,22
693,05-02-2017,4,Santa Cruz Bikes,Lise Hebert,CA,Surly Wednesday - 2017,Mountain Bikes,Surly,1,1632.99,0.07,1518.6807,2
694,05-02-2017,4,Baldwin Bikes,Damien Dorsey,NY,Trek Emonda S 4 - 2017,Road Bikes,Trek,1,1499.99,0.2,1199.992,20
694,05-02-2017,4,Baldwin Bikes,Damien Dorsey,NY,Trek Stache 5 - 2017,Mountain Bikes,Trek,1,1499.99,0.05,1424.9905,28
694,05-02-2017,4,Baldwin Bikes,Damien Dorsey,NY,Trek Domane S 6 - 2017,Road Bikes,Trek,2,2699.99,0.1,4859.982,5
694,05-02-2017,4,Baldwin Bikes,Damien Dorsey,NY,Sun Bicycles Streamway 3 - 2017,Comfort Bicycles,Sun Bicycles,2,551.99,0.2,883.184,1
694,05-02-2017,4,Baldwin Bikes,Damien Dorsey,NY,Haro SR 1.2 - 2017,Mountain Bikes,Haro,2,869.99,0.1,1565.982,13
695,05-02-2017,4,Baldwin Bikes,Sarah Kirkland,NY,Electra Amsterdam Original 3i Ladies' - 2017,Cruisers Bicycles,Electra,2,659.99,0.1,1187.982,4
695,05-02-2017,4,Baldwin Bikes,Sarah Kirkland,NY,Trek Emonda S 5 - 2017,Road Bikes,Trek,2,1999.99,0.2,3199.984,27
696,05-02-2017,4,Baldwin Bikes,Chauncey Donaldson,NY,Trek Precaliber 12 Girls - 2017,Children Bicycles,Trek,2,189.99,0.07,353.3814,8
696,05-02-2017,4,Baldwin Bikes,Chauncey Donaldson,NY,Trek Slash 8 27.5 - 2016,Mountain Bikes,Trek,1,3999.99,0.1,3599.991,8
696,05-02-2017,4,Baldwin Bikes,Chauncey Donaldson,NY,Haro SR 1.2 - 2017,Mountain Bikes,Haro,1,869.99,0.07,809.0907,13
697,06-02-2017,4,Santa Cruz Bikes,Alejandro Norman,CA,Heller Shagamaw Frame - 2016,Mountain Bikes,Heller,2,1320.99,0.05,2509.881,22
698,06-02-2017,4,Rowlett Bikes,Jasmin Young,TX,Electra Moto 3i (20-inch) - Boy's - 2017,Children Bicycles,Electra,1,349.99,0.07,325.4907,1
698,06-02-2017,4,Rowlett Bikes,Jasmin Young,TX,Electra Townie Original 21D - 2016,Cruisers Bicycles,Electra,1,549.99,0.07,511.4907,30
698,06-02-2017,4,Rowlett Bikes,Jasmin Young,TX,Trek Fuel EX 9.8 29 - 2017,Mountain Bikes,Trek,2,4999.99,0.05,9499.981,2
699,06-02-2017,4,Rowlett Bikes,Ciera Koch,TX,Sun Bicycles Cruz 3 - 2017,Comfort Bicycles,Sun Bicycles,2,449.99,0.1,809.982,1
699,06-02-2017,4,Rowlett Bikes,Ciera Koch,TX,Trek Emonda S 4 - 2017,Road Bikes,Trek,1,1499.99,0.07,1394.9907,2
699,06-02-2017,4,Rowlett Bikes,Ciera Koch,TX,Surly Wednesday - 2017,Mountain Bikes,Surly,1,1632.99,0.2,1306.392,10
699,06-02-2017,4,Rowlett Bikes,Ciera Koch,TX,Electra Townie Original 21D - 2016,Comfort Bicycles,Electra,2,549.99,0.1,989.982,18
699,06-02-2017,4,Rowlett Bikes,Ciera Koch,TX,Electra Amsterdam Original 3i Ladies' - 2017,Cruisers Bicycles,Electra,2,659.99,0.2,1055.984,7
700,07-02-2017,4,Baldwin Bikes,Daryl Spence,NY,Trek Slash 8 27.5 - 2016,Mountain Bikes,Trek,2,3999.99,0.05,7599.981,8
700,07-02-2017,4,Baldwin Bikes,Daryl Spence,NY,Trek Boone Race Shop Limited - 2017,Cyclocross Bicycles,Trek,1,3499.99,0.2,2799.992,5
701,07-02-2017,4,Rowlett Bikes,Stephanie Browning,TX,Sun Bicycles Lil Kitt'n - 2017,Children Bicycles,Sun Bicycles,1,109.99,0.05,104.4905,15
702,08-02-2017,4,Santa Cruz Bikes,Dorothea Miranda,CA,Electra Townie Original 7D - 2015/2016,Comfort Bicycles,Electra,2,499.99,0.05,949.981,10
702,08-02-2017,4,Santa Cruz Bikes,Dorothea Miranda,CA,Sun Bicycles Streamway - 2017,Comfort Bicycles,Sun Bicycles,1,481.99,0.1,433.791,25
702,08-02-2017,4,Santa Cruz Bikes,Dorothea Miranda,CA,Surly Wednesday Frameset - 2016,Mountain Bikes,Surly,2,999.99,0.07,1859.9814,6
703,08-02-2017,4,Baldwin Bikes,Zoraida Patton,NY,Haro SR 1.2 - 2017,Mountain Bikes,Haro,2,869.99,0.2,1391.984,13
703,08-02-2017,4,Baldwin Bikes,Zoraida Patton,NY,Sun Bicycles Revolutions 24 - 2017,Cruisers Bicycles,Sun Bicycles,2,250.99,0.05,476.881,22
703,08-02-2017,4,Baldwin Bikes,Zoraida Patton,NY,Sun Bicycles Biscayne Tandem 7 - 2017,Cruisers Bicycles,Sun Bicycles,1,619.99,0.2,495.992,1
703,08-02-2017,4,Baldwin Bikes,Zoraida Patton,NY,Trek Fuel EX 8 29 - 2016,Mountain Bikes,Trek,2,2899.99,0.2,4639.984,2
704,08-02-2017,4,Baldwin Bikes,Dottie Roberts,NY,Surly Straggler - 2016,Cyclocross Bicycles,Surly,2,1549,0.05,2943.1,13
704,08-02-2017,4,Baldwin Bikes,Dottie Roberts,NY,Trek Boone 7 - 2017,Cyclocross Bicycles,Trek,1,3499.99,0.2,2799.992,4
704,08-02-2017,4,Baldwin Bikes,Dottie Roberts,NY,Electra Townie 3i EQ (20-inch) - Boys' - 2017,Children Bicycles,Electra,2,489.99,0.07,911.3814,12
705,08-02-2017,4,Baldwin Bikes,Ileana Holt,NY,Trek Powerfly 8 FS Plus - 2017,Electric Bikes,Trek,1,4999.99,0.1,4499.991,20
706,09-02-2017,4,Santa Cruz Bikes,Roy Chan,CA,Surly Big Dummy Frameset - 2017,Mountain Bikes,Surly,1,999.99,0.1,899.991,21
706,09-02-2017,4,Santa Cruz Bikes,Roy Chan,CA,Electra Girl's Hawaii 1 (20-inch) - 2015/2016,Children Bicycles,Electra,2,299.99,0.05,569.981,9
706,09-02-2017,4,Santa Cruz Bikes,Roy Chan,CA,Sun Bicycles ElectroLite - 2017,Electric Bikes,Sun Bicycles,1,1559.99,0.2,1247.992,19
707,09-02-2017,4,Baldwin Bikes,Ashanti Parks,NY,Sun Bicycles Cruz 3 - 2017,Comfort Bicycles,Sun Bicycles,2,449.99,0.05,854.981,7
707,09-02-2017,4,Baldwin Bikes,Ashanti Parks,NY,Electra Townie 3i EQ (20-inch) - Boys' - 2017,Children Bicycles,Electra,1,489.99,0.07,455.6907,12
707,09-02-2017,4,Baldwin Bikes,Ashanti Parks,NY,Surly Straggler 650b - 2016,Cyclocross Bicycles,Surly,2,1680.99,0.1,3025.782,21
707,09-02-2017,4,Baldwin Bikes,Ashanti Parks,NY,Electra Townie Original 7D EQ - 2016,Comfort Bicycles,Electra,2,599.99,0.1,1079.982,2
708,10-02-2017,4,Santa Cruz Bikes,Shara Pope,CA,Surly Ice Cream Truck Frameset - 2016,Mountain Bikes,Surly,1,469.99,0.07,437.0907,0
708,10-02-2017,4,Santa Cruz Bikes,Shara Pope,CA,Trek Remedy 9.8 - 2017,Mountain Bikes,Trek,1,5299.99,0.1,4769.991,21
708,10-02-2017,4,Santa Cruz Bikes,Shara Pope,CA,Trek Session DH 27.5 Carbon Frameset - 2017,Mountain Bikes,Trek,2,469.99,0.2,751.984,2
709,11-02-2017,4,Baldwin Bikes,Carmelina Sellers,NY,Trek Domane S 6 - 2017,Road Bikes,Trek,2,2699.99,0.05,5129.981,5
709,11-02-2017,4,Baldwin Bikes,Carmelina Sellers,NY,Electra Townie 7D (20-inch) - Boys' - 2017,Children Bicycles,Electra,2,339.99,0.07,632.3814,4
709,11-02-2017,4,Baldwin Bikes,Carmelina Sellers,NY,Trek Emonda S 4 - 2017,Road Bikes,Trek,1,1499.99,0.07,1394.9907,20
710,13-02-2017,4,Baldwin Bikes,Danny Kim,NY,Trek Fuel EX 5 27.5 Plus - 2017,Mountain Bikes,Trek,1,2299.99,0.05,2184.9905,16
710,13-02-2017,4,Baldwin Bikes,Danny Kim,NY,Sun Bicycles ElectroLite - 2017,Electric Bikes,Sun Bicycles,2,1559.99,0.2,2495.984,1
710,13-02-2017,4,Baldwin Bikes,Danny Kim,NY,Trek Stache 5 - 2017,Mountain Bikes,Trek,2,1499.99,0.2,2399.984,28
710,13-02-2017,4,Baldwin Bikes,Danny Kim,NY,Trek Emonda S 5 - 2017,Road Bikes,Trek,1,1999.99,0.2,1599.992,27
710,13-02-2017,4,Baldwin Bikes,Danny Kim,NY,Surly Karate Monkey 27.5+ Frameset - 2017,Mountain Bikes,Surly,1,2499.99,0.05,2374.9905,25
711,13-02-2017,4,Baldwin Bikes,Dale Rasmussen,NY,Heller Shagamaw Frame - 2016,Mountain Bikes,Heller,2,1320.99,0.05,2509.881,1
711,13-02-2017,4,Baldwin Bikes,Dale Rasmussen,NY,"Electra Girl's Hawaii 1 16"" - 2017",Children Bicycles,Electra,2,299.99,0.2,479.984,10
711,13-02-2017,4,Baldwin Bikes,Dale Rasmussen,NY,Sun Bicycles Biscayne Tandem 7 - 2017,Cruisers Bicycles,Sun Bicycles,2,619.99,0.05,1177.981,1
712,13-02-2017,4,Rowlett Bikes,Marquerite Dawson,TX,Haro SR 1.1 - 2017,Mountain Bikes,Haro,2,539.99,0.2,863.984,26
712,13-02-2017,4,Rowlett Bikes,Marquerite Dawson,TX,Electra Cruiser Lux 1 - 2017,Cruisers Bicycles,Electra,2,439.99,0.1,791.982,17
712,13-02-2017,4,Rowlett Bikes,Marquerite Dawson,TX,Sun Bicycles Spider 3i - 2017,Mountain Bikes,Sun Bicycles,1,832.99,0.2,666.392,3
712,13-02-2017,4,Rowlett Bikes,Marquerite Dawson,TX,"Electra Girl's Hawaii 1 16"" - 2017",Cruisers Bicycles,Electra,1,299.99,0.2,239.992,23
712,13-02-2017,4,Rowlett Bikes,Marquerite Dawson,TX,Trek Fuel EX 8 29 - 2016,Mountain Bikes,Trek,2,2899.99,0.05,5509.981,11
713,13-02-2017,4,Rowlett Bikes,Michel Blankenship,TX,Haro Shredder 20 Girls - 2017,Children Bicycles,Haro,2,209.99,0.2,335.984,18
713,13-02-2017,4,Rowlett Bikes,Michel Blankenship,TX,Electra Savannah 3i (20-inch) - Girl's - 2017,Children Bicycles,Electra,2,349.99,0.1,629.982,28
713,13-02-2017,4,Rowlett Bikes,Michel Blankenship,TX,Surly Ogre Frameset - 2017,Road Bikes,Surly,1,749.99,0.07,697.4907,6
713,13-02-2017,4,Rowlett Bikes,Michel Blankenship,TX,Sun Bicycles Cruz 3 - Women's - 2017,Comfort Bicycles,Sun Bicycles,2,449.99,0.07,836.9814,23
714,14-02-2017,4,Baldwin Bikes,Phillis Fowler,NY,Haro Shredder 20 - 2017,Children Bicycles,Haro,2,209.99,0.2,335.984,22
715,15-02-2017,3,Baldwin Bikes,Robby Sykes,NY,Trek Powerfly 8 FS Plus - 2017,Electric Bikes,Trek,2,4999.99,0.1,8999.982,20
715,15-02-2017,3,Baldwin Bikes,Robby Sykes,NY,Trek Silque SLR 7 Women's - 2017,Road Bikes,Trek,1,5999.99,0.2,4799.992,7
716,15-02-2017,4,Baldwin Bikes,Elma Molina,NY,Sun Bicycles Drifter 7 - Women's - 2017,Comfort Bicycles,Sun Bicycles,2,470.99,0.1,847.782,6
716,15-02-2017,4,Baldwin Bikes,Elma Molina,NY,Haro Shredder 20 Girls - 2017,Children Bicycles,Haro,2,209.99,0.07,390.5814,22
716,15-02-2017,4,Baldwin Bikes,Elma Molina,NY,Sun Bicycles Boardwalk (24-inch Wheels) - 2017,Cruisers Bicycles,Sun Bicycles,1,402.99,0.1,362.691,29
716,15-02-2017,4,Baldwin Bikes,Elma Molina,NY,Trek Fuel EX 8 29 - 2016,Mountain Bikes,Trek,2,2899.99,0.05,5509.981,2
717,15-02-2017,4,Baldwin Bikes,Tereasa Bird,NY,Trek Domane SLR 6 Disc - 2017,Road Bikes,Trek,2,5499.99,0.05,10449.981,20
717,15-02-2017,4,Baldwin Bikes,Tereasa Bird,NY,Haro Shredder 20 Girls - 2017,Children Bicycles,Haro,1,209.99,0.2,167.992,22
718,16-02-2017,4,Baldwin Bikes,Zelma Browning,NY,Haro Shredder 20 - 2017,Children Bicycles,Haro,2,209.99,0.07,390.5814,22
718,16-02-2017,4,Baldwin Bikes,Zelma Browning,NY,Trek Fuel EX 9.8 29 - 2017,Mountain Bikes,Trek,2,4999.99,0.07,9299.9814,15
718,16-02-2017,4,Baldwin Bikes,Zelma Browning,NY,Electra Townie Original 7D - 2017,Cruisers Bicycles,Electra,2,489.99,0.1,881.982,30
719,16-02-2017,4,Baldwin Bikes,Ashely Holmes,NY,Electra Townie 3i EQ (20-inch) - Boys' - 2017,Children Bicycles,Electra,1,489.99,0.2,391.992,12
720,16-02-2017,4,Baldwin Bikes,Collin Webster,NY,Sun Bicycles Drifter 7 - Women's - 2017,Comfort Bicycles,Sun Bicycles,1,470.99,0.07,438.0207,6
720,16-02-2017,4,Baldwin Bikes,Collin Webster,NY,Surly Ice Cream Truck Frameset - 2016,Mountain Bikes,Surly,1,469.99,0.1,422.991,11
721,16-02-2017,4,Baldwin Bikes,Donnetta Henson,NY,Haro SR 1.2 - 2017,Mountain Bikes,Haro,2,869.99,0.07,1618.1814,13
721,16-02-2017,4,Baldwin Bikes,Donnetta Henson,NY,Electra Townie Original 7D - 2017,Comfort Bicycles,Electra,1,489.99,0.1,440.991,12
721,16-02-2017,4,Baldwin Bikes,Donnetta Henson,NY,Sun Bicycles Brickell Tandem 7 - 2017,Cruisers Bicycles,Sun Bicycles,2,749.99,0.05,1424.981,20
721,16-02-2017,4,Baldwin Bikes,Donnetta Henson,NY,Surly Wednesday Frameset - 2017,Mountain Bikes,Surly,1,469.99,0.2,375.992,8
722,18-02-2017,4,Baldwin Bikes,Angelika Perry,NY,Electra Girl's Hawaii 1 (16-inch) - 2015/2016,Children Bicycles,Electra,2,269.99,0.07,502.1814,0
722,18-02-2017,4,Baldwin Bikes,Angelika Perry,NY,Surly Wednesday Frameset - 2016,Mountain Bikes,Surly,1,999.99,0.05,949.9905,28
722,18-02-2017,4,Baldwin Bikes,Angelika Perry,NY,Sun Bicycles Streamway - 2017,Comfort Bicycles,Sun Bicycles,2,481.99,0.1,867.582,26
723,19-02-2017,4,Baldwin Bikes,Kathyrn Bush,NY,Electra Townie Original 21D - 2016,Comfort Bicycles,Electra,2,549.99,0.07,1022.9814,16
723,19-02-2017,4,Baldwin Bikes,Kathyrn Bush,NY,Electra Townie Original 7D EQ - 2016,Cruisers Bicycles,Electra,1,599.99,0.05,569.9905,20
723,19-02-2017,4,Baldwin Bikes,Kathyrn Bush,NY,Sun Bicycles Cruz 3 - Women's - 2017,Comfort Bicycles,Sun Bicycles,1,449.99,0.07,418.4907,29
724,19-02-2017,4,Baldwin Bikes,Lore Sykes,NY,Electra Girl's Hawaii 1 (20-inch) - 2015/2016,Children Bicycles,Electra,1,299.99,0.05,284.9905,12
724,19-02-2017,4,Baldwin Bikes,Lore Sykes,NY,Electra Cruiser Lux Fat Tire 1 Ladies - 2017,Cruisers Bicycles,Electra,1,599.99,0.2,479.992,11
724,19-02-2017,4,Baldwin Bikes,Lore Sykes,NY,Electra Townie Original 7D - 2017,Comfort Bicycles,Electra,1,489.99,0.05,465.4905,12
724,19-02-2017,4,Baldwin Bikes,Lore Sykes,NY,Trek Domane S 6 - 2017,Road Bikes,Trek,1,2699.99,0.2,2159.992,5
725,19-02-2017,4,Baldwin Bikes,Dwain Carlson,NY,Trek Precaliber 16 Girls - 2017,Children Bicycles,Trek,1,209.99,0.1,188.991,26
725,19-02-2017,4,Baldwin Bikes,Dwain Carlson,NY,Trek Precaliber 24 (21-Speed) - Girls - 2017,Children Bicycles,Trek,1,349.99,0.05,332.4905,0
725,19-02-2017,4,Baldwin Bikes,Dwain Carlson,NY,Electra Glam Punk 3i Ladies' - 2017,Cruisers Bicycles,Electra,2,799.99,0.07,1487.9814,25
725,19-02-2017,4,Baldwin Bikes,Dwain Carlson,NY,Trek Boone 7 - 2017,Cyclocross Bicycles,Trek,2,3499.99,0.1,6299.982,4
726,19-02-2017,4,Baldwin Bikes,Jennell Solis,NY,Electra Townie Original 7D - 2017,Cruisers Bicycles,Electra,1,489.99,0.2,391.992,30
727,19-02-2017,4,Rowlett Bikes,Maple Griffin,TX,Sun Bicycles Biscayne Tandem CB - 2017,Cruisers Bicycles,Sun Bicycles,1,647.99,0.07,602.6307,19
727,19-02-2017,4,Rowlett Bikes,Maple Griffin,TX,Electra Amsterdam Original 3i Ladies' - 2017,Cruisers Bicycles,Electra,2,659.99,0.05,1253.981,7
728,20-02-2017,4,Santa Cruz Bikes,Hubert Stone,CA,Electra Amsterdam Original 3i - 2015/2017,Cruisers Bicycles,Electra,1,659.99,0.05,626.9905,3
728,20-02-2017,4,Santa Cruz Bikes,Hubert Stone,CA,Trek Domane SLR 6 Disc - 2017,Road Bikes,Trek,1,5499.99,0.1,4949.991,15
728,20-02-2017,4,Santa Cruz Bikes,Hubert Stone,CA,Trek Precaliber 24 (21-Speed) - Girls - 2017,Children Bicycles,Trek,1,349.99,0.1,314.991,8
728,20-02-2017,4,Santa Cruz Bikes,Hubert Stone,CA,Trek Madone 9.2 - 2017,Road Bikes,Trek,1,4999.99,0.07,4649.9907,1
729,20-02-2017,4,Baldwin Bikes,Bettyann Acosta,NY,Electra Townie 7D (20-inch) - Boys' - 2017,Children Bicycles,Electra,2,339.99,0.1,611.982,4
730,21-02-2017,4,Baldwin Bikes,Moira Lester,NY,Trek Domane S 5 Disc - 2017,Road Bikes,Trek,2,2599.99,0.05,4939.981,17
730,21-02-2017,4,Baldwin Bikes,Moira Lester,NY,Sun Bicycles Boardwalk (24-inch Wheels) - 2017,Cruisers Bicycles,Sun Bicycles,1,402.99,0.1,362.691,29
730,21-02-2017,4,Baldwin Bikes,Moira Lester,NY,Electra Moto 3i (20-inch) - Boy's - 2017,Children Bicycles,Electra,2,349.99,0.07,650.9814,22
730,21-02-2017,4,Baldwin Bikes,Moira Lester,NY,Electra Cruiser 1 (24-Inch) - 2016,Cruisers Bicycles,Electra,1,269.99,0.1,242.991,1
731,25-02-2017,4,Rowlett Bikes,Elenore William,TX,Trek Precaliber 24 (21-Speed) - Girls - 2017,Children Bicycles,Trek,1,349.99,0.05,332.4905,8
731,25-02-2017,4,Rowlett Bikes,Elenore William,TX,Trek Domane SL 6 - 2017,Road Bikes,Trek,1,3499.99,0.2,2799.992,4
731,25-02-2017,4,Rowlett Bikes,Elenore William,TX,Sun Bicycles Revolutions 24 - Girl's - 2017,Cruisers Bicycles,Sun Bicycles,2,250.99,0.2,401.584,6
731,25-02-2017,4,Rowlett Bikes,Elenore William,TX,Trek X-Caliber 8 - 2017,Mountain Bikes,Trek,1,999.99,0.2,799.992,11
732,26-02-2017,4,Baldwin Bikes,Bernetta Marquez,NY,Trek Remedy 9.8 - 2017,Mountain Bikes,Trek,1,5299.99,0.07,4928.9907,0
732,26-02-2017,4,Baldwin Bikes,Bernetta Marquez,NY,Trek Fuel EX 8 29 - 2016,Mountain Bikes,Trek,2,2899.99,0.07,5393.9814,2
733,26-02-2017,4,Baldwin Bikes,Pamala Fowler,NY,Sun Bicycles Lil Kitt'n - 2017,Children Bicycles,Sun Bicycles,1,109.99,0.05,104.4905,22
733,26-02-2017,4,Baldwin Bikes,Pamala Fowler,NY,Trek Domane S 6 - 2017,Road Bikes,Trek,1,2699.99,0.2,2159.992,5
733,26-02-2017,4,Baldwin Bikes,Pamala Fowler,NY,Electra Townie Original 7D - 2017,Comfort Bicycles,Electra,2,489.99,0.1,881.982,12
734,26-02-2017,4,Rowlett Bikes,Maximina Hutchinson,TX,Electra Townie Original 7D EQ - 2016,Comfort Bicycles,Electra,1,599.99,0.2,479.992,27
734,26-02-2017,4,Rowlett Bikes,Maximina Hutchinson,TX,Surly Wednesday Frameset - 2016,Mountain Bikes,Surly,1,999.99,0.05,949.9905,0
734,26-02-2017,4,Rowlett Bikes,Maximina Hutchinson,TX,Sun Bicycles Lil Kitt'n - 2017,Children Bicycles,Sun Bicycles,2,109.99,0.2,175.984,15
734,26-02-2017,4,Rowlett Bikes,Maximina Hutchinson,TX,Sun Bicycles Lil Bolt Type-R - 2017,Cruisers Bicycles,Sun Bicycles,2,346.99,0.1,624.582,1
735,27-02-2017,3,Rowlett Bikes,Aleta Shepard,TX,Sun Bicycles Atlas X-Type - 2017,Cruisers Bicycles,Sun Bicycles,2,416.99,0.1,750.582,13
735,27-02-2017,3,Rowlett Bikes,Aleta Shepard,TX,Surly Straggler - 2016,Cyclocross Bicycles,Surly,2,1549,0.07,2881.14,21
736,27-02-2017,4,Baldwin Bikes,Klara Stanley,NY,Trek Domane SLR 6 Disc - 2017,Road Bikes,Trek,2,5499.99,0.05,10449.981,20
736,27-02-2017,4,Baldwin Bikes,Klara Stanley,NY,Pure Cycles Vine 8-Speed - 2016,Cruisers Bicycles,Pure Cycles,1,429,0.1,386.1,3
736,27-02-2017,4,Baldwin Bikes,Klara Stanley,NY,Trek Boone 7 - 2017,Cyclocross Bicycles,Trek,2,3499.99,0.2,5599.984,4
737,27-02-2017,4,Baldwin Bikes,Lanie Dunn,NY,Surly Steamroller - 2017,Road Bikes,Surly,1,875.99,0.05,832.1905,23
737,27-02-2017,4,Baldwin Bikes,Lanie Dunn,NY,Pure Cycles William 3-Speed - 2016,Cruisers Bicycles,Pure Cycles,2,449,0.07,835.14,15
737,27-02-2017,4,Baldwin Bikes,Lanie Dunn,NY,Electra Glam Punk 3i Ladies' - 2017,Cruisers Bicycles,Electra,2,799.99,0.07,1487.9814,25
737,27-02-2017,4,Baldwin Bikes,Lanie Dunn,NY,Trek Session DH 27.5 Carbon Frameset - 2017,Mountain Bikes,Trek,1,469.99,0.2,375.992,24
738,28-02-2017,4,Santa Cruz Bikes,Jeni Booker,CA,Electra Amsterdam Original 3i Ladies' - 2017,Cruisers Bicycles,Electra,2,659.99,0.07,1227.5814,1
738,28-02-2017,4,Santa Cruz Bikes,Jeni Booker,CA,Haro Flightline Two 26 Plus - 2017,Mountain Bikes,Haro,2,549.99,0.2,879.984,13
738,28-02-2017,4,Santa Cruz Bikes,Jeni Booker,CA,Electra Townie Original 7D - 2015/2016,Comfort Bicycles,Electra,1,499.99,0.1,449.991,10
738,28-02-2017,4,Santa Cruz Bikes,Jeni Booker,CA,Trek Boone Race Shop Limited - 2017,Cyclocross Bicycles,Trek,1,3499.99,0.07,3254.9907,4
739,28-02-2017,4,Baldwin Bikes,Caroll Hays,NY,Surly Wednesday Frameset - 2016,Mountain Bikes,Surly,1,999.99,0.2,799.992,28
740,28-02-2017,4,Baldwin Bikes,Kendra Harrington,NY,Electra Amsterdam Fashion 7i Ladies' - 2017,Cruisers Bicycles,Electra,1,1099.99,0.05,1044.9905,19
740,28-02-2017,4,Baldwin Bikes,Kendra Harrington,NY,Haro Shredder Pro 20 - 2017,Children Bicycles,Haro,2,249.99,0.2,399.984,2
740,28-02-2017,4,Baldwin Bikes,Kendra Harrington,NY,Surly Straggler 650b - 2016,Cyclocross Bicycles,Surly,1,1680.99,0.2,1344.792,21
740,28-02-2017,4,Baldwin Bikes,Kendra Harrington,NY,Pure Cycles William 3-Speed - 2016,Cruisers Bicycles,Pure Cycles,1,449,0.2,359.2,15
740,28-02-2017,4,Baldwin Bikes,Kendra Harrington,NY,Electra Townie Original 21D - 2016,Cruisers Bicycles,Electra,2,549.99,0.07,1022.9814,2
741,28-02-2017,4,Rowlett Bikes,Thalia Dillard,TX,Trek Madone 9.2 - 2017,Road Bikes,Trek,1,4999.99,0.05,4749.9905,27
741,28-02-2017,4,Rowlett Bikes,Thalia Dillard,TX,"Electra Girl's Hawaii 1 16"" - 2017",Cruisers Bicycles,Electra,1,299.99,0.07,278.9907,23
741,28-02-2017,4,Rowlett Bikes,Thalia Dillard,TX,Electra Cruiser 1 (24-Inch) - 2016,Children Bicycles,Electra,2,269.99,0.07,502.1814,8
741,28-02-2017,4,Rowlett Bikes,Thalia Dillard,TX,Trek Domane SLR 6 Disc - 2017,Road Bikes,Trek,2,5499.99,0.05,10449.981,19
742,28-02-2017,4,Rowlett Bikes,Holly Nieves,TX,Sun Bicycles Cruz 7 - 2017,Comfort Bicycles,Sun Bicycles,2,416.99,0.05,792.281,11
742,28-02-2017,4,Rowlett Bikes,Holly Nieves,TX,Haro SR 1.2 - 2017,Mountain Bikes,Haro,1,869.99,0.07,809.0907,1
743,01-03-2017,4,Baldwin Bikes,Shonta Mercer,NY,Sun Bicycles Brickell Tandem CB - 2017,Cruisers Bicycles,Sun Bicycles,1,761.99,0.05,723.8905,27
744,01-03-2017,4,Baldwin Bikes,Lena Mills,NY,Surly Wednesday Frameset - 2017,Mountain Bikes,Surly,2,469.99,0.2,751.984,8
745,01-03-2017,4,Baldwin Bikes,Charleen Joyner,NY,"Electra Girl's Hawaii 1 16"" - 2017",Children Bicycles,Electra,2,299.99,0.05,569.981,10
745,01-03-2017,4,Baldwin Bikes,Charleen Joyner,NY,Electra Girl's Hawaii 1 (16-inch) - 2015/2016,Children Bicycles,Electra,2,269.99,0.2,431.984,0
745,01-03-2017,4,Baldwin Bikes,Charleen Joyner,NY,Sun Bicycles Biscayne Tandem CB - 2017,Cruisers Bicycles,Sun Bicycles,1,647.99,0.1,583.191,4
746,02-03-2017,4,Santa Cruz Bikes,Vernita Ball,CA,Electra Sugar Skulls 1 (20-inch) - Girl's - 2017,Children Bicycles,Electra,1,299.99,0.1,269.991,28
747,03-03-2017,4,Santa Cruz Bikes,Yan Mcgowan,CA,Sun Bicycles Drifter 7 - 2017,Comfort Bicycles,Sun Bicycles,1,470.99,0.07,438.0207,1
747,03-03-2017,4,Santa Cruz Bikes,Yan Mcgowan,CA,Trek Girl's Kickster - 2017,Children Bicycles,Trek,1,149.99,0.2,119.992,19
747,03-03-2017,4,Santa Cruz Bikes,Yan Mcgowan,CA,Surly Wednesday Frameset - 2017,Mountain Bikes,Surly,2,469.99,0.1,845.982,10
747,03-03-2017,4,Santa Cruz Bikes,Yan Mcgowan,CA,Electra Amsterdam Fashion 7i Ladies' - 2017,Cruisers Bicycles,Electra,1,1099.99,0.07,1022.9907,25
748,03-03-2017,4,Rowlett Bikes,Maryalice Henry,TX,Electra Townie Original 7D EQ - 2016,Cruisers Bicycles,Electra,2,599.99,0.1,1079.982,19
748,03-03-2017,4,Rowlett Bikes,Maryalice Henry,TX,Trek Boy's Kickster - 2015/2017,Children Bicycles,Trek,2,149.99,0.05,284.981,23
748,03-03-2017,4,Rowlett Bikes,Maryalice Henry,TX,Haro Shift R3 - 2017,Mountain Bikes,Haro,1,1469.99,0.07,1367.0907,25
748,03-03-2017,4,Rowlett Bikes,Maryalice Henry,TX,Sun Bicycles Spider 3i - 2017,Mountain Bikes,Sun Bicycles,2,832.99,0.2,1332.784,3
749,04-03-2017,4,Baldwin Bikes,Flossie Holder,NY,Trek Conduit+ - 2016,Electric Bikes,Trek,1,2999.99,0.2,2399.992,17
749,04-03-2017,4,Baldwin Bikes,Flossie Holder,NY,Surly Karate Monkey 27.5+ Frameset - 2017,Mountain Bikes,Surly,1,2499.99,0.05,2374.9905,25
749,04-03-2017,4,Baldwin Bikes,Flossie Holder,NY,Sun Bicycles Boardwalk (24-inch Wheels) - 2017,Cruisers Bicycles,Sun Bicycles,1,402.99,0.2,322.392,29
749,04-03-2017,4,Baldwin Bikes,Flossie Holder,NY,Electra Townie Original 21D - 2016,Comfort Bicycles,Electra,1,549.99,0.05,522.4905,16
749,04-03-2017,4,Baldwin Bikes,Flossie Holder,NY,Trek Fuel EX 9.8 29 - 2017,Mountain Bikes,Trek,1,4999.99,0.07,4649.9907,15
750,04-03-2017,4,Rowlett Bikes,Freddie Mathis,TX,Sun Bicycles Biscayne Tandem 7 - 2017,Cruisers Bicycles,Sun Bicycles,1,619.99,0.05,588.9905,6
750,04-03-2017,4,Rowlett Bikes,Freddie Mathis,TX,Sun Bicycles Biscayne Tandem CB - 2017,Cruisers Bicycles,Sun Bicycles,2,647.99,0.1,1166.382,19
751,05-03-2017,4,Santa Cruz Bikes,Hilary Savage,CA,Haro SR 1.2 - 2017,Mountain Bikes,Haro,2,869.99,0.05,1652.981,15
752,05-03-2017,4,Baldwin Bikes,Scarlet Reed,NY,Electra Townie Original 21D - 2016,Cruisers Bicycles,Electra,2,549.99,0.05,1044.981,2
752,05-03-2017,4,Baldwin Bikes,Scarlet Reed,NY,Surly Wednesday - 2017,Mountain Bikes,Surly,2,1632.99,0.05,3102.681,10
753,05-03-2017,4,Baldwin Bikes,Nita Guy,NY,Sun Bicycles Streamway 7 - 2017,Comfort Bicycles,Sun Bicycles,2,533.99,0.07,993.2214,3
753,05-03-2017,4,Baldwin Bikes,Nita Guy,NY,Trek Slash 8 27.5 - 2016,Mountain Bikes,Trek,2,3999.99,0.2,6399.984,8
753,05-03-2017,4,Baldwin Bikes,Nita Guy,NY,Surly Troll Frameset - 2017,Mountain Bikes,Surly,2,832.99,0.1,1499.382,15
753,05-03-2017,4,Baldwin Bikes,Nita Guy,NY,"Electra Girl's Hawaii 1 16"" - 2017",Children Bicycles,Electra,1,299.99,0.07,278.9907,10
753,05-03-2017,4,Baldwin Bikes,Nita Guy,NY,Sun Bicycles Revolutions 24 - 2017,Cruisers Bicycles,Sun Bicycles,1,250.99,0.2,200.792,22
754,06-03-2017,4,Santa Cruz Bikes,Ann Heath,CA,Electra Cruiser Lux 1 - 2017,Cruisers Bicycles,Electra,2,439.99,0.07,818.3814,9
754,06-03-2017,4,Santa Cruz Bikes,Ann Heath,CA,Electra Townie Original 21D - 2016,Cruisers Bicycles,Electra,2,549.99,0.07,1022.9814,16
754,06-03-2017,4,Santa Cruz Bikes,Ann Heath,CA,Surly Wednesday Frameset - 2016,Mountain Bikes,Surly,1,999.99,0.05,949.9905,6
754,06-03-2017,4,Santa Cruz Bikes,Ann Heath,CA,Sun Bicycles Revolutions 24 - Girl's - 2017,Cruisers Bicycles,Sun Bicycles,2,250.99,0.05,476.881,19
754,06-03-2017,4,Santa Cruz Bikes,Ann Heath,CA,Trek Slash 8 27.5 - 2016,Mountain Bikes,Trek,1,3999.99,0.2,3199.992,8
755,06-03-2017,4,Baldwin Bikes,Kimberely Bowen,NY,Sun Bicycles Brickell Tandem CB - 2017,Cruisers Bicycles,Sun Bicycles,2,761.99,0.07,1417.3014,27
755,06-03-2017,4,Baldwin Bikes,Kimberely Bowen,NY,Trek Fuel EX 9.8 27.5 Plus - 2017,Mountain Bikes,Trek,2,5299.99,0.05,10069.981,2
755,06-03-2017,4,Baldwin Bikes,Kimberely Bowen,NY,Trek Emonda S 5 - 2017,Road Bikes,Trek,2,1999.99,0.1,3599.982,27
756,06-03-2017,4,Baldwin Bikes,Sommer Hopkins,NY,Electra Townie Original 7D - 2017,Cruisers Bicycles,Electra,1,489.99,0.1,440.991,30
756,06-03-2017,4,Baldwin Bikes,Sommer Hopkins,NY,Pure Cycles Vine 8-Speed - 2016,Cruisers Bicycles,Pure Cycles,2,429,0.05,815.1,3
757,06-03-2017,4,Baldwin Bikes,Joe Melton,NY,"Electra Girl's Hawaii 1 16"" - 2017",Children Bicycles,Electra,1,299.99,0.1,269.991,10
758,06-03-2017,4,Rowlett Bikes,Kattie Stevenson,TX,Electra Girl's Hawaii 1 (16-inch) - 2015/2016,Children Bicycles,Electra,2,269.99,0.07,502.1814,20
758,06-03-2017,4,Rowlett Bikes,Kattie Stevenson,TX,Electra Sugar Skulls 1 (20-inch) - Girl's - 2017,Children Bicycles,Electra,1,299.99,0.1,269.991,19
758,06-03-2017,4,Rowlett Bikes,Kattie Stevenson,TX,Surly Big Dummy Frameset - 2017,Mountain Bikes,Surly,1,999.99,0.07,929.9907,21
758,06-03-2017,4,Rowlett Bikes,Kattie Stevenson,TX,Sun Bicycles Lil Bolt Type-R - 2017,Cruisers Bicycles,Sun Bicycles,2,346.99,0.07,645.4014,1
758,06-03-2017,4,Rowlett Bikes,Kattie Stevenson,TX,Sun Bicycles Cruz 7 - Women's - 2017,Comfort Bicycles,Sun Bicycles,1,416.99,0.2,333.592,24
759,07-03-2017,4,Baldwin Bikes,Susann Bass,NY,Haro Shredder 20 Girls - 2017,Children Bicycles,Haro,2,209.99,0.05,398.981,22
759,07-03-2017,4,Baldwin Bikes,Susann Bass,NY,Sun Bicycles Biscayne Tandem CB - 2017,Cruisers Bicycles,Sun Bicycles,1,647.99,0.07,602.6307,4
760,07-03-2017,4,Baldwin Bikes,Khalilah Robertson,NY,Electra Cruiser 1 (24-Inch) - 2016,Children Bicycles,Electra,2,269.99,0.07,502.1814,16
760,07-03-2017,4,Baldwin Bikes,Khalilah Robertson,NY,Trek X-Caliber 8 - 2017,Mountain Bikes,Trek,2,999.99,0.07,1859.9814,29
761,07-03-2017,4,Baldwin Bikes,Shiloh Bates,NY,Trek Fuel EX 9.8 27.5 Plus - 2017,Mountain Bikes,Trek,1,5299.99,0.07,4928.9907,2
761,07-03-2017,4,Baldwin Bikes,Shiloh Bates,NY,Surly Steamroller - 2017,Road Bikes,Surly,2,875.99,0.2,1401.584,23
762,08-03-2017,4,Baldwin Bikes,Wm Pope,NY,Electra Townie Original 7D - 2017,Comfort Bicycles,Electra,2,489.99,0.05,930.981,12
763,08-03-2017,4,Rowlett Bikes,Giselle Robles,TX,Trek Precaliber 16 Girls - 2017,Children Bicycles,Trek,1,209.99,0.07,195.2907,9
763,08-03-2017,4,Rowlett Bikes,Giselle Robles,TX,Sun Bicycles Streamway 3 - 2017,Comfort Bicycles,Sun Bicycles,1,551.99,0.1,496.791,10
764,09-03-2017,4,Santa Cruz Bikes,Alysia Nicholson,CA,Trek Domane S 6 - 2017,Road Bikes,Trek,1,2699.99,0.07,2510.9907,11
764,09-03-2017,4,Santa Cruz Bikes,Alysia Nicholson,CA,"Electra Girl's Hawaii 1 16"" - 2017",Children Bicycles,Electra,2,299.99,0.05,569.981,25
764,09-03-2017,4,Santa Cruz Bikes,Alysia Nicholson,CA,Electra Amsterdam Fashion 7i Ladies' - 2017,Cruisers Bicycles,Electra,2,1099.99,0.07,2045.9814,25
765,09-03-2017,4,Santa Cruz Bikes,Tuyet Rosa,CA,Surly Karate Monkey 27.5+ Frameset - 2017,Mountain Bikes,Surly,2,2499.99,0.2,3999.984,20
765,09-03-2017,4,Santa Cruz Bikes,Tuyet Rosa,CA,Electra Townie Original 21D - 2016,Cruisers Bicycles,Electra,1,549.99,0.07,511.4907,16
765,09-03-2017,4,Santa Cruz Bikes,Tuyet Rosa,CA,Electra Townie Original 7D - 2015/2016,Comfort Bicycles,Electra,1,499.99,0.2,399.992,10
765,09-03-2017,4,Santa Cruz Bikes,Tuyet Rosa,CA,Surly Ogre Frameset - 2017,Road Bikes,Surly,1,749.99,0.2,599.992,17
765,09-03-2017,4,Santa Cruz Bikes,Tuyet Rosa,CA,Sun Bicycles Lil Bolt Type-R - 2017,Cruisers Bicycles,Sun Bicycles,1,346.99,0.05,329.6405,10
766,09-03-2017,4,Baldwin Bikes,Ramiro Byers,NY,Sun Bicycles Drifter 7 - Women's - 2017,Comfort Bicycles,Sun Bicycles,1,470.99,0.2,376.792,6
767,09-03-2017,4,Baldwin Bikes,Bettie Pierce,NY,Trek Boone Race Shop Limited - 2017,Cyclocross Bicycles,Trek,1,3499.99,0.1,3149.991,5
767,09-03-2017,4,Baldwin Bikes,Bettie Pierce,NY,Trek X-Caliber 8 - 2017,Mountain Bikes,Trek,1,999.99,0.07,929.9907,29
767,09-03-2017,4,Baldwin Bikes,Bettie Pierce,NY,Haro Shift R3 - 2017,Mountain Bikes,Haro,2,1469.99,0.05,2792.981,6
767,09-03-2017,4,Baldwin Bikes,Bettie Pierce,NY,Electra Glam Punk 3i Ladies' - 2017,Cruisers Bicycles,Electra,2,799.99,0.05,1519.981,25
768,09-03-2017,4,Baldwin Bikes,Manie Maxwell,NY,Surly Wednesday - 2017,Mountain Bikes,Surly,1,1632.99,0.2,1306.392,10
768,09-03-2017,4,Baldwin Bikes,Manie Maxwell,NY,"Electra Girl's Hawaii 1 16"" - 2017",Cruisers Bicycles,Electra,1,299.99,0.2,239.992,20
769,09-03-2017,4,Baldwin Bikes,Angella Bridges,NY,Trek Remedy 29 Carbon Frameset - 2016,Mountain Bikes,Trek,1,1799.99,0.1,1619.991,1
769,09-03-2017,4,Baldwin Bikes,Angella Bridges,NY,Surly Ice Cream Truck Frameset - 2016,Mountain Bikes,Surly,2,469.99,0.05,892.981,11
769,09-03-2017,4,Baldwin Bikes,Angella Bridges,NY,Surly Troll Frameset - 2017,Mountain Bikes,Surly,2,832.99,0.07,1549.3614,15
770,09-03-2017,4,Rowlett Bikes,Dorthey Jackson,TX,Sun Bicycles Drifter 7 - 2017,Comfort Bicycles,Sun Bicycles,1,470.99,0.05,447.4405,11
770,09-03-2017,4,Rowlett Bikes,Dorthey Jackson,TX,Trek Fuel EX 5 27.5 Plus - 2017,Mountain Bikes,Trek,1,2299.99,0.2,1839.992,9
770,09-03-2017,4,Rowlett Bikes,Dorthey Jackson,TX,Sun Bicycles Streamway 3 - 2017,Comfort Bicycles,Sun Bicycles,1,551.99,0.2,441.592,10
770,09-03-2017,4,Rowlett Bikes,Dorthey Jackson,TX,Surly Straggler 650b - 2016,Cyclocross Bicycles,Surly,2,1680.99,0.05,3193.881,30
771,11-03-2017,4,Santa Cruz Bikes,Jennette Baker,CA,Electra Cruiser 1 (24-Inch) - 2016,Cruisers Bicycles,Electra,2,269.99,0.2,431.984,13
771,11-03-2017,4,Santa Cruz Bikes,Jennette Baker,CA,Trek Precaliber 12 Girls - 2017,Children Bicycles,Trek,1,189.99,0.2,151.992,7
772,11-03-2017,4,Baldwin Bikes,Janella Bright,NY,Sun Bicycles Streamway 3 - 2017,Comfort Bicycles,Sun Bicycles,1,551.99,0.07,513.3507,1
773,11-03-2017,4,Baldwin Bikes,Kenton Hughes,NY,Haro Shredder 20 - 2017,Children Bicycles,Haro,1,209.99,0.1,188.991,22
773,11-03-2017,4,Baldwin Bikes,Kenton Hughes,NY,Electra Girl's Hawaii 1 (16-inch) - 2015/2016,Cruisers Bicycles,Electra,1,269.99,0.05,256.4905,18
773,11-03-2017,4,Baldwin Bikes,Kenton Hughes,NY,Pure Cycles Vine 8-Speed - 2016,Cruisers Bicycles,Pure Cycles,2,429,0.2,686.4,3
773,11-03-2017,4,Baldwin Bikes,Kenton Hughes,NY,Surly Wednesday Frameset - 2017,Mountain Bikes,Surly,2,469.99,0.07,874.1814,8
774,12-03-2017,4,Baldwin Bikes,Yevette Elliott,NY,Sun Bicycles Lil Bolt Type-R - 2017,Cruisers Bicycles,Sun Bicycles,1,346.99,0.05,329.6405,16
774,12-03-2017,4,Baldwin Bikes,Yevette Elliott,NY,Surly Troll Frameset - 2017,Mountain Bikes,Surly,2,832.99,0.05,1582.681,15
774,12-03-2017,4,Baldwin Bikes,Yevette Elliott,NY,Electra Townie Original 7D EQ - Women's - 2016,Cruisers Bicycles,Electra,1,599.99,0.2,479.992,20
774,12-03-2017,4,Baldwin Bikes,Yevette Elliott,NY,Sun Bicycles Brickell Tandem 7 - 2017,Cruisers Bicycles,Sun Bicycles,1,749.99,0.05,712.4905,20
774,12-03-2017,4,Baldwin Bikes,Yevette Elliott,NY,Trek Madone 9.2 - 2017,Road Bikes,Trek,2,4999.99,0.1,8999.982,15
775,12-03-2017,4,Baldwin Bikes,Jonna Brown,NY,Trek Stache 5 - 2017,Mountain Bikes,Trek,1,1499.99,0.07,1394.9907,28
776,13-03-2017,4,Baldwin Bikes,Yu Mcdonald,NY,Surly Karate Monkey 27.5+ Frameset - 2017,Mountain Bikes,Surly,1,2499.99,0.2,1999.992,25
776,13-03-2017,4,Baldwin Bikes,Yu Mcdonald,NY,Trek Fuel EX 5 27.5 Plus - 2017,Mountain Bikes,Trek,2,2299.99,0.2,3679.984,16
776,13-03-2017,4,Baldwin Bikes,Yu Mcdonald,NY,Sun Bicycles Atlas X-Type - 2017,Cruisers Bicycles,Sun Bicycles,1,416.99,0.1,375.291,30
776,13-03-2017,4,Baldwin Bikes,Yu Mcdonald,NY,Sun Bicycles Spider 3i - 2017,Mountain Bikes,Sun Bicycles,1,832.99,0.1,749.691,25
777,13-03-2017,4,Baldwin Bikes,Shu Mays,NY,Heller Shagamaw Frame - 2016,Mountain Bikes,Heller,1,1320.99,0.2,1056.792,1
777,13-03-2017,4,Baldwin Bikes,Shu Mays,NY,Trek Slash 8 27.5 - 2016,Mountain Bikes,Trek,2,3999.99,0.2,6399.984,8
777,13-03-2017,4,Baldwin Bikes,Shu Mays,NY,Ritchey Timberwolf Frameset - 2016,Mountain Bikes,Ritchey,1,749.99,0.2,599.992,16
778,15-03-2017,3,Rowlett Bikes,Lolita Mosley,TX,Electra Townie Original 7D - 2017,Cruisers Bicycles,Electra,1,489.99,0.1,440.991,22
778,15-03-2017,3,Rowlett Bikes,Lolita Mosley,TX,Haro Downtown 16 - 2017,Children Bicycles,Haro,1,329.99,0.05,313.4905,15
779,15-03-2017,4,Baldwin Bikes,Blanca Hooper,NY,Electra Townie 7D (20-inch) - Boys' - 2017,Children Bicycles,Electra,1,339.99,0.05,322.9905,4
779,15-03-2017,4,Baldwin Bikes,Blanca Hooper,NY,Trek Precaliber 16 Girls - 2017,Children Bicycles,Trek,2,209.99,0.2,335.984,26
779,15-03-2017,4,Baldwin Bikes,Blanca Hooper,NY,Trek Remedy 9.8 - 2017,Mountain Bikes,Trek,1,5299.99,0.2,4239.992,0
779,15-03-2017,4,Baldwin Bikes,Blanca Hooper,NY,Trek Remedy 29 Carbon Frameset - 2016,Mountain Bikes,Trek,1,1799.99,0.2,1439.992,1
779,15-03-2017,4,Baldwin Bikes,Blanca Hooper,NY,Haro Downtown 16 - 2017,Children Bicycles,Haro,1,329.99,0.2,263.992,6
780,15-03-2017,4,Baldwin Bikes,Joni Lee,NY,Trek Farley Alloy Frameset - 2017,Mountain Bikes,Trek,1,469.99,0.1,422.991,13
781,15-03-2017,4,Baldwin Bikes,Carita Salinas,NY,Sun Bicycles Cruz 7 - Women's - 2017,Comfort Bicycles,Sun Bicycles,2,416.99,0.05,792.281,25
781,15-03-2017,4,Baldwin Bikes,Carita Salinas,NY,Trek Slash 8 27.5 - 2016,Mountain Bikes,Trek,2,3999.99,0.2,6399.984,8
781,15-03-2017,4,Baldwin Bikes,Carita Salinas,NY,Trek Emonda S 5 - 2017,Road Bikes,Trek,2,1999.99,0.1,3599.982,27
782,15-03-2017,4,Baldwin Bikes,Trudy Riddle,NY,Electra Townie Original 7D EQ - Women's - 2016,Cruisers Bicycles,Electra,2,599.99,0.07,1115.9814,20
782,15-03-2017,4,Baldwin Bikes,Trudy Riddle,NY,Trek Emonda S 5 - 2017,Road Bikes,Trek,1,1999.99,0.07,1859.9907,27
782,15-03-2017,4,Baldwin Bikes,Trudy Riddle,NY,Electra Sugar Skulls 1 (20-inch) - Girl's - 2017,Children Bicycles,Electra,1,299.99,0.07,278.9907,24
782,15-03-2017,4,Baldwin Bikes,Trudy Riddle,NY,Electra Townie Original 7D EQ - 2016,Cruisers Bicycles,Electra,2,599.99,0.2,959.984,20
783,16-03-2017,4,Santa Cruz Bikes,Jama Rodriquez,CA,Haro Shredder 20 - 2017,Children Bicycles,Haro,1,209.99,0.2,167.992,0
783,16-03-2017,4,Santa Cruz Bikes,Jama Rodriquez,CA,Electra Girl's Hawaii 1 (16-inch) - 2015/2016,Children Bicycles,Electra,2,269.99,0.05,512.981,29
783,16-03-2017,4,Santa Cruz Bikes,Jama Rodriquez,CA,Haro Shredder Pro 20 - 2017,Children Bicycles,Haro,1,249.99,0.05,237.4905,6
783,16-03-2017,4,Santa Cruz Bikes,Jama Rodriquez,CA,Trek X-Caliber 8 - 2017,Mountain Bikes,Trek,1,999.99,0.1,899.991,13
784,16-03-2017,4,Baldwin Bikes,Kandi Mcneil,NY,Electra Girl's Hawaii 1 (16-inch) - 2015/2016,Children Bicycles,Electra,1,269.99,0.07,251.0907,0
784,16-03-2017,4,Baldwin Bikes,Kandi Mcneil,NY,Sun Bicycles Biscayne Tandem 7 - 2017,Cruisers Bicycles,Sun Bicycles,2,619.99,0.1,1115.982,1
784,16-03-2017,4,Baldwin Bikes,Kandi Mcneil,NY,Electra Townie Original 7D EQ - 2016,Cruisers Bicycles,Electra,1,599.99,0.2,479.992,20
785,18-03-2017,4,Santa Cruz Bikes,Donette Mccarthy,CA,Trek Domane S 5 Disc - 2017,Road Bikes,Trek,2,2599.99,0.2,4159.984,22
785,18-03-2017,4,Santa Cruz Bikes,Donette Mccarthy,CA,Trek Fuel EX 9.8 29 - 2017,Mountain Bikes,Trek,1,4999.99,0.07,4649.9907,24
785,18-03-2017,4,Santa Cruz Bikes,Donette Mccarthy,CA,Electra Townie Original 7D - 2015/2016,Comfort Bicycles,Electra,1,499.99,0.07,464.9907,10
786,18-03-2017,4,Baldwin Bikes,Magda Eaton,NY,Sun Bicycles Brickell Tandem CB - 2017,Cruisers Bicycles,Sun Bicycles,1,761.99,0.05,723.8905,27
787,18-03-2017,4,Rowlett Bikes,Collene Knox,TX,Trek Silque SLR 8 Women's - 2017,Road Bikes,Trek,2,6499.99,0.07,12089.9814,2
787,18-03-2017,4,Rowlett Bikes,Collene Knox,TX,Sun Bicycles Revolutions 24 - 2017,Cruisers Bicycles,Sun Bicycles,2,250.99,0.1,451.782,3
788,18-03-2017,4,Rowlett Bikes,Nestor Haynes,TX,Trek Emonda S 4 - 2017,Road Bikes,Trek,1,1499.99,0.2,1199.992,2
788,18-03-2017,4,Rowlett Bikes,Nestor Haynes,TX,Pure Cycles William 3-Speed - 2016,Cruisers Bicycles,Pure Cycles,1,449,0.1,404.1,24
788,18-03-2017,4,Rowlett Bikes,Nestor Haynes,TX,Electra Cruiser 1 (24-Inch) - 2016,Cruisers Bicycles,Electra,1,269.99,0.05,256.4905,19
789,19-03-2017,4,Baldwin Bikes,Latricia Lindsey,NY,Electra Townie 3i EQ (20-inch) - Boys' - 2017,Children Bicycles,Electra,2,489.99,0.2,783.984,12
789,19-03-2017,4,Baldwin Bikes,Latricia Lindsey,NY,Haro Shredder 20 Girls - 2017,Children Bicycles,Haro,2,209.99,0.07,390.5814,22
790,19-03-2017,4,Baldwin Bikes,Nichelle Rosario,NY,Trek Boone 7 - 2017,Cyclocross Bicycles,Trek,2,3499.99,0.07,6509.9814,4
790,19-03-2017,4,Baldwin Bikes,Nichelle Rosario,NY,Trek Precaliber 24 (21-Speed) - Girls - 2017,Children Bicycles,Trek,1,349.99,0.1,314.991,0
791,20-03-2017,4,Baldwin Bikes,Julius Holt,NY,Trek Domane SL Disc Frameset - 2017,Road Bikes,Trek,1,3199.99,0.2,2559.992,6
791,20-03-2017,4,Baldwin Bikes,Julius Holt,NY,Electra Townie Original 7D - 2015/2016,Comfort Bicycles,Electra,2,499.99,0.07,929.9814,18
792,22-03-2017,4,Baldwin Bikes,Gertha Mejia,NY,Electra Townie Original 7D EQ - 2016,Cruisers Bicycles,Electra,2,599.99,0.2,959.984,20
792,22-03-2017,4,Baldwin Bikes,Gertha Mejia,NY,Trek Stache 5 - 2017,Mountain Bikes,Trek,1,1499.99,0.2,1199.992,28
792,22-03-2017,4,Baldwin Bikes,Gertha Mejia,NY,Trek Domane SLR 6 Disc - 2017,Road Bikes,Trek,1,5499.99,0.2,4399.992,20
792,22-03-2017,4,Baldwin Bikes,Gertha Mejia,NY,Surly Ice Cream Truck Frameset - 2017,Mountain Bikes,Surly,1,999.99,0.05,949.9905,17
792,22-03-2017,4,Baldwin Bikes,Gertha Mejia,NY,Ritchey Timberwolf Frameset - 2016,Mountain Bikes,Ritchey,1,749.99,0.2,599.992,16
793,23-03-2017,4,Baldwin Bikes,Florencio Davenport,NY,Sun Bicycles ElectroLite - 2017,Electric Bikes,Sun Bicycles,1,1559.99,0.05,1481.9905,1
793,23-03-2017,4,Baldwin Bikes,Florencio Davenport,NY,"Electra Girl's Hawaii 1 16"" - 2017",Children Bicycles,Electra,2,299.99,0.05,569.981,10
793,23-03-2017,4,Baldwin Bikes,Florencio Davenport,NY,Electra Cruiser Lux Fat Tire 1 Ladies - 2017,Cruisers Bicycles,Electra,2,599.99,0.05,1139.981,11
794,23-03-2017,4,Baldwin Bikes,Shonta Preston,NY,Haro Shift R3 - 2017,Mountain Bikes,Haro,2,1469.99,0.05,2792.981,6
794,23-03-2017,4,Baldwin Bikes,Shonta Preston,NY,Sun Bicycles Cruz 3 - 2017,Cruisers Bicycles,Sun Bicycles,1,449.99,0.2,359.992,23
794,23-03-2017,4,Baldwin Bikes,Shonta Preston,NY,Pure Cycles Vine 8-Speed - 2016,Cruisers Bicycles,Pure Cycles,1,429,0.07,398.97,3
794,23-03-2017,4,Baldwin Bikes,Shonta Preston,NY,Surly Karate Monkey 27.5+ Frameset - 2017,Mountain Bikes,Surly,1,2499.99,0.1,2249.991,25
795,23-03-2017,4,Baldwin Bikes,Chere Alston,NY,"Electra Girl's Hawaii 1 16"" - 2017",Children Bicycles,Electra,2,299.99,0.05,569.981,10
795,23-03-2017,4,Baldwin Bikes,Chere Alston,NY,Electra Sugar Skulls 1 (20-inch) - Girl's - 2017,Children Bicycles,Electra,2,299.99,0.05,569.981,24
796,23-03-2017,4,Rowlett Bikes,Jenise Preston,TX,Surly Ice Cream Truck Frameset - 2016,Mountain Bikes,Surly,2,469.99,0.2,751.984,27
797,24-03-2017,4,Baldwin Bikes,Candelaria Coffey,NY,Surly Straggler 650b - 2016,Cyclocross Bicycles,Surly,1,1680.99,0.07,1563.3207,21
797,24-03-2017,4,Baldwin Bikes,Candelaria Coffey,NY,Sun Bicycles Cruz 7 - 2017,Cruisers Bicycles,Sun Bicycles,1,416.99,0.05,396.1405,22
797,24-03-2017,4,Baldwin Bikes,Candelaria Coffey,NY,Electra Cruiser Lux 1 - 2017,Cruisers Bicycles,Electra,1,439.99,0.1,395.991,23
797,24-03-2017,4,Baldwin Bikes,Candelaria Coffey,NY,Trek Domane SL Disc Frameset - 2017,Road Bikes,Trek,2,3199.99,0.05,6079.981,6
797,24-03-2017,4,Baldwin Bikes,Candelaria Coffey,NY,Trek Boone 7 - 2017,Cyclocross Bicycles,Trek,2,3499.99,0.1,6299.982,4
798,26-03-2017,4,Santa Cruz Bikes,Ana Palmer,CA,Electra Girl's Hawaii 1 (20-inch) - 2015/2016,Children Bicycles,Electra,1,299.99,0.1,269.991,9
798,26-03-2017,4,Santa Cruz Bikes,Ana Palmer,CA,Trek Precaliber 16 Girls - 2017,Children Bicycles,Trek,1,209.99,0.05,199.4905,4
798,26-03-2017,4,Santa Cruz Bikes,Ana Palmer,CA,Trek Precaliber 24 (21-Speed) - Girls - 2017,Children Bicycles,Trek,2,349.99,0.07,650.9814,8
798,26-03-2017,4,Santa Cruz Bikes,Ana Palmer,CA,Trek Fuel EX 5 27.5 Plus - 2017,Mountain Bikes,Trek,1,2299.99,0.2,1839.992,0
798,26-03-2017,4,Santa Cruz Bikes,Ana Palmer,CA,Electra Townie Original 7D EQ - 2016,Comfort Bicycles,Electra,2,599.99,0.05,1139.981,16
799,27-03-2017,4,Santa Cruz Bikes,Paul Lester,CA,Heller Shagamaw Frame - 2016,Mountain Bikes,Heller,2,1320.99,0.1,2377.782,22
799,27-03-2017,4,Santa Cruz Bikes,Paul Lester,CA,Trek Session DH 27.5 Carbon Frameset - 2017,Mountain Bikes,Trek,2,469.99,0.05,892.981,2
799,27-03-2017,4,Santa Cruz Bikes,Paul Lester,CA,Trek X-Caliber 8 - 2017,Mountain Bikes,Trek,2,999.99,0.07,1859.9814,13
799,27-03-2017,4,Santa Cruz Bikes,Paul Lester,CA,Trek Boone Race Shop Limited - 2017,Cyclocross Bicycles,Trek,1,3499.99,0.1,3149.991,4
799,27-03-2017,4,Santa Cruz Bikes,Paul Lester,CA,Trek Madone 9.2 - 2017,Road Bikes,Trek,2,4999.99,0.07,9299.9814,1
800,27-03-2017,4,Baldwin Bikes,Conchita Boone,NY,Sun Bicycles Lil Bolt Type-R - 2017,Cruisers Bicycles,Sun Bicycles,2,346.99,0.1,624.582,16
800,27-03-2017,4,Baldwin Bikes,Conchita Boone,NY,Trek Domane SL Disc Frameset - 2017,Road Bikes,Trek,1,3199.99,0.07,2975.9907,6
800,27-03-2017,4,Baldwin Bikes,Conchita Boone,NY,Surly Ice Cream Truck Frameset - 2016,Mountain Bikes,Surly,2,469.99,0.05,892.981,11
800,27-03-2017,4,Baldwin Bikes,Conchita Boone,NY,Surly Steamroller - 2017,Road Bikes,Surly,1,875.99,0.1,788.391,23
800,27-03-2017,4,Baldwin Bikes,Conchita Boone,NY,"Electra Girl's Hawaii 1 16"" - 2017",Children Bicycles,Electra,2,299.99,0.05,569.981,10
801,28-03-2017,4,Santa Cruz Bikes,Chi Goff,CA,Electra Townie 7D (20-inch) - Boys' - 2017,Children Bicycles,Electra,1,339.99,0.07,316.1907,17
802,28-03-2017,4,Baldwin Bikes,Yanira Bradshaw,NY,Surly Ice Cream Truck Frameset - 2017,Mountain Bikes,Surly,1,999.99,0.05,949.9905,17
802,28-03-2017,4,Baldwin Bikes,Yanira Bradshaw,NY,Surly Troll Frameset - 2017,Mountain Bikes,Surly,2,832.99,0.2,1332.784,15
802,28-03-2017,4,Baldwin Bikes,Yanira Bradshaw,NY,Trek Fuel EX 9.8 29 - 2017,Mountain Bikes,Trek,1,4999.99,0.1,4499.991,15
802,28-03-2017,4,Baldwin Bikes,Yanira Bradshaw,NY,Surly Karate Monkey 27.5+ Frameset - 2017,Mountain Bikes,Surly,1,2499.99,0.05,2374.9905,25
803,28-03-2017,4,Rowlett Bikes,Armando Black,TX,Sun Bicycles Drifter 7 - Women's - 2017,Comfort Bicycles,Sun Bicycles,1,470.99,0.07,438.0207,29
803,28-03-2017,4,Rowlett Bikes,Armando Black,TX,Surly Steamroller - 2017,Road Bikes,Surly,2,875.99,0.05,1664.381,8
803,28-03-2017,4,Rowlett Bikes,Armando Black,TX,Electra Townie Original 7D - 2017,Comfort Bicycles,Electra,1,489.99,0.07,455.6907,22
803,28-03-2017,4,Rowlett Bikes,Armando Black,TX,Trek Boy's Kickster - 2015/2017,Children Bicycles,Trek,2,149.99,0.05,284.981,23
804,29-03-2017,4,Baldwin Bikes,Letitia Franco,NY,Trek Precaliber 16 Boys - 2017,Children Bicycles,Trek,2,209.99,0.2,335.984,8
804,29-03-2017,4,Baldwin Bikes,Letitia Franco,NY,Surly Ogre Frameset - 2017,Road Bikes,Surly,1,749.99,0.07,697.4907,19
804,29-03-2017,4,Baldwin Bikes,Letitia Franco,NY,Trek Silque SLR 7 Women's - 2017,Road Bikes,Trek,2,5999.99,0.05,11399.981,7
805,29-03-2017,4,Baldwin Bikes,Vince Schneider,NY,Electra Townie Original 21D - 2016,Comfort Bicycles,Electra,1,549.99,0.05,522.4905,16
805,29-03-2017,4,Baldwin Bikes,Vince Schneider,NY,Surly Wednesday Frameset - 2017,Mountain Bikes,Surly,2,469.99,0.2,751.984,8
805,29-03-2017,4,Baldwin Bikes,Vince Schneider,NY,Trek Boone 7 - 2017,Cyclocross Bicycles,Trek,2,3499.99,0.2,5599.984,4
805,29-03-2017,4,Baldwin Bikes,Vince Schneider,NY,Trek Farley Alloy Frameset - 2017,Mountain Bikes,Trek,1,469.99,0.07,437.0907,13
805,29-03-2017,4,Baldwin Bikes,Vince Schneider,NY,Surly Ice Cream Truck Frameset - 2016,Mountain Bikes,Surly,2,469.99,0.05,892.981,11
806,30-03-2017,4,Baldwin Bikes,Winfred Harris,NY,Haro Shredder 20 Girls - 2017,Children Bicycles,Haro,2,209.99,0.1,377.982,22
806,30-03-2017,4,Baldwin Bikes,Winfred Harris,NY,Electra Savannah 3i (20-inch) - Girl's - 2017,Children Bicycles,Electra,1,349.99,0.2,279.992,15
806,30-03-2017,4,Baldwin Bikes,Winfred Harris,NY,Electra Glam Punk 3i Ladies' - 2017,Cruisers Bicycles,Electra,2,799.99,0.1,1439.982,25
806,30-03-2017,4,Baldwin Bikes,Winfred Harris,NY,Electra Amsterdam Original 3i Ladies' - 2017,Cruisers Bicycles,Electra,2,659.99,0.2,1055.984,4
806,30-03-2017,4,Baldwin Bikes,Winfred Harris,NY,Trek Precaliber 24 (21-Speed) - Girls - 2017,Children Bicycles,Trek,2,349.99,0.07,650.9814,0
807,30-03-2017,4,Baldwin Bikes,Lenore Valdez,NY,Electra Cruiser 1 (24-Inch) - 2016,Children Bicycles,Electra,2,269.99,0.2,431.984,16
807,30-03-2017,4,Baldwin Bikes,Lenore Valdez,NY,Surly Ice Cream Truck Frameset - 2016,Mountain Bikes,Surly,1,469.99,0.07,437.0907,11
807,30-03-2017,4,Baldwin Bikes,Lenore Valdez,NY,Surly Wednesday Frameset - 2016,Mountain Bikes,Surly,2,999.99,0.07,1859.9814,28
807,30-03-2017,4,Baldwin Bikes,Lenore Valdez,NY,Trek Conduit+ - 2016,Electric Bikes,Trek,2,2999.99,0.2,4799.984,17
807,30-03-2017,4,Baldwin Bikes,Lenore Valdez,NY,Electra Townie Original 7D EQ - 2016,Cruisers Bicycles,Electra,1,599.99,0.2,479.992,20
808,31-03-2017,4,Baldwin Bikes,Justina Jenkins,NY,Electra Moto 3i (20-inch) - Boy's - 2017,Children Bicycles,Electra,2,349.99,0.05,664.981,22
808,31-03-2017,4,Baldwin Bikes,Justina Jenkins,NY,Pure Cycles Western 3-Speed - Women's - 2015/2016,Cruisers Bicycles,Pure Cycles,1,449,0.05,426.55,13
808,31-03-2017,4,Baldwin Bikes,Justina Jenkins,NY,Haro Downtown 16 - 2017,Children Bicycles,Haro,1,329.99,0.05,313.4905,6
808,31-03-2017,4,Baldwin Bikes,Justina Jenkins,NY,Pure Cycles William 3-Speed - 2016,Cruisers Bicycles,Pure Cycles,2,449,0.05,853.1,15
809,31-03-2017,4,Baldwin Bikes,Geraldine O'donnell,NY,Sun Bicycles Biscayne Tandem CB - 2017,Cruisers Bicycles,Sun Bicycles,1,647.99,0.1,583.191,4
809,31-03-2017,4,Baldwin Bikes,Geraldine O'donnell,NY,Electra Townie Original 7D EQ - 2016,Comfort Bicycles,Electra,1,599.99,0.2,479.992,2
809,31-03-2017,4,Baldwin Bikes,Geraldine O'donnell,NY,Haro Shredder 20 - 2017,Children Bicycles,Haro,2,209.99,0.1,377.982,22
810,01-04-2017,3,Rowlett Bikes,Laraine Robbins,TX,Sun Bicycles Streamway 3 - 2017,Comfort Bicycles,Sun Bicycles,2,551.99,0.05,1048.781,10
810,01-04-2017,3,Rowlett Bikes,Laraine Robbins,TX,Electra Townie 3i EQ (20-inch) - Boys' - 2017,Children Bicycles,Electra,1,489.99,0.2,391.992,28
810,01-04-2017,3,Rowlett Bikes,Laraine Robbins,TX,Trek Domane SLR 6 Disc - 2017,Road Bikes,Trek,1,5499.99,0.05,5224.9905,19
810,01-04-2017,3,Rowlett Bikes,Laraine Robbins,TX,Electra Girl's Hawaii 1 (16-inch) - 2015/2016,Children Bicycles,Electra,1,269.99,0.2,215.992,20
811,01-04-2017,4,Baldwin Bikes,Larraine Horn,NY,Haro SR 1.2 - 2017,Mountain Bikes,Haro,2,869.99,0.07,1618.1814,13
811,01-04-2017,4,Baldwin Bikes,Larraine Horn,NY,Trek Domane SL Disc Frameset - 2017,Road Bikes,Trek,1,3199.99,0.2,2559.992,6
811,01-04-2017,4,Baldwin Bikes,Larraine Horn,NY,Electra Amsterdam Original 3i - 2015/2017,Cruisers Bicycles,Electra,1,659.99,0.07,613.7907,6
811,01-04-2017,4,Baldwin Bikes,Larraine Horn,NY,Sun Bicycles Revolutions 24 - 2017,Cruisers Bicycles,Sun Bicycles,1,250.99,0.1,225.891,22
812,01-04-2017,4,Baldwin Bikes,Patrina Tanner,NY,"Electra Girl's Hawaii 1 16"" - 2017",Cruisers Bicycles,Electra,2,299.99,0.1,539.982,20
812,01-04-2017,4,Baldwin Bikes,Patrina Tanner,NY,Trek Fuel EX 9.8 29 - 2017,Mountain Bikes,Trek,1,4999.99,0.2,3999.992,15
813,01-04-2017,4,Rowlett Bikes,Georgeann Rojas,TX,Electra Moto 3i (20-inch) - Boy's - 2017,Children Bicycles,Electra,2,349.99,0.1,629.982,1
813,01-04-2017,4,Rowlett Bikes,Georgeann Rojas,TX,Haro Downtown 16 - 2017,Children Bicycles,Haro,2,329.99,0.2,527.984,15
813,01-04-2017,4,Rowlett Bikes,Georgeann Rojas,TX,Surly Wednesday Frameset - 2017,Mountain Bikes,Surly,2,469.99,0.2,751.984,14
813,01-04-2017,4,Rowlett Bikes,Georgeann Rojas,TX,Electra Townie Original 7D EQ - 2016,Comfort Bicycles,Electra,2,599.99,0.07,1115.9814,27
813,01-04-2017,4,Rowlett Bikes,Georgeann Rojas,TX,Sun Bicycles Atlas X-Type - 2017,Cruisers Bicycles,Sun Bicycles,2,416.99,0.05,792.281,13
814,02-04-2017,4,Baldwin Bikes,Evelina Byrd,NY,Sun Bicycles Cruz 7 - 2017,Cruisers Bicycles,Sun Bicycles,2,416.99,0.1,750.582,22
814,02-04-2017,4,Baldwin Bikes,Evelina Byrd,NY,Electra Townie 3i EQ (20-inch) - Boys' - 2017,Children Bicycles,Electra,1,489.99,0.1,440.991,12
814,02-04-2017,4,Baldwin Bikes,Evelina Byrd,NY,Sun Bicycles Lil Bolt Type-R - 2017,Cruisers Bicycles,Sun Bicycles,1,346.99,0.2,277.592,16
814,02-04-2017,4,Baldwin Bikes,Evelina Byrd,NY,Trek Boy's Kickster - 2015/2017,Children Bicycles,Trek,2,149.99,0.05,284.981,21
815,03-04-2017,4,Santa Cruz Bikes,Nanette Roman,CA,Sun Bicycles Streamway 7 - 2017,Comfort Bicycles,Sun Bicycles,2,533.99,0.2,854.384,7
815,03-04-2017,4,Santa Cruz Bikes,Nanette Roman,CA,Electra Townie Original 7D - 2017,Comfort Bicycles,Electra,2,489.99,0.2,783.984,9
815,03-04-2017,4,Santa Cruz Bikes,Nanette Roman,CA,Trek Precaliber 12 Boys - 2017,Children Bicycles,Trek,2,189.99,0.1,341.982,27
815,03-04-2017,4,Santa Cruz Bikes,Nanette Roman,CA,Electra Girl's Hawaii 1 (20-inch) - 2015/2016,Children Bicycles,Electra,1,299.99,0.07,278.9907,9
816,03-04-2017,4,Baldwin Bikes,Shanti Johnston,NY,Electra Cruiser Lux Fat Tire 1 Ladies - 2017,Cruisers Bicycles,Electra,2,599.99,0.1,1079.982,11
816,03-04-2017,4,Baldwin Bikes,Shanti Johnston,NY,Electra Townie Original 7D - 2017,Cruisers Bicycles,Electra,2,489.99,0.2,783.984,30
817,04-04-2017,4,Baldwin Bikes,Annett Garrett,NY,Haro Downtown 16 - 2017,Children Bicycles,Haro,1,329.99,0.05,313.4905,6
817,04-04-2017,4,Baldwin Bikes,Annett Garrett,NY,Sun Bicycles Streamway 7 - 2017,Comfort Bicycles,Sun Bicycles,2,533.99,0.07,993.2214,3
817,04-04-2017,4,Baldwin Bikes,Annett Garrett,NY,Trek Emonda S 4 - 2017,Road Bikes,Trek,2,1499.99,0.05,2849.981,20
818,04-04-2017,4,Baldwin Bikes,Claris Santiago,NY,Sun Bicycles Streamway 3 - 2017,Comfort Bicycles,Sun Bicycles,1,551.99,0.05,524.3905,1
818,04-04-2017,4,Baldwin Bikes,Claris Santiago,NY,Haro SR 1.1 - 2017,Mountain Bikes,Haro,2,539.99,0.07,1004.3814,24
818,04-04-2017,4,Baldwin Bikes,Claris Santiago,NY,Pure Cycles William 3-Speed - 2016,Cruisers Bicycles,Pure Cycles,2,449,0.05,853.1,15
818,04-04-2017,4,Baldwin Bikes,Claris Santiago,NY,Trek Emonda S 4 - 2017,Road Bikes,Trek,2,1499.99,0.05,2849.981,20
819,04-04-2017,4,Rowlett Bikes,Clementine Mooney,TX,Haro Shredder Pro 20 - 2017,Children Bicycles,Haro,1,249.99,0.2,199.992,15
820,05-04-2017,4,Baldwin Bikes,Carola Mcpherson,NY,Sun Bicycles Cruz 7 - 2017,Comfort Bicycles,Sun Bicycles,1,416.99,0.05,396.1405,29
821,05-04-2017,4,Baldwin Bikes,Agustina Lawrence,NY,Electra Townie Original 7D - 2017,Comfort Bicycles,Electra,1,489.99,0.07,455.6907,12
821,05-04-2017,4,Baldwin Bikes,Agustina Lawrence,NY,Electra Amsterdam Original 3i - 2015/2017,Cruisers Bicycles,Electra,2,659.99,0.2,1055.984,6
821,05-04-2017,4,Baldwin Bikes,Agustina Lawrence,NY,Surly Ice Cream Truck Frameset - 2016,Mountain Bikes,Surly,1,469.99,0.2,375.992,11
821,05-04-2017,4,Baldwin Bikes,Agustina Lawrence,NY,Sun Bicycles Cruz 7 - 2017,Comfort Bicycles,Sun Bicycles,1,416.99,0.05,396.1405,29
822,06-04-2017,4,Baldwin Bikes,Clementina Sargent,NY,Surly Ogre Frameset - 2017,Road Bikes,Surly,1,749.99,0.05,712.4905,19
822,06-04-2017,4,Baldwin Bikes,Clementina Sargent,NY,Sun Bicycles Biscayne Tandem 7 - 2017,Cruisers Bicycles,Sun Bicycles,1,619.99,0.2,495.992,1
823,06-04-2017,4,Rowlett Bikes,Gwendolyn Miller,TX,Trek Domane SLR 6 Disc - 2017,Road Bikes,Trek,2,5499.99,0.07,10229.9814,19
823,06-04-2017,4,Rowlett Bikes,Gwendolyn Miller,TX,Trek Girl's Kickster - 2017,Children Bicycles,Trek,2,149.99,0.2,239.984,27
823,06-04-2017,4,Rowlett Bikes,Gwendolyn Miller,TX,Electra Amsterdam Fashion 7i Ladies' - 2017,Cruisers Bicycles,Electra,1,1099.99,0.2,879.992,18
824,07-04-2017,4,Santa Cruz Bikes,Giovanna Jefferson,CA,Haro Shredder 20 - 2017,Children Bicycles,Haro,2,209.99,0.1,377.982,0
825,07-04-2017,4,Baldwin Bikes,Pamelia Newman,NY,Pure Cycles William 3-Speed - 2016,Cruisers Bicycles,Pure Cycles,1,449,0.1,404.1,15
825,07-04-2017,4,Baldwin Bikes,Pamelia Newman,NY,Surly Ice Cream Truck Frameset - 2017,Mountain Bikes,Surly,2,999.99,0.2,1599.984,17
826,07-04-2017,4,Baldwin Bikes,Bennett Armstrong,NY,Haro SR 1.2 - 2017,Mountain Bikes,Haro,2,869.99,0.2,1391.984,13
826,07-04-2017,4,Baldwin Bikes,Bennett Armstrong,NY,Surly Troll Frameset - 2017,Mountain Bikes,Surly,1,832.99,0.1,749.691,15
827,07-04-2017,4,Baldwin Bikes,Brittni Green,NY,Trek Fuel EX 9.8 27.5 Plus - 2017,Mountain Bikes,Trek,1,5299.99,0.05,5034.9905,2
827,07-04-2017,4,Baldwin Bikes,Brittni Green,NY,Haro Shift R3 - 2017,Mountain Bikes,Haro,1,1469.99,0.2,1175.992,6
827,07-04-2017,4,Baldwin Bikes,Brittni Green,NY,Surly Karate Monkey 27.5+ Frameset - 2017,Mountain Bikes,Surly,1,2499.99,0.2,1999.992,25
827,07-04-2017,4,Baldwin Bikes,Brittni Green,NY,Sun Bicycles Cruz 3 - Women's - 2017,Comfort Bicycles,Sun Bicycles,1,449.99,0.2,359.992,29
828,09-04-2017,4,Baldwin Bikes,Dionne Norris,NY,Electra Townie Original 7D - 2015/2016,Comfort Bicycles,Electra,2,499.99,0.2,799.984,18
828,09-04-2017,4,Baldwin Bikes,Dionne Norris,NY,Electra Townie Original 21D - 2016,Comfort Bicycles,Electra,1,549.99,0.2,439.992,16
828,09-04-2017,4,Baldwin Bikes,Dionne Norris,NY,Trek Domane S 6 - 2017,Road Bikes,Trek,2,2699.99,0.07,5021.9814,5
829,09-04-2017,4,Baldwin Bikes,Ira Moore,NY,Sun Bicycles Streamway 3 - 2017,Comfort Bicycles,Sun Bicycles,1,551.99,0.2,441.592,1
829,09-04-2017,4,Baldwin Bikes,Ira Moore,NY,Sun Bicycles Streamway 7 - 2017,Comfort Bicycles,Sun Bicycles,2,533.99,0.1,961.182,3
830,11-04-2017,4,Baldwin Bikes,Luciano Marsh,NY,Haro Downtown 16 - 2017,Children Bicycles,Haro,2,329.99,0.2,527.984,6
830,11-04-2017,4,Baldwin Bikes,Luciano Marsh,NY,Electra Townie 3i EQ (20-inch) - Boys' - 2017,Children Bicycles,Electra,2,489.99,0.07,911.3814,12
830,11-04-2017,4,Baldwin Bikes,Luciano Marsh,NY,Electra Moto 3i (20-inch) - Boy's - 2017,Children Bicycles,Electra,2,349.99,0.2,559.984,22
831,11-04-2017,4,Baldwin Bikes,Shiloh Reeves,NY,Sun Bicycles Revolutions 24 - Girl's - 2017,Cruisers Bicycles,Sun Bicycles,1,250.99,0.2,200.792,8
831,11-04-2017,4,Baldwin Bikes,Shiloh Reeves,NY,Surly Straggler 650b - 2016,Cyclocross Bicycles,Surly,1,1680.99,0.2,1344.792,21
831,11-04-2017,4,Baldwin Bikes,Shiloh Reeves,NY,Sun Bicycles Cruz 3 - 2017,Cruisers Bicycles,Sun Bicycles,1,449.99,0.1,404.991,23
832,11-04-2017,4,Baldwin Bikes,Karl Stephens,NY,Trek Domane SL Disc Frameset - 2017,Road Bikes,Trek,1,3199.99,0.05,3039.9905,6
832,11-04-2017,4,Baldwin Bikes,Karl Stephens,NY,Haro SR 1.2 - 2017,Mountain Bikes,Haro,1,869.99,0.2,695.992,13
832,11-04-2017,4,Baldwin Bikes,Karl Stephens,NY,Surly Big Dummy Frameset - 2017,Mountain Bikes,Surly,1,999.99,0.07,929.9907,10
832,11-04-2017,4,Baldwin Bikes,Karl Stephens,NY,Electra Townie Original 7D EQ - 2016,Cruisers Bicycles,Electra,2,599.99,0.1,1079.982,20
833,12-04-2017,4,Baldwin Bikes,Kerrie O'neill,NY,Electra Townie Original 7D EQ - Women's - 2016,Cruisers Bicycles,Electra,2,599.99,0.05,1139.981,20
834,12-04-2017,4,Baldwin Bikes,Rosanne George,NY,Trek Domane SL Disc Frameset - 2017,Road Bikes,Trek,1,3199.99,0.07,2975.9907,6
834,12-04-2017,4,Baldwin Bikes,Rosanne George,NY,Electra Cruiser 1 (24-Inch) - 2016,Children Bicycles,Electra,1,269.99,0.05,256.4905,16
834,12-04-2017,4,Baldwin Bikes,Rosanne George,NY,Sun Bicycles Biscayne Tandem CB - 2017,Cruisers Bicycles,Sun Bicycles,1,647.99,0.2,518.392,4
835,13-04-2017,4,Santa Cruz Bikes,Marina Hinton,CA,Sun Bicycles Lil Bolt Type-R - 2017,Cruisers Bicycles,Sun Bicycles,2,346.99,0.07,645.4014,10
835,13-04-2017,4,Santa Cruz Bikes,Marina Hinton,CA,Electra Amsterdam Original 3i Ladies' - 2017,Cruisers Bicycles,Electra,1,659.99,0.2,527.992,1
835,13-04-2017,4,Santa Cruz Bikes,Marina Hinton,CA,Ritchey Timberwolf Frameset - 2016,Mountain Bikes,Ritchey,1,749.99,0.05,712.4905,5
836,13-04-2017,4,Baldwin Bikes,Sherita Cherry,NY,Sun Bicycles Cruz 3 - Women's - 2017,Comfort Bicycles,Sun Bicycles,2,449.99,0.2,719.984,29
837,13-04-2017,4,Baldwin Bikes,Siobhan Lang,NY,Trek Silque SLR 8 Women's - 2017,Road Bikes,Trek,1,6499.99,0.05,6174.9905,8
837,13-04-2017,4,Baldwin Bikes,Siobhan Lang,NY,Electra Savannah 3i (20-inch) - Girl's - 2017,Children Bicycles,Electra,1,349.99,0.1,314.991,15
837,13-04-2017,4,Baldwin Bikes,Siobhan Lang,NY,Trek Precaliber 12 Boys - 2017,Children Bicycles,Trek,2,189.99,0.2,303.984,14
838,14-04-2017,4,Baldwin Bikes,Eliseo Knight,NY,Surly Karate Monkey 27.5+ Frameset - 2017,Mountain Bikes,Surly,1,2499.99,0.1,2249.991,25
838,14-04-2017,4,Baldwin Bikes,Eliseo Knight,NY,Surly Straggler - 2016,Cyclocross Bicycles,Surly,1,1549,0.1,1394.1,13
838,14-04-2017,4,Baldwin Bikes,Eliseo Knight,NY,Electra Townie 3i EQ (20-inch) - Boys' - 2017,Children Bicycles,Electra,2,489.99,0.05,930.981,12
838,14-04-2017,4,Baldwin Bikes,Eliseo Knight,NY,Sun Bicycles Lil Bolt Type-R - 2017,Cruisers Bicycles,Sun Bicycles,2,346.99,0.07,645.4014,16
839,15-04-2017,4,Santa Cruz Bikes,Novella Ross,CA,Trek Domane S 6 - 2017,Road Bikes,Trek,1,2699.99,0.07,2510.9907,11
839,15-04-2017,4,Santa Cruz Bikes,Novella Ross,CA,Haro Downtown 16 - 2017,Children Bicycles,Haro,1,329.99,0.1,296.991,23
839,15-04-2017,4,Santa Cruz Bikes,Novella Ross,CA,Trek Madone 9.2 - 2017,Road Bikes,Trek,2,4999.99,0.05,9499.981,1
840,15-04-2017,4,Baldwin Bikes,Collene Roman,NY,Surly Big Dummy Frameset - 2017,Mountain Bikes,Surly,1,999.99,0.07,929.9907,10
840,15-04-2017,4,Baldwin Bikes,Collene Roman,NY,Trek Fuel EX 9.8 27.5 Plus - 2017,Mountain Bikes,Trek,1,5299.99,0.07,4928.9907,2
840,15-04-2017,4,Baldwin Bikes,Collene Roman,NY,Sun Bicycles Cruz 3 - 2017,Comfort Bicycles,Sun Bicycles,2,449.99,0.2,719.984,7
841,15-04-2017,4,Baldwin Bikes,Hipolito Padilla,NY,Electra Girl's Hawaii 1 (16-inch) - 2015/2016,Children Bicycles,Electra,2,269.99,0.1,485.982,0
841,15-04-2017,4,Baldwin Bikes,Hipolito Padilla,NY,Trek Conduit+ - 2016,Electric Bikes,Trek,1,2999.99,0.2,2399.992,17
841,15-04-2017,4,Baldwin Bikes,Hipolito Padilla,NY,Surly Straggler 650b - 2016,Cyclocross Bicycles,Surly,1,1680.99,0.2,1344.792,21
841,15-04-2017,4,Baldwin Bikes,Hipolito Padilla,NY,Trek Precaliber 16 Girls - 2017,Children Bicycles,Trek,2,209.99,0.07,390.5814,26
841,15-04-2017,4,Baldwin Bikes,Hipolito Padilla,NY,Electra Townie 3i EQ (20-inch) - Boys' - 2017,Children Bicycles,Electra,1,489.99,0.1,440.991,12
842,15-04-2017,4,Baldwin Bikes,Dung King,NY,Electra Amsterdam Fashion 7i Ladies' - 2017,Cruisers Bicycles,Electra,2,1099.99,0.07,2045.9814,19
842,15-04-2017,4,Baldwin Bikes,Dung King,NY,Trek Fuel EX 5 27.5 Plus - 2017,Mountain Bikes,Trek,1,2299.99,0.1,2069.991,16
843,16-04-2017,4,Baldwin Bikes,Season Harvey,NY,Sun Bicycles Biscayne Tandem 7 - 2017,Cruisers Bicycles,Sun Bicycles,1,619.99,0.1,557.991,1
843,16-04-2017,4,Baldwin Bikes,Season Harvey,NY,Electra Cruiser Lux Fat Tire 1 Ladies - 2017,Cruisers Bicycles,Electra,2,599.99,0.1,1079.982,11
843,16-04-2017,4,Baldwin Bikes,Season Harvey,NY,Electra Amsterdam Fashion 7i Ladies' - 2017,Cruisers Bicycles,Electra,1,1099.99,0.1,989.991,19
843,16-04-2017,4,Baldwin Bikes,Season Harvey,NY,Electra Girl's Hawaii 1 (20-inch) - 2015/2016,Children Bicycles,Electra,2,299.99,0.07,557.9814,12
844,16-04-2017,4,Baldwin Bikes,Macie Ayers,NY,Sun Bicycles Boardwalk (24-inch Wheels) - 2017,Cruisers Bicycles,Sun Bicycles,2,402.99,0.07,749.5614,29
844,16-04-2017,4,Baldwin Bikes,Macie Ayers,NY,Electra Townie Original 21D - 2016,Cruisers Bicycles,Electra,1,549.99,0.1,494.991,2
844,16-04-2017,4,Baldwin Bikes,Macie Ayers,NY,Trek Boy's Kickster - 2015/2017,Children Bicycles,Trek,2,149.99,0.2,239.984,21
844,16-04-2017,4,Baldwin Bikes,Macie Ayers,NY,Trek Emonda S 4 - 2017,Road Bikes,Trek,1,1499.99,0.2,1199.992,20
844,16-04-2017,4,Baldwin Bikes,Macie Ayers,NY,Trek Boone Race Shop Limited - 2017,Cyclocross Bicycles,Trek,2,3499.99,0.05,6649.981,5
845,17-04-2017,4,Baldwin Bikes,Loraine Sykes,NY,Electra Townie Original 7D EQ - 2016,Cruisers Bicycles,Electra,2,599.99,0.2,959.984,20
845,17-04-2017,4,Baldwin Bikes,Loraine Sykes,NY,Electra Cruiser Lux Fat Tire 1 Ladies - 2017,Cruisers Bicycles,Electra,1,599.99,0.2,479.992,11
845,17-04-2017,4,Baldwin Bikes,Loraine Sykes,NY,Electra Townie Original 7D EQ - 2016,Comfort Bicycles,Electra,2,599.99,0.05,1139.981,2
845,17-04-2017,4,Baldwin Bikes,Loraine Sykes,NY,Sun Bicycles Brickell Tandem 7 - 2017,Cruisers Bicycles,Sun Bicycles,2,749.99,0.2,1199.984,20
845,17-04-2017,4,Baldwin Bikes,Loraine Sykes,NY,Trek Precaliber 12 Girls - 2017,Children Bicycles,Trek,1,189.99,0.05,180.4905,8
846,17-04-2017,4,Baldwin Bikes,Larae Carney,NY,Haro SR 1.3 - 2017,Mountain Bikes,Haro,2,1409.99,0.05,2678.981,18
846,17-04-2017,4,Baldwin Bikes,Larae Carney,NY,Trek Remedy 9.8 - 2017,Mountain Bikes,Trek,1,5299.99,0.07,4928.9907,0
846,17-04-2017,4,Baldwin Bikes,Larae Carney,NY,Sun Bicycles Atlas X-Type - 2017,Cruisers Bicycles,Sun Bicycles,1,416.99,0.1,375.291,30
846,17-04-2017,4,Baldwin Bikes,Larae Carney,NY,Sun Bicycles Biscayne Tandem 7 - 2017,Cruisers Bicycles,Sun Bicycles,2,619.99,0.05,1177.981,1
846,17-04-2017,4,Baldwin Bikes,Larae Carney,NY,Sun Bicycles Streamway 3 - 2017,Comfort Bicycles,Sun Bicycles,2,551.99,0.07,1026.7014,1
847,18-04-2017,4,Baldwin Bikes,Marilyn Frank,NY,Trek Powerfly 8 FS Plus - 2017,Electric Bikes,Trek,2,4999.99,0.05,9499.981,20
848,18-04-2017,4,Baldwin Bikes,Rudolf Moran,NY,Haro Shredder 20 Girls - 2017,Children Bicycles,Haro,1,209.99,0.07,195.2907,22
848,18-04-2017,4,Baldwin Bikes,Rudolf Moran,NY,Electra Townie 3i EQ (20-inch) - Boys' - 2017,Children Bicycles,Electra,2,489.99,0.2,783.984,12
848,18-04-2017,4,Baldwin Bikes,Rudolf Moran,NY,Trek Precaliber 12 Girls - 2017,Children Bicycles,Trek,2,189.99,0.2,303.984,8
848,18-04-2017,4,Baldwin Bikes,Rudolf Moran,NY,Haro Shift R3 - 2017,Mountain Bikes,Haro,2,1469.99,0.07,2734.1814,6
849,19-04-2017,4,Santa Cruz Bikes,Angelique Merrill,CA,Sun Bicycles Cruz 7 - Women's - 2017,Comfort Bicycles,Sun Bicycles,1,416.99,0.2,333.592,30
850,19-04-2017,4,Santa Cruz Bikes,Sanora Webster,CA,Electra Townie 7D (20-inch) - Boys' - 2017,Children Bicycles,Electra,2,339.99,0.07,632.3814,17
850,19-04-2017,4,Santa Cruz Bikes,Sanora Webster,CA,Heller Shagamaw Frame - 2016,Mountain Bikes,Heller,2,1320.99,0.07,2457.0414,22
850,19-04-2017,4,Santa Cruz Bikes,Sanora Webster,CA,Haro Flightline One ST - 2017,Mountain Bikes,Haro,1,379.99,0.07,353.3907,12
851,20-04-2017,4,Baldwin Bikes,Gabriella Jones,NY,Surly Ice Cream Truck Frameset - 2017,Mountain Bikes,Surly,1,999.99,0.2,799.992,17
851,20-04-2017,4,Baldwin Bikes,Gabriella Jones,NY,Haro Shredder 20 Girls - 2017,Children Bicycles,Haro,1,209.99,0.05,199.4905,22
852,21-04-2017,4,Rowlett Bikes,Lashawn Ortiz,TX,Haro SR 1.3 - 2017,Mountain Bikes,Haro,2,1409.99,0.07,2622.5814,16
853,21-04-2017,4,Rowlett Bikes,Gilberte Duke,TX,Electra Sugar Skulls 1 (20-inch) - Girl's - 2017,Children Bicycles,Electra,1,299.99,0.05,284.9905,19
853,21-04-2017,4,Rowlett Bikes,Gilberte Duke,TX,Trek Madone 9.2 - 2017,Road Bikes,Trek,2,4999.99,0.2,7999.984,27
853,21-04-2017,4,Rowlett Bikes,Gilberte Duke,TX,Trek Fuel EX 5 27.5 Plus - 2017,Mountain Bikes,Trek,2,2299.99,0.2,3679.984,9
853,21-04-2017,4,Rowlett Bikes,Gilberte Duke,TX,Haro SR 1.2 - 2017,Mountain Bikes,Haro,1,869.99,0.2,695.992,1
853,21-04-2017,4,Rowlett Bikes,Gilberte Duke,TX,Surly Ice Cream Truck Frameset - 2016,Mountain Bikes,Surly,1,469.99,0.05,446.4905,27
854,22-04-2017,4,Baldwin Bikes,Carissa Foreman,NY,Trek Precaliber 12 Boys - 2017,Children Bicycles,Trek,1,189.99,0.1,170.991,14
855,22-04-2017,4,Baldwin Bikes,Kermit Hyde,NY,Pure Cycles Western 3-Speed - Women's - 2015/2016,Cruisers Bicycles,Pure Cycles,1,449,0.1,404.1,13
855,22-04-2017,4,Baldwin Bikes,Kermit Hyde,NY,Haro Shredder 20 Girls - 2017,Children Bicycles,Haro,2,209.99,0.2,335.984,22
855,22-04-2017,4,Baldwin Bikes,Kermit Hyde,NY,Trek Precaliber 16 Boys - 2017,Children Bicycles,Trek,1,209.99,0.2,167.992,8
856,23-04-2017,4,Baldwin Bikes,Arminda Weber,NY,Haro Flightline Two 26 Plus - 2017,Mountain Bikes,Haro,2,549.99,0.05,1044.981,18
857,24-04-2017,4,Baldwin Bikes,Sandee Alvarado,NY,Trek X-Caliber 8 - 2017,Mountain Bikes,Trek,1,999.99,0.2,799.992,29
858,25-04-2017,4,Baldwin Bikes,Kam Wilder,NY,Haro SR 1.2 - 2017,Mountain Bikes,Haro,2,869.99,0.2,1391.984,13
858,25-04-2017,4,Baldwin Bikes,Kam Wilder,NY,Heller Shagamaw Frame - 2016,Mountain Bikes,Heller,1,1320.99,0.2,1056.792,1
858,25-04-2017,4,Baldwin Bikes,Kam Wilder,NY,Electra Girl's Hawaii 1 (16-inch) - 2015/2016,Cruisers Bicycles,Electra,1,269.99,0.07,251.0907,18
858,25-04-2017,4,Baldwin Bikes,Kam Wilder,NY,Sun Bicycles Brickell Tandem 7 - 2017,Cruisers Bicycles,Sun Bicycles,2,749.99,0.07,1394.9814,20
859,25-04-2017,4,Baldwin Bikes,Valentin Mclaughlin,NY,Haro Flightline Two 26 Plus - 2017,Mountain Bikes,Haro,2,549.99,0.07,1022.9814,18
859,25-04-2017,4,Baldwin Bikes,Valentin Mclaughlin,NY,Electra Cruiser 1 (24-Inch) - 2016,Cruisers Bicycles,Electra,1,269.99,0.1,242.991,1
859,25-04-2017,4,Baldwin Bikes,Valentin Mclaughlin,NY,Electra Girl's Hawaii 1 (16-inch) - 2015/2016,Cruisers Bicycles,Electra,2,269.99,0.1,485.982,18
859,25-04-2017,4,Baldwin Bikes,Valentin Mclaughlin,NY,Sun Bicycles Atlas X-Type - 2017,Cruisers Bicycles,Sun Bicycles,2,416.99,0.1,750.582,30
859,25-04-2017,4,Baldwin Bikes,Valentin Mclaughlin,NY,Surly Troll Frameset - 2017,Mountain Bikes,Surly,2,832.99,0.1,1499.382,15
860,27-04-2017,4,Baldwin Bikes,Lashawna Richardson,NY,Surly Ice Cream Truck Frameset - 2016,Mountain Bikes,Surly,1,469.99,0.05,446.4905,11
860,27-04-2017,4,Baldwin Bikes,Lashawna Richardson,NY,Electra Townie Original 21D - 2016,Comfort Bicycles,Electra,2,549.99,0.2,879.984,16
860,27-04-2017,4,Baldwin Bikes,Lashawna Richardson,NY,Electra Townie Original 7D - 2015/2016,Comfort Bicycles,Electra,1,499.99,0.2,399.992,18
860,27-04-2017,4,Baldwin Bikes,Lashawna Richardson,NY,Trek Madone 9.2 - 2017,Road Bikes,Trek,2,4999.99,0.07,9299.9814,15
860,27-04-2017,4,Baldwin Bikes,Lashawna Richardson,NY,"Electra Girl's Hawaii 1 16"" - 2017",Children Bicycles,Electra,2,299.99,0.05,569.981,10
861,27-04-2017,4,Baldwin Bikes,Charlesetta Soto,NY,Electra Girl's Hawaii 1 (16-inch) - 2015/2016,Cruisers Bicycles,Electra,2,269.99,0.07,502.1814,18
861,27-04-2017,4,Baldwin Bikes,Charlesetta Soto,NY,Trek Boone 7 - 2017,Cyclocross Bicycles,Trek,1,3499.99,0.2,2799.992,4
862,27-04-2017,4,Rowlett Bikes,Jesus Burch,TX,Haro Downtown 16 - 2017,Children Bicycles,Haro,1,329.99,0.05,313.4905,15
862,27-04-2017,4,Rowlett Bikes,Jesus Burch,TX,Electra Sugar Skulls 1 (20-inch) - Girl's - 2017,Children Bicycles,Electra,1,299.99,0.2,239.992,19
862,27-04-2017,4,Rowlett Bikes,Jesus Burch,TX,Trek Domane SL 6 - 2017,Road Bikes,Trek,2,3499.99,0.07,6509.9814,4
863,28-04-2017,4,Baldwin Bikes,Nathanael Bradley,NY,Haro Shredder 20 Girls - 2017,Children Bicycles,Haro,2,209.99,0.1,377.982,22
864,28-04-2017,4,Baldwin Bikes,Elease Dejesus,NY,Haro Flightline One ST - 2017,Mountain Bikes,Haro,1,379.99,0.1,341.991,5
864,28-04-2017,4,Baldwin Bikes,Elease Dejesus,NY,Sun Bicycles Lil Bolt Type-R - 2017,Cruisers Bicycles,Sun Bicycles,2,346.99,0.05,659.281,16
864,28-04-2017,4,Baldwin Bikes,Elease Dejesus,NY,Electra Cruiser 1 (24-Inch) - 2016,Cruisers Bicycles,Electra,1,269.99,0.2,215.992,1
865,29-04-2017,4,Baldwin Bikes,Marcell Barrett,NY,Sun Bicycles Cruz 7 - Women's - 2017,Comfort Bicycles,Sun Bicycles,2,416.99,0.1,750.582,25
865,29-04-2017,4,Baldwin Bikes,Marcell Barrett,NY,Trek Session DH 27.5 Carbon Frameset - 2017,Mountain Bikes,Trek,1,469.99,0.05,446.4905,24
866,29-04-2017,4,Baldwin Bikes,Lurlene Finch,NY,Trek Precaliber 12 Girls - 2017,Children Bicycles,Trek,1,189.99,0.2,151.992,8
866,29-04-2017,4,Baldwin Bikes,Lurlene Finch,NY,Sun Bicycles Revolutions 24 - Girl's - 2017,Cruisers Bicycles,Sun Bicycles,2,250.99,0.07,466.8414,8
866,29-04-2017,4,Baldwin Bikes,Lurlene Finch,NY,Sun Bicycles Brickell Tandem CB - 2017,Cruisers Bicycles,Sun Bicycles,1,761.99,0.07,708.6507,27
866,29-04-2017,4,Baldwin Bikes,Lurlene Finch,NY,Electra Cruiser 1 (24-Inch) - 2016,Cruisers Bicycles,Electra,2,269.99,0.07,502.1814,1
867,01-05-2017,4,Santa Cruz Bikes,Louanne Martin,CA,Electra Townie 7D (20-inch) - Boys' - 2017,Children Bicycles,Electra,1,339.99,0.05,322.9905,17
868,01-05-2017,4,Santa Cruz Bikes,Domingo Casey,CA,Haro SR 1.3 - 2017,Mountain Bikes,Haro,1,1409.99,0.07,1311.2907,19
869,01-05-2017,4,Baldwin Bikes,Felica Munoz,NY,Trek Slash 8 27.5 - 2016,Mountain Bikes,Trek,1,3999.99,0.2,3199.992,8
869,01-05-2017,4,Baldwin Bikes,Felica Munoz,NY,Sun Bicycles Cruz 3 - 2017,Comfort Bicycles,Sun Bicycles,2,449.99,0.05,854.981,7
869,01-05-2017,4,Baldwin Bikes,Felica Munoz,NY,Surly Wednesday Frameset - 2017,Mountain Bikes,Surly,1,469.99,0.05,446.4905,8
869,01-05-2017,4,Baldwin Bikes,Felica Munoz,NY,Trek Domane S 6 - 2017,Road Bikes,Trek,2,2699.99,0.05,5129.981,5
869,01-05-2017,4,Baldwin Bikes,Felica Munoz,NY,Sun Bicycles Lil Bolt Type-R - 2017,Cruisers Bicycles,Sun Bicycles,2,346.99,0.2,555.184,16
870,01-05-2017,4,Baldwin Bikes,Miranda Kennedy,NY,Trek Boone Race Shop Limited - 2017,Cyclocross Bicycles,Trek,1,3499.99,0.07,3254.9907,5
871,02-05-2017,4,Baldwin Bikes,Kandace Giles,NY,Sun Bicycles Cruz 3 - 2017,Comfort Bicycles,Sun Bicycles,1,449.99,0.2,359.992,7
871,02-05-2017,4,Baldwin Bikes,Kandace Giles,NY,Haro Flightline Two 26 Plus - 2017,Mountain Bikes,Haro,1,549.99,0.1,494.991,18
871,02-05-2017,4,Baldwin Bikes,Kandace Giles,NY,Surly Ice Cream Truck Frameset - 2017,Mountain Bikes,Surly,2,999.99,0.2,1599.984,17
871,02-05-2017,4,Baldwin Bikes,Kandace Giles,NY,Sun Bicycles Cruz 7 - 2017,Comfort Bicycles,Sun Bicycles,2,416.99,0.05,792.281,29
872,03-05-2017,4,Santa Cruz Bikes,Virgen Clemons,CA,Trek Boone 7 - 2017,Cyclocross Bicycles,Trek,2,3499.99,0.07,6509.9814,21
872,03-05-2017,4,Santa Cruz Bikes,Virgen Clemons,CA,Surly Ogre Frameset - 2017,Road Bikes,Surly,1,749.99,0.1,674.991,17
873,03-05-2017,4,Baldwin Bikes,Marcy Rodriguez,NY,Trek Farley Alloy Frameset - 2017,Mountain Bikes,Trek,2,469.99,0.1,845.982,13
874,04-05-2017,4,Baldwin Bikes,Trena Hudson,NY,Trek Domane SLR 6 Disc - 2017,Road Bikes,Trek,1,5499.99,0.05,5224.9905,20
874,04-05-2017,4,Baldwin Bikes,Trena Hudson,NY,Surly Big Dummy Frameset - 2017,Mountain Bikes,Surly,2,999.99,0.05,1899.981,10
874,04-05-2017,4,Baldwin Bikes,Trena Hudson,NY,Sun Bicycles Brickell Tandem 7 - 2017,Cruisers Bicycles,Sun Bicycles,1,749.99,0.1,674.991,20
874,04-05-2017,4,Baldwin Bikes,Trena Hudson,NY,Electra Glam Punk 3i Ladies' - 2017,Cruisers Bicycles,Electra,2,799.99,0.07,1487.9814,25
875,05-05-2017,4,Santa Cruz Bikes,Nelle Beck,CA,Heller Shagamaw Frame - 2016,Mountain Bikes,Heller,2,1320.99,0.1,2377.782,22
875,05-05-2017,4,Santa Cruz Bikes,Nelle Beck,CA,Electra Moto 1 - 2016,Cruisers Bicycles,Electra,2,529.99,0.05,1006.981,3
875,05-05-2017,4,Santa Cruz Bikes,Nelle Beck,CA,Electra Girl's Hawaii 1 (16-inch) - 2015/2016,Cruisers Bicycles,Electra,1,269.99,0.07,251.0907,8
875,05-05-2017,4,Santa Cruz Bikes,Nelle Beck,CA,Sun Bicycles Drifter 7 - Women's - 2017,Comfort Bicycles,Sun Bicycles,1,470.99,0.2,376.792,11
876,05-05-2017,4,Baldwin Bikes,Dane Mcdaniel,NY,Pure Cycles Vine 8-Speed - 2016,Cruisers Bicycles,Pure Cycles,2,429,0.2,686.4,3
876,05-05-2017,4,Baldwin Bikes,Dane Mcdaniel,NY,Sun Bicycles Revolutions 24 - 2017,Cruisers Bicycles,Sun Bicycles,2,250.99,0.2,401.584,22
876,05-05-2017,4,Baldwin Bikes,Dane Mcdaniel,NY,Electra Moto 3i (20-inch) - Boy's - 2017,Children Bicycles,Electra,1,349.99,0.07,325.4907,22
876,05-05-2017,4,Baldwin Bikes,Dane Mcdaniel,NY,Sun Bicycles Cruz 7 - 2017,Comfort Bicycles,Sun Bicycles,2,416.99,0.05,792.281,29
877,06-05-2017,4,Baldwin Bikes,Debbra Jacobson,NY,Sun Bicycles Brickell Tandem 7 - 2017,Cruisers Bicycles,Sun Bicycles,1,749.99,0.07,697.4907,20
877,06-05-2017,4,Baldwin Bikes,Debbra Jacobson,NY,Sun Bicycles Streamway 3 - 2017,Comfort Bicycles,Sun Bicycles,1,551.99,0.1,496.791,1
878,07-05-2017,4,Santa Cruz Bikes,Moses Pope,CA,Sun Bicycles Streamway 3 - 2017,Comfort Bicycles,Sun Bicycles,1,551.99,0.2,441.592,13
878,07-05-2017,4,Santa Cruz Bikes,Moses Pope,CA,Electra Cruiser 1 (24-Inch) - 2016,Cruisers Bicycles,Electra,1,269.99,0.1,242.991,13
878,07-05-2017,4,Santa Cruz Bikes,Moses Pope,CA,Surly Ice Cream Truck Frameset - 2016,Mountain Bikes,Surly,2,469.99,0.2,751.984,0
878,07-05-2017,4,Santa Cruz Bikes,Moses Pope,CA,Pure Cycles Western 3-Speed - Women's - 2015/2016,Cruisers Bicycles,Pure Cycles,2,449,0.05,853.1,16
879,08-05-2017,4,Baldwin Bikes,Ross Pugh,NY,Electra Townie 3i EQ (20-inch) - Boys' - 2017,Children Bicycles,Electra,2,489.99,0.2,783.984,12
879,08-05-2017,4,Baldwin Bikes,Ross Pugh,NY,Ritchey Timberwolf Frameset - 2016,Mountain Bikes,Ritchey,2,749.99,0.07,1394.9814,16
879,08-05-2017,4,Baldwin Bikes,Ross Pugh,NY,Trek Boy's Kickster - 2015/2017,Children Bicycles,Trek,2,149.99,0.2,239.984,21
879,08-05-2017,4,Baldwin Bikes,Ross Pugh,NY,Electra Amsterdam Original 3i Ladies' - 2017,Cruisers Bicycles,Electra,1,659.99,0.07,613.7907,4
880,08-05-2017,4,Baldwin Bikes,Mercy Brown,NY,Surly Karate Monkey 27.5+ Frameset - 2017,Mountain Bikes,Surly,2,2499.99,0.2,3999.984,25
880,08-05-2017,4,Baldwin Bikes,Mercy Brown,NY,"Electra Girl's Hawaii 1 16"" - 2017",Children Bicycles,Electra,1,299.99,0.1,269.991,10
880,08-05-2017,4,Baldwin Bikes,Mercy Brown,NY,Heller Shagamaw Frame - 2016,Mountain Bikes,Heller,1,1320.99,0.07,1228.5207,1
880,08-05-2017,4,Baldwin Bikes,Mercy Brown,NY,Electra Townie Original 7D EQ - 2016,Comfort Bicycles,Electra,1,599.99,0.1,539.991,2
880,08-05-2017,4,Baldwin Bikes,Mercy Brown,NY,Sun Bicycles Revolutions 24 - 2017,Cruisers Bicycles,Sun Bicycles,1,250.99,0.2,200.792,22
881,08-05-2017,4,Rowlett Bikes,Coleman Boyd,TX,Electra Straight 8 3i (20-inch) - Boy's - 2017,Children Bicycles,Electra,1,489.99,0.07,455.6907,5
881,08-05-2017,4,Rowlett Bikes,Coleman Boyd,TX,Trek Silque SLR 7 Women's - 2017,Road Bikes,Trek,1,5999.99,0.2,4799.992,25
881,08-05-2017,4,Rowlett Bikes,Coleman Boyd,TX,Electra Townie Original 7D - 2017,Cruisers Bicycles,Electra,2,489.99,0.05,930.981,22
881,08-05-2017,4,Rowlett Bikes,Coleman Boyd,TX,Sun Bicycles Revolutions 24 - Girl's - 2017,Cruisers Bicycles,Sun Bicycles,1,250.99,0.1,225.891,6
882,09-05-2017,4,Baldwin Bikes,Edythe Valencia,NY,Trek Boone Race Shop Limited - 2017,Cyclocross Bicycles,Trek,2,3499.99,0.07,6509.9814,5
882,09-05-2017,4,Baldwin Bikes,Edythe Valencia,NY,Sun Bicycles Cruz 3 - Women's - 2017,Comfort Bicycles,Sun Bicycles,2,449.99,0.2,719.984,29
882,09-05-2017,4,Baldwin Bikes,Edythe Valencia,NY,Trek Emonda S 5 - 2017,Road Bikes,Trek,2,1999.99,0.07,3719.9814,27
883,11-05-2017,4,Baldwin Bikes,Sheree Pena,NY,Haro SR 1.1 - 2017,Mountain Bikes,Haro,1,539.99,0.05,512.9905,24
883,11-05-2017,4,Baldwin Bikes,Sheree Pena,NY,Heller Shagamaw Frame - 2016,Mountain Bikes,Heller,2,1320.99,0.05,2509.881,1
884,11-05-2017,4,Baldwin Bikes,Erlinda Humphrey,NY,Trek Domane SL 6 - 2017,Road Bikes,Trek,2,3499.99,0.05,6649.981,4
884,11-05-2017,4,Baldwin Bikes,Erlinda Humphrey,NY,Sun Bicycles Cruz 7 - 2017,Cruisers Bicycles,Sun Bicycles,2,416.99,0.07,775.6014,22
884,11-05-2017,4,Baldwin Bikes,Erlinda Humphrey,NY,Haro SR 1.3 - 2017,Mountain Bikes,Haro,2,1409.99,0.2,2255.984,18
884,11-05-2017,4,Baldwin Bikes,Erlinda Humphrey,NY,Surly Straggler - 2016,Cyclocross Bicycles,Surly,1,1549,0.1,1394.1,13
884,11-05-2017,4,Baldwin Bikes,Erlinda Humphrey,NY,Electra Cruiser 1 (24-Inch) - 2016,Children Bicycles,Electra,2,269.99,0.05,512.981,16
885,13-05-2017,3,Rowlett Bikes,Lorrie Becker,TX,Sun Bicycles Cruz 3 - 2017,Comfort Bicycles,Sun Bicycles,1,449.99,0.07,418.4907,1
885,13-05-2017,3,Rowlett Bikes,Lorrie Becker,TX,Trek Fuel EX 9.8 27.5 Plus - 2017,Mountain Bikes,Trek,1,5299.99,0.1,4769.991,26
886,13-05-2017,4,Santa Cruz Bikes,Delma Bailey,CA,Trek Remedy 9.8 - 2017,Mountain Bikes,Trek,1,5299.99,0.05,5034.9905,21
886,13-05-2017,4,Santa Cruz Bikes,Delma Bailey,CA,Surly Ice Cream Truck Frameset - 2017,Mountain Bikes,Surly,1,999.99,0.05,949.9905,30
887,13-05-2017,4,Baldwin Bikes,Chantell Bridges,NY,Trek Silque SLR 7 Women's - 2017,Road Bikes,Trek,2,5999.99,0.05,11399.981,7
887,13-05-2017,4,Baldwin Bikes,Chantell Bridges,NY,Electra Amsterdam Original 3i - 2015/2017,Cruisers Bicycles,Electra,1,659.99,0.1,593.991,6
888,14-05-2017,4,Baldwin Bikes,Garry Juarez,NY,Surly Wednesday Frameset - 2017,Mountain Bikes,Surly,2,469.99,0.1,845.982,8
888,14-05-2017,4,Baldwin Bikes,Garry Juarez,NY,Electra Townie Original 7D EQ - 2016,Comfort Bicycles,Electra,2,599.99,0.2,959.984,2
889,14-05-2017,4,Rowlett Bikes,Edmund Gaines,TX,Electra Townie Original 21D - 2016,Cruisers Bicycles,Electra,2,549.99,0.1,989.982,30
890,15-05-2017,4,Baldwin Bikes,Miriam Baker,NY,Electra Townie Original 7D EQ - 2016,Cruisers Bicycles,Electra,2,599.99,0.1,1079.982,20
890,15-05-2017,4,Baldwin Bikes,Miriam Baker,NY,Sun Bicycles Streamway 7 - 2017,Comfort Bicycles,Sun Bicycles,2,533.99,0.1,961.182,3
890,15-05-2017,4,Baldwin Bikes,Miriam Baker,NY,Surly Steamroller - 2017,Road Bikes,Surly,1,875.99,0.05,832.1905,23
890,15-05-2017,4,Baldwin Bikes,Miriam Baker,NY,Sun Bicycles Revolutions 24 - Girl's - 2017,Cruisers Bicycles,Sun Bicycles,1,250.99,0.1,225.891,8
890,15-05-2017,4,Baldwin Bikes,Miriam Baker,NY,Sun Bicycles Lil Bolt Type-R - 2017,Cruisers Bicycles,Sun Bicycles,2,346.99,0.1,624.582,16
891,15-05-2017,4,Baldwin Bikes,Aimee Merritt,NY,Sun Bicycles Cruz 7 - 2017,Comfort Bicycles,Sun Bicycles,2,416.99,0.1,750.582,29
891,15-05-2017,4,Baldwin Bikes,Aimee Merritt,NY,Trek Farley Alloy Frameset - 2017,Mountain Bikes,Trek,1,469.99,0.05,446.4905,13
891,15-05-2017,4,Baldwin Bikes,Aimee Merritt,NY,Sun Bicycles Spider 3i - 2017,Mountain Bikes,Sun Bicycles,2,832.99,0.1,1499.382,25
891,15-05-2017,4,Baldwin Bikes,Aimee Merritt,NY,Trek Silque SLR 7 Women's - 2017,Road Bikes,Trek,1,5999.99,0.1,5399.991,7
892,15-05-2017,4,Baldwin Bikes,Laure Pena,NY,Surly Troll Frameset - 2017,Mountain Bikes,Surly,1,832.99,0.1,749.691,15
892,15-05-2017,4,Baldwin Bikes,Laure Pena,NY,Trek Conduit+ - 2016,Electric Bikes,Trek,2,2999.99,0.2,4799.984,17
892,15-05-2017,4,Baldwin Bikes,Laure Pena,NY,Trek Silque SLR 7 Women's - 2017,Road Bikes,Trek,2,5999.99,0.07,11159.9814,7
892,15-05-2017,4,Baldwin Bikes,Laure Pena,NY,Trek Precaliber 12 Girls - 2017,Children Bicycles,Trek,1,189.99,0.05,180.4905,8
893,16-05-2017,4,Baldwin Bikes,Sally Kinney,NY,Sun Bicycles Revolutions 24 - Girl's - 2017,Cruisers Bicycles,Sun Bicycles,2,250.99,0.05,476.881,8
893,16-05-2017,4,Baldwin Bikes,Sally Kinney,NY,Haro SR 1.2 - 2017,Mountain Bikes,Haro,1,869.99,0.07,809.0907,13
894,16-05-2017,4,Baldwin Bikes,Obdulia Barber,NY,Electra Townie 7D (20-inch) - Boys' - 2017,Children Bicycles,Electra,2,339.99,0.2,543.984,4
895,18-05-2017,4,Baldwin Bikes,Inga Koch,NY,Sun Bicycles Cruz 3 - 2017,Comfort Bicycles,Sun Bicycles,1,449.99,0.07,418.4907,7
896,19-05-2017,4,Rowlett Bikes,Elanor Patrick,TX,Trek Precaliber 24 (21-Speed) - Girls - 2017,Children Bicycles,Trek,2,349.99,0.05,664.981,8
896,19-05-2017,4,Rowlett Bikes,Elanor Patrick,TX,Surly Straggler - 2016,Cyclocross Bicycles,Surly,1,1549,0.05,1471.55,21
897,20-05-2017,4,Santa Cruz Bikes,Bridgette Guerra,CA,Sun Bicycles Streamway 7 - 2017,Comfort Bicycles,Sun Bicycles,1,533.99,0.05,507.2905,7
897,20-05-2017,4,Santa Cruz Bikes,Bridgette Guerra,CA,Electra Moto 3i (20-inch) - Boy's - 2017,Children Bicycles,Electra,1,349.99,0.05,332.4905,20
898,20-05-2017,4,Baldwin Bikes,Josef Greer,NY,Haro SR 1.2 - 2017,Mountain Bikes,Haro,2,869.99,0.2,1391.984,13
898,20-05-2017,4,Baldwin Bikes,Josef Greer,NY,Electra Townie Original 7D EQ - 2016,Cruisers Bicycles,Electra,1,599.99,0.07,557.9907,20
898,20-05-2017,4,Baldwin Bikes,Josef Greer,NY,Trek Emonda S 5 - 2017,Road Bikes,Trek,2,1999.99,0.2,3199.984,27
898,20-05-2017,4,Baldwin Bikes,Josef Greer,NY,Sun Bicycles Cruz 7 - 2017,Cruisers Bicycles,Sun Bicycles,2,416.99,0.07,775.6014,22
899,20-05-2017,4,Baldwin Bikes,Renita Henry,NY,Trek Domane S 5 Disc - 2017,Road Bikes,Trek,2,2599.99,0.1,4679.982,17
899,20-05-2017,4,Baldwin Bikes,Renita Henry,NY,Pure Cycles Vine 8-Speed - 2016,Cruisers Bicycles,Pure Cycles,1,429,0.1,386.1,3
899,20-05-2017,4,Baldwin Bikes,Renita Henry,NY,Surly Ice Cream Truck Frameset - 2016,Mountain Bikes,Surly,1,469.99,0.2,375.992,11
900,20-05-2017,4,Baldwin Bikes,Samual Warner,NY,Electra Townie Original 7D EQ - 2016,Comfort Bicycles,Electra,2,599.99,0.05,1139.981,2
900,20-05-2017,4,Baldwin Bikes,Samual Warner,NY,Sun Bicycles Cruz 3 - Women's - 2017,Comfort Bicycles,Sun Bicycles,1,449.99,0.07,418.4907,29
900,20-05-2017,4,Baldwin Bikes,Samual Warner,NY,Trek Precaliber 16 Boys - 2017,Children Bicycles,Trek,1,209.99,0.2,167.992,8
900,20-05-2017,4,Baldwin Bikes,Samual Warner,NY,Trek Powerfly 8 FS Plus - 2017,Electric Bikes,Trek,2,4999.99,0.05,9499.981,20
900,20-05-2017,4,Baldwin Bikes,Samual Warner,NY,Surly Karate Monkey 27.5+ Frameset - 2017,Mountain Bikes,Surly,2,2499.99,0.07,4649.9814,25
901,21-05-2017,4,Baldwin Bikes,Mi Gray,NY,Trek Silque SLR 7 Women's - 2017,Road Bikes,Trek,1,5999.99,0.2,4799.992,7
901,21-05-2017,4,Baldwin Bikes,Mi Gray,NY,Trek Fuel EX 9.8 27.5 Plus - 2017,Mountain Bikes,Trek,1,5299.99,0.07,4928.9907,2
902,21-05-2017,4,Baldwin Bikes,Loan Graham,NY,Haro Flightline Two 26 Plus - 2017,Mountain Bikes,Haro,2,549.99,0.07,1022.9814,18
902,21-05-2017,4,Baldwin Bikes,Loan Graham,NY,Haro Shredder 20 - 2017,Children Bicycles,Haro,1,209.99,0.07,195.2907,22
902,21-05-2017,4,Baldwin Bikes,Loan Graham,NY,Electra Townie Original 21D - 2016,Cruisers Bicycles,Electra,1,549.99,0.2,439.992,2
902,21-05-2017,4,Baldwin Bikes,Loan Graham,NY,"Electra Girl's Hawaii 1 16"" - 2017",Cruisers Bicycles,Electra,2,299.99,0.05,569.981,20
903,22-05-2017,4,Baldwin Bikes,Deane Sears,NY,Surly Wednesday - 2017,Mountain Bikes,Surly,2,1632.99,0.07,3037.3614,10
903,22-05-2017,4,Baldwin Bikes,Deane Sears,NY,Trek Emonda S 4 - 2017,Road Bikes,Trek,2,1499.99,0.05,2849.981,20
904,23-05-2017,4,Santa Cruz Bikes,Lorraine Marks,CA,Surly Troll Frameset - 2017,Mountain Bikes,Surly,2,832.99,0.1,1499.382,26
904,23-05-2017,4,Santa Cruz Bikes,Lorraine Marks,CA,Trek Silque SLR 8 Women's - 2017,Road Bikes,Trek,2,6499.99,0.07,12089.9814,2
904,23-05-2017,4,Santa Cruz Bikes,Lorraine Marks,CA,Haro Shredder 20 - 2017,Children Bicycles,Haro,2,209.99,0.2,335.984,0
904,23-05-2017,4,Santa Cruz Bikes,Lorraine Marks,CA,Electra Cruiser 1 (24-Inch) - 2016,Cruisers Bicycles,Electra,1,269.99,0.2,215.992,13
905,23-05-2017,4,Baldwin Bikes,Eliana Reese,NY,Sun Bicycles Revolutions 24 - Girl's - 2017,Cruisers Bicycles,Sun Bicycles,1,250.99,0.1,225.891,8
905,23-05-2017,4,Baldwin Bikes,Eliana Reese,NY,Trek Boone 7 - 2017,Cyclocross Bicycles,Trek,2,3499.99,0.05,6649.981,4
905,23-05-2017,4,Baldwin Bikes,Eliana Reese,NY,Trek Fuel EX 5 27.5 Plus - 2017,Mountain Bikes,Trek,2,2299.99,0.2,3679.984,16
905,23-05-2017,4,Baldwin Bikes,Eliana Reese,NY,Electra Townie Original 7D EQ - Women's - 2016,Cruisers Bicycles,Electra,1,599.99,0.2,479.992,20
906,23-05-2017,4,Baldwin Bikes,Janine Manning,NY,Electra Girl's Hawaii 1 (20-inch) - 2015/2016,Children Bicycles,Electra,2,299.99,0.2,479.984,12
906,23-05-2017,4,Baldwin Bikes,Janine Manning,NY,Surly Karate Monkey 27.5+ Frameset - 2017,Mountain Bikes,Surly,2,2499.99,0.07,4649.9814,25
906,23-05-2017,4,Baldwin Bikes,Janine Manning,NY,Haro SR 1.3 - 2017,Mountain Bikes,Haro,1,1409.99,0.05,1339.4905,18
906,23-05-2017,4,Baldwin Bikes,Janine Manning,NY,Electra Townie Original 7D - 2017,Comfort Bicycles,Electra,2,489.99,0.1,881.982,12
906,23-05-2017,4,Baldwin Bikes,Janine Manning,NY,Electra Girl's Hawaii 1 (16-inch) - 2015/2016,Children Bicycles,Electra,2,269.99,0.2,431.984,0
907,24-05-2017,4,Santa Cruz Bikes,Luz House,CA,Sun Bicycles Lil Kitt'n - 2017,Children Bicycles,Sun Bicycles,2,109.99,0.07,204.5814,11
907,24-05-2017,4,Santa Cruz Bikes,Luz House,CA,Sun Bicycles Lil Bolt Type-R - 2017,Cruisers Bicycles,Sun Bicycles,1,346.99,0.07,322.7007,10
908,25-05-2017,4,Baldwin Bikes,Kerrie Morton,NY,Haro Shift R3 - 2017,Mountain Bikes,Haro,1,1469.99,0.2,1175.992,6
908,25-05-2017,4,Baldwin Bikes,Kerrie Morton,NY,Haro Shredder Pro 20 - 2017,Children Bicycles,Haro,1,249.99,0.1,224.991,2
908,25-05-2017,4,Baldwin Bikes,Kerrie Morton,NY,Electra Townie Original 7D - 2017,Comfort Bicycles,Electra,2,489.99,0.1,881.982,12
909,26-05-2017,4,Santa Cruz Bikes,Sharla Flynn,CA,Heller Shagamaw Frame - 2016,Mountain Bikes,Heller,1,1320.99,0.2,1056.792,22
910,26-05-2017,4,Baldwin Bikes,Cassondra Pruitt,NY,Electra Girl's Hawaii 1 (20-inch) - 2015/2016,Children Bicycles,Electra,1,299.99,0.1,269.991,12
911,26-05-2017,4,Baldwin Bikes,Graig Cannon,NY,Sun Bicycles Revolutions 24 - 2017,Cruisers Bicycles,Sun Bicycles,2,250.99,0.05,476.881,22
911,26-05-2017,4,Baldwin Bikes,Graig Cannon,NY,Sun Bicycles Cruz 3 - 2017,Comfort Bicycles,Sun Bicycles,1,449.99,0.05,427.4905,7
911,26-05-2017,4,Baldwin Bikes,Graig Cannon,NY,Trek Precaliber 24 (21-Speed) - Girls - 2017,Children Bicycles,Trek,2,349.99,0.05,664.981,0
911,26-05-2017,4,Baldwin Bikes,Graig Cannon,NY,Trek Domane SL 6 - 2017,Road Bikes,Trek,1,3499.99,0.2,2799.992,4
912,27-05-2017,4,Santa Cruz Bikes,Rudolf Gilliam,CA,Electra Girl's Hawaii 1 (16-inch) - 2015/2016,Children Bicycles,Electra,2,269.99,0.2,431.984,29
912,27-05-2017,4,Santa Cruz Bikes,Rudolf Gilliam,CA,Sun Bicycles Atlas X-Type - 2017,Cruisers Bicycles,Sun Bicycles,2,416.99,0.05,792.281,25
912,27-05-2017,4,Santa Cruz Bikes,Rudolf Gilliam,CA,Electra Townie 7D (20-inch) - Boys' - 2017,Children Bicycles,Electra,1,339.99,0.05,322.9905,17
912,27-05-2017,4,Santa Cruz Bikes,Rudolf Gilliam,CA,Ritchey Timberwolf Frameset - 2016,Mountain Bikes,Ritchey,2,749.99,0.2,1199.984,5
913,27-05-2017,4,Baldwin Bikes,Zella Fernandez,NY,Trek Precaliber 16 Girls - 2017,Children Bicycles,Trek,2,209.99,0.1,377.982,26
913,27-05-2017,4,Baldwin Bikes,Zella Fernandez,NY,Electra Townie Original 21D - 2016,Comfort Bicycles,Electra,2,549.99,0.05,1044.981,16
914,28-05-2017,4,Santa Cruz Bikes,Doris Kaufman,CA,Haro Flightline Two 26 Plus - 2017,Mountain Bikes,Haro,1,549.99,0.07,511.4907,13
914,28-05-2017,4,Santa Cruz Bikes,Doris Kaufman,CA,Electra Townie Original 7D EQ - Women's - 2016,Cruisers Bicycles,Electra,2,599.99,0.2,959.984,26
914,28-05-2017,4,Santa Cruz Bikes,Doris Kaufman,CA,Sun Bicycles Cruz 3 - 2017,Comfort Bicycles,Sun Bicycles,1,449.99,0.05,427.4905,30
914,28-05-2017,4,Santa Cruz Bikes,Doris Kaufman,CA,Haro SR 1.3 - 2017,Mountain Bikes,Haro,1,1409.99,0.1,1268.991,19
915,28-05-2017,4,Baldwin Bikes,Judith Finley,NY,Electra Townie Original 7D - 2017,Cruisers Bicycles,Electra,1,489.99,0.05,465.4905,30
915,28-05-2017,4,Baldwin Bikes,Judith Finley,NY,Trek Emonda S 4 - 2017,Road Bikes,Trek,1,1499.99,0.07,1394.9907,20
915,28-05-2017,4,Baldwin Bikes,Judith Finley,NY,Trek Fuel EX 5 27.5 Plus - 2017,Mountain Bikes,Trek,1,2299.99,0.2,1839.992,16
915,28-05-2017,4,Baldwin Bikes,Judith Finley,NY,Ritchey Timberwolf Frameset - 2016,Mountain Bikes,Ritchey,1,749.99,0.07,697.4907,16
916,28-05-2017,4,Baldwin Bikes,Luciana Mcgee,NY,Haro Shredder 20 - 2017,Children Bicycles,Haro,1,209.99,0.2,167.992,22
917,29-05-2017,4,Santa Cruz Bikes,Chloe Patel,CA,Haro Shift R3 - 2017,Mountain Bikes,Haro,1,1469.99,0.07,1367.0907,10
918,30-05-2017,4,Santa Cruz Bikes,Rutha Howell,CA,Trek Precaliber 24 (21-Speed) - Girls - 2017,Children Bicycles,Trek,1,349.99,0.2,279.992,8
918,30-05-2017,4,Santa Cruz Bikes,Rutha Howell,CA,Surly Wednesday - 2017,Mountain Bikes,Surly,1,1632.99,0.1,1469.691,2
918,30-05-2017,4,Santa Cruz Bikes,Rutha Howell,CA,Trek Fuel EX 8 29 - 2016,Mountain Bikes,Trek,2,2899.99,0.07,5393.9814,23
919,30-05-2017,4,Baldwin Bikes,Tajuana Riddle,NY,Trek Slash 8 27.5 - 2016,Mountain Bikes,Trek,1,3999.99,0.07,3719.9907,8
919,30-05-2017,4,Baldwin Bikes,Tajuana Riddle,NY,Haro SR 1.1 - 2017,Mountain Bikes,Haro,1,539.99,0.1,485.991,24
920,30-05-2017,4,Baldwin Bikes,Novella Patel,NY,"Electra Girl's Hawaii 1 16"" - 2017",Cruisers Bicycles,Electra,1,299.99,0.05,284.9905,20
920,30-05-2017,4,Baldwin Bikes,Novella Patel,NY,Trek Stache 5 - 2017,Mountain Bikes,Trek,2,1499.99,0.07,2789.9814,28
920,30-05-2017,4,Baldwin Bikes,Novella Patel,NY,Sun Bicycles Biscayne Tandem CB - 2017,Cruisers Bicycles,Sun Bicycles,1,647.99,0.05,615.5905,4
920,30-05-2017,4,Baldwin Bikes,Novella Patel,NY,Sun Bicycles Brickell Tandem CB - 2017,Cruisers Bicycles,Sun Bicycles,2,761.99,0.07,1417.3014,27
921,31-05-2017,4,Baldwin Bikes,Ehtel Cobb,NY,Electra Glam Punk 3i Ladies' - 2017,Cruisers Bicycles,Electra,1,799.99,0.2,639.992,25
921,31-05-2017,4,Baldwin Bikes,Ehtel Cobb,NY,Electra Cruiser Lux Fat Tire 1 Ladies - 2017,Cruisers Bicycles,Electra,2,599.99,0.07,1115.9814,11
921,31-05-2017,4,Baldwin Bikes,Ehtel Cobb,NY,Trek Emonda S 4 - 2017,Road Bikes,Trek,1,1499.99,0.1,1349.991,20
922,31-05-2017,4,Baldwin Bikes,Romana Barnes,NY,Sun Bicycles Cruz 3 - 2017,Cruisers Bicycles,Sun Bicycles,1,449.99,0.2,359.992,23
922,31-05-2017,4,Baldwin Bikes,Romana Barnes,NY,Sun Bicycles Brickell Tandem 7 - 2017,Cruisers Bicycles,Sun Bicycles,1,749.99,0.2,599.992,20
922,31-05-2017,4,Baldwin Bikes,Romana Barnes,NY,Trek Girl's Kickster - 2017,Children Bicycles,Trek,1,149.99,0.1,134.991,24
923,31-05-2017,4,Baldwin Bikes,Agatha Melton,NY,Electra Cruiser Lux 1 - 2017,Cruisers Bicycles,Electra,2,439.99,0.05,835.981,23
923,31-05-2017,4,Baldwin Bikes,Agatha Melton,NY,Surly Ice Cream Truck Frameset - 2016,Mountain Bikes,Surly,1,469.99,0.1,422.991,11
924,02-06-2017,3,Rowlett Bikes,Jayne Kirkland,TX,Electra Savannah 3i (20-inch) - Girl's - 2017,Children Bicycles,Electra,2,349.99,0.2,559.984,28
924,02-06-2017,3,Rowlett Bikes,Jayne Kirkland,TX,Surly Troll Frameset - 2017,Mountain Bikes,Surly,1,832.99,0.2,666.392,28
925,02-06-2017,4,Baldwin Bikes,Conrad Mueller,NY,Electra Savannah 3i (20-inch) - Girl's - 2017,Children Bicycles,Electra,1,349.99,0.07,325.4907,15
925,02-06-2017,4,Baldwin Bikes,Conrad Mueller,NY,Trek Boone 7 - 2017,Cyclocross Bicycles,Trek,2,3499.99,0.2,5599.984,4
926,03-06-2017,4,Santa Cruz Bikes,Mariana Strong,CA,Haro Flightline One ST - 2017,Mountain Bikes,Haro,2,379.99,0.2,607.984,12
927,03-06-2017,4,Santa Cruz Bikes,Lee Dunn,CA,Electra Cruiser Lux 1 - 2017,Cruisers Bicycles,Electra,2,439.99,0.1,791.982,9
927,03-06-2017,4,Santa Cruz Bikes,Lee Dunn,CA,Electra Townie Original 7D EQ - 2016,Cruisers Bicycles,Electra,2,599.99,0.2,959.984,4
927,03-06-2017,4,Santa Cruz Bikes,Lee Dunn,CA,Trek Silque SLR 7 Women's - 2017,Road Bikes,Trek,1,5999.99,0.1,5399.991,29
927,03-06-2017,4,Santa Cruz Bikes,Lee Dunn,CA,Surly Wednesday Frameset - 2016,Mountain Bikes,Surly,1,999.99,0.1,899.991,6
927,03-06-2017,4,Santa Cruz Bikes,Lee Dunn,CA,Trek Fuel EX 9.8 27.5 Plus - 2017,Mountain Bikes,Trek,1,5299.99,0.07,4928.9907,2
928,05-06-2017,4,Santa Cruz Bikes,Stephen Vega,CA,Sun Bicycles Atlas X-Type - 2017,Cruisers Bicycles,Sun Bicycles,2,416.99,0.05,792.281,25
928,05-06-2017,4,Santa Cruz Bikes,Stephen Vega,CA,Trek Boy's Kickster - 2015/2017,Children Bicycles,Trek,1,149.99,0.2,119.992,13
929,05-06-2017,4,Baldwin Bikes,Myron Ruiz,NY,Electra Amsterdam Original 3i Ladies' - 2017,Cruisers Bicycles,Electra,1,659.99,0.2,527.992,4
929,05-06-2017,4,Baldwin Bikes,Myron Ruiz,NY,Trek Boone Race Shop Limited - 2017,Cyclocross Bicycles,Trek,2,3499.99,0.1,6299.982,5
929,05-06-2017,4,Baldwin Bikes,Myron Ruiz,NY,Electra Townie Original 21D - 2016,Comfort Bicycles,Electra,1,549.99,0.05,522.4905,16
930,05-06-2017,4,Rowlett Bikes,Abram Copeland,TX,Trek Domane SLR 6 Disc - 2017,Road Bikes,Trek,2,5499.99,0.07,10229.9814,19
930,05-06-2017,4,Rowlett Bikes,Abram Copeland,TX,Electra Amsterdam Original 3i Ladies' - 2017,Cruisers Bicycles,Electra,1,659.99,0.07,613.7907,7
930,05-06-2017,4,Rowlett Bikes,Abram Copeland,TX,Sun Bicycles ElectroLite - 2017,Electric Bikes,Sun Bicycles,1,1559.99,0.1,1403.991,7
930,05-06-2017,4,Rowlett Bikes,Abram Copeland,TX,Sun Bicycles Lil Bolt Type-R - 2017,Cruisers Bicycles,Sun Bicycles,2,346.99,0.05,659.281,1
930,05-06-2017,4,Rowlett Bikes,Abram Copeland,TX,Trek Silque SLR 8 Women's - 2017,Road Bikes,Trek,2,6499.99,0.1,11699.982,2
931,07-06-2017,4,Baldwin Bikes,Tressa Weiss,NY,Trek Domane SL 6 - 2017,Road Bikes,Trek,2,3499.99,0.07,6509.9814,4
931,07-06-2017,4,Baldwin Bikes,Tressa Weiss,NY,"Electra Girl's Hawaii 1 16"" - 2017",Cruisers Bicycles,Electra,1,299.99,0.2,239.992,20
932,07-06-2017,4,Baldwin Bikes,Douglas Richards,NY,Electra Cruiser Lux 1 - 2017,Cruisers Bicycles,Electra,1,439.99,0.05,417.9905,23
933,07-06-2017,4,Baldwin Bikes,Alita Salinas,NY,Electra Glam Punk 3i Ladies' - 2017,Cruisers Bicycles,Electra,1,799.99,0.07,743.9907,25
933,07-06-2017,4,Baldwin Bikes,Alita Salinas,NY,Electra Cruiser 1 (24-Inch) - 2016,Children Bicycles,Electra,1,269.99,0.2,215.992,16
933,07-06-2017,4,Baldwin Bikes,Alita Salinas,NY,Electra Cruiser Lux Fat Tire 1 Ladies - 2017,Cruisers Bicycles,Electra,2,599.99,0.05,1139.981,11
934,09-06-2017,4,Baldwin Bikes,Corrina Sawyer,NY,Sun Bicycles Spider 3i - 2017,Mountain Bikes,Sun Bicycles,2,832.99,0.05,1582.681,25
934,09-06-2017,4,Baldwin Bikes,Corrina Sawyer,NY,Trek Emonda S 4 - 2017,Road Bikes,Trek,1,1499.99,0.05,1424.9905,20
934,09-06-2017,4,Baldwin Bikes,Corrina Sawyer,NY,Pure Cycles Western 3-Speed - Women's - 2015/2016,Cruisers Bicycles,Pure Cycles,1,449,0.1,404.1,13
934,09-06-2017,4,Baldwin Bikes,Corrina Sawyer,NY,Trek Powerfly 8 FS Plus - 2017,Electric Bikes,Trek,1,4999.99,0.07,4649.9907,20
934,09-06-2017,4,Baldwin Bikes,Corrina Sawyer,NY,Trek Domane SLR 6 Disc - 2017,Road Bikes,Trek,2,5499.99,0.2,8799.984,20
935,10-06-2017,3,Rowlett Bikes,Mozelle Carter,TX,Sun Bicycles Lil Bolt Type-R - 2017,Cruisers Bicycles,Sun Bicycles,2,346.99,0.2,555.184,1
935,10-06-2017,3,Rowlett Bikes,Mozelle Carter,TX,"Electra Girl's Hawaii 1 16"" - 2017",Cruisers Bicycles,Electra,2,299.99,0.07,557.9814,23
935,10-06-2017,3,Rowlett Bikes,Mozelle Carter,TX,Surly Ice Cream Truck Frameset - 2016,Mountain Bikes,Surly,1,469.99,0.07,437.0907,27
935,10-06-2017,3,Rowlett Bikes,Mozelle Carter,TX,Haro Flightline Two 26 Plus - 2017,Mountain Bikes,Haro,1,549.99,0.07,511.4907,23
936,10-06-2017,4,Baldwin Bikes,Mellisa Farley,NY,Electra Amsterdam Original 3i - 2015/2017,Cruisers Bicycles,Electra,1,659.99,0.1,593.991,6
936,10-06-2017,4,Baldwin Bikes,Mellisa Farley,NY,Haro SR 1.1 - 2017,Mountain Bikes,Haro,1,539.99,0.07,502.1907,24
937,11-06-2017,4,Baldwin Bikes,Melanie Hayes,NY,Sun Bicycles Cruz 3 - Women's - 2017,Comfort Bicycles,Sun Bicycles,2,449.99,0.1,809.982,29
937,11-06-2017,4,Baldwin Bikes,Melanie Hayes,NY,Trek Silque SLR 8 Women's - 2017,Road Bikes,Trek,2,6499.99,0.07,12089.9814,8
937,11-06-2017,4,Baldwin Bikes,Melanie Hayes,NY,Trek Madone 9.2 - 2017,Road Bikes,Trek,2,4999.99,0.07,9299.9814,15
937,11-06-2017,4,Baldwin Bikes,Melanie Hayes,NY,Surly Karate Monkey 27.5+ Frameset - 2017,Mountain Bikes,Surly,2,2499.99,0.07,4649.9814,25
937,11-06-2017,4,Baldwin Bikes,Melanie Hayes,NY,Sun Bicycles Revolutions 24 - 2017,Cruisers Bicycles,Sun Bicycles,1,250.99,0.2,200.792,22
938,11-06-2017,4,Baldwin Bikes,Walton Dejesus,NY,Trek Fuel EX 8 29 - 2016,Mountain Bikes,Trek,1,2899.99,0.05,2754.9905,2
938,11-06-2017,4,Baldwin Bikes,Walton Dejesus,NY,Electra Cruiser 1 (24-Inch) - 2016,Cruisers Bicycles,Electra,1,269.99,0.05,256.4905,1
939,11-06-2017,4,Baldwin Bikes,Hugh Craft,NY,Heller Shagamaw Frame - 2016,Mountain Bikes,Heller,1,1320.99,0.1,1188.891,1
939,11-06-2017,4,Baldwin Bikes,Hugh Craft,NY,Sun Bicycles Cruz 7 - 2017,Comfort Bicycles,Sun Bicycles,2,416.99,0.2,667.184,29
940,12-06-2017,4,Santa Cruz Bikes,Chasidy Webster,CA,Electra Cruiser Lux Fat Tire 1 Ladies - 2017,Cruisers Bicycles,Electra,2,599.99,0.2,959.984,23
941,12-06-2017,4,Santa Cruz Bikes,Genny Hensley,CA,Electra Townie Original 7D - 2015/2016,Comfort Bicycles,Electra,1,499.99,0.1,449.991,10
941,12-06-2017,4,Santa Cruz Bikes,Genny Hensley,CA,Electra Townie Original 7D - 2017,Comfort Bicycles,Electra,2,489.99,0.05,930.981,9
941,12-06-2017,4,Santa Cruz Bikes,Genny Hensley,CA,Surly Straggler 650b - 2016,Cyclocross Bicycles,Surly,2,1680.99,0.07,3126.6414,8
942,13-06-2017,4,Baldwin Bikes,Carter Bentley,NY,Electra Straight 8 3i (20-inch) - Boy's - 2017,Children Bicycles,Electra,2,489.99,0.05,930.981,14
942,13-06-2017,4,Baldwin Bikes,Carter Bentley,NY,Sun Bicycles Drifter 7 - 2017,Comfort Bicycles,Sun Bicycles,2,470.99,0.1,847.782,7
942,13-06-2017,4,Baldwin Bikes,Carter Bentley,NY,Sun Bicycles Spider 3i - 2017,Mountain Bikes,Sun Bicycles,2,832.99,0.07,1549.3614,25
942,13-06-2017,4,Baldwin Bikes,Carter Bentley,NY,Sun Bicycles Streamway 3 - 2017,Comfort Bicycles,Sun Bicycles,1,551.99,0.05,524.3905,1
942,13-06-2017,4,Baldwin Bikes,Carter Bentley,NY,Electra Townie 3i EQ (20-inch) - Boys' - 2017,Children Bicycles,Electra,1,489.99,0.05,465.4905,12
943,13-06-2017,4,Baldwin Bikes,Daphine Willis,NY,Electra Townie Original 7D - 2015/2016,Comfort Bicycles,Electra,1,499.99,0.2,399.992,18
943,13-06-2017,4,Baldwin Bikes,Daphine Willis,NY,Electra Amsterdam Original 3i Ladies' - 2017,Cruisers Bicycles,Electra,1,659.99,0.2,527.992,4
944,14-06-2017,4,Santa Cruz Bikes,Jone Bernard,CA,Trek X-Caliber 8 - 2017,Mountain Bikes,Trek,2,999.99,0.07,1859.9814,13
944,14-06-2017,4,Santa Cruz Bikes,Jone Bernard,CA,Electra Townie Original 7D EQ - 2016,Cruisers Bicycles,Electra,2,599.99,0.1,1079.982,4
944,14-06-2017,4,Santa Cruz Bikes,Jone Bernard,CA,Electra Amsterdam Original 3i - 2015/2017,Cruisers Bicycles,Electra,2,659.99,0.2,1055.984,3
944,14-06-2017,4,Santa Cruz Bikes,Jone Bernard,CA,Haro Downtown 16 - 2017,Children Bicycles,Haro,2,329.99,0.2,527.984,23
944,14-06-2017,4,Santa Cruz Bikes,Jone Bernard,CA,Sun Bicycles Cruz 7 - 2017,Cruisers Bicycles,Sun Bicycles,2,416.99,0.07,775.6014,4
945,14-06-2017,4,Baldwin Bikes,Loreta Johnston,NY,Sun Bicycles Streamway 7 - 2017,Comfort Bicycles,Sun Bicycles,1,533.99,0.05,507.2905,3
945,14-06-2017,4,Baldwin Bikes,Loreta Johnston,NY,Haro Shredder Pro 20 - 2017,Children Bicycles,Haro,2,249.99,0.2,399.984,2
945,14-06-2017,4,Baldwin Bikes,Loreta Johnston,NY,Trek Session DH 27.5 Carbon Frameset - 2017,Mountain Bikes,Trek,2,469.99,0.05,892.981,24
945,14-06-2017,4,Baldwin Bikes,Loreta Johnston,NY,Haro SR 1.1 - 2017,Mountain Bikes,Haro,2,539.99,0.1,971.982,24
945,14-06-2017,4,Baldwin Bikes,Loreta Johnston,NY,Trek Silque SLR 7 Women's - 2017,Road Bikes,Trek,2,5999.99,0.05,11399.981,7
946,14-06-2017,4,Baldwin Bikes,Andreas Mayer,NY,Trek Slash 8 27.5 - 2016,Mountain Bikes,Trek,1,3999.99,0.1,3599.991,8
946,14-06-2017,4,Baldwin Bikes,Andreas Mayer,NY,Haro Downtown 16 - 2017,Children Bicycles,Haro,2,329.99,0.2,527.984,6
946,14-06-2017,4,Baldwin Bikes,Andreas Mayer,NY,Trek Boone 7 - 2017,Cyclocross Bicycles,Trek,1,3499.99,0.05,3324.9905,4
946,14-06-2017,4,Baldwin Bikes,Andreas Mayer,NY,Electra Girl's Hawaii 1 (16-inch) - 2015/2016,Children Bicycles,Electra,2,269.99,0.2,431.984,0
946,14-06-2017,4,Baldwin Bikes,Andreas Mayer,NY,Trek Domane SLR 6 Disc - 2017,Road Bikes,Trek,2,5499.99,0.07,10229.9814,20
947,15-06-2017,4,Santa Cruz Bikes,Myesha Burgess,CA,Trek Farley Alloy Frameset - 2017,Mountain Bikes,Trek,1,469.99,0.05,446.4905,0
947,15-06-2017,4,Santa Cruz Bikes,Myesha Burgess,CA,Trek Fuel EX 5 27.5 Plus - 2017,Mountain Bikes,Trek,2,2299.99,0.07,4277.9814,0
947,15-06-2017,4,Santa Cruz Bikes,Myesha Burgess,CA,Haro SR 1.1 - 2017,Mountain Bikes,Haro,1,539.99,0.07,502.1907,1
948,15-06-2017,4,Baldwin Bikes,Skye Pope,NY,Electra Girl's Hawaii 1 (20-inch) - 2015/2016,Children Bicycles,Electra,2,299.99,0.2,479.984,12
948,15-06-2017,4,Baldwin Bikes,Skye Pope,NY,Electra Townie Original 7D EQ - Women's - 2016,Cruisers Bicycles,Electra,2,599.99,0.1,1079.982,20
948,15-06-2017,4,Baldwin Bikes,Skye Pope,NY,Electra Townie 7D (20-inch) - Boys' - 2017,Children Bicycles,Electra,1,339.99,0.2,271.992,4
948,15-06-2017,4,Baldwin Bikes,Skye Pope,NY,Haro Shredder 20 - 2017,Children Bicycles,Haro,2,209.99,0.2,335.984,22
948,15-06-2017,4,Baldwin Bikes,Skye Pope,NY,Sun Bicycles Biscayne Tandem 7 - 2017,Cruisers Bicycles,Sun Bicycles,2,619.99,0.2,991.984,1
949,16-06-2017,4,Santa Cruz Bikes,Rosalva Hamilton,CA,Trek Conduit+ - 2016,Electric Bikes,Trek,2,2999.99,0.1,5399.982,11
949,16-06-2017,4,Santa Cruz Bikes,Rosalva Hamilton,CA,Trek Domane S 6 - 2017,Road Bikes,Trek,2,2699.99,0.05,5129.981,11
950,16-06-2017,4,Baldwin Bikes,Nicholas Vazquez,NY,Trek Domane SLR 6 Disc - 2017,Road Bikes,Trek,1,5499.99,0.05,5224.9905,20
951,16-06-2017,4,Baldwin Bikes,Tamela Harrell,NY,Trek Domane S 5 Disc - 2017,Road Bikes,Trek,1,2599.99,0.1,2339.991,17
951,16-06-2017,4,Baldwin Bikes,Tamela Harrell,NY,Trek Fuel EX 9.8 27.5 Plus - 2017,Mountain Bikes,Trek,2,5299.99,0.1,9539.982,2
951,16-06-2017,4,Baldwin Bikes,Tamela Harrell,NY,Trek Boone 7 - 2017,Cyclocross Bicycles,Trek,2,3499.99,0.2,5599.984,4
952,16-06-2017,4,Baldwin Bikes,Arvilla Weiss,NY,Electra Townie Original 7D EQ - Women's - 2016,Cruisers Bicycles,Electra,2,599.99,0.07,1115.9814,20
952,16-06-2017,4,Baldwin Bikes,Arvilla Weiss,NY,Trek Emonda S 5 - 2017,Road Bikes,Trek,1,1999.99,0.05,1899.9905,27
953,16-06-2017,4,Baldwin Bikes,Nicki Larson,NY,Electra Girl's Hawaii 1 (20-inch) - 2015/2016,Children Bicycles,Electra,2,299.99,0.07,557.9814,12
954,17-06-2017,4,Baldwin Bikes,Ashleigh Frank,NY,Trek Fuel EX 8 29 - 2016,Mountain Bikes,Trek,2,2899.99,0.1,5219.982,2
955,17-06-2017,4,Baldwin Bikes,Phebe Turner,NY,Trek Fuel EX 9.8 27.5 Plus - 2017,Mountain Bikes,Trek,1,5299.99,0.1,4769.991,2
955,17-06-2017,4,Baldwin Bikes,Phebe Turner,NY,Surly Wednesday - 2017,Mountain Bikes,Surly,2,1632.99,0.07,3037.3614,10
955,17-06-2017,4,Baldwin Bikes,Phebe Turner,NY,Electra Moto 3i (20-inch) - Boy's - 2017,Children Bicycles,Electra,1,349.99,0.05,332.4905,22
955,17-06-2017,4,Baldwin Bikes,Phebe Turner,NY,Trek Boone Race Shop Limited - 2017,Cyclocross Bicycles,Trek,1,3499.99,0.2,2799.992,5
955,17-06-2017,4,Baldwin Bikes,Phebe Turner,NY,Trek Precaliber 12 Girls - 2017,Children Bicycles,Trek,1,189.99,0.05,180.4905,8
956,17-06-2017,4,Baldwin Bikes,Annabelle Hebert,NY,"Electra Girl's Hawaii 1 16"" - 2017",Cruisers Bicycles,Electra,2,299.99,0.1,539.982,20
956,17-06-2017,4,Baldwin Bikes,Annabelle Hebert,NY,Electra Girl's Hawaii 1 (20-inch) - 2015/2016,Children Bicycles,Electra,1,299.99,0.2,239.992,12
956,17-06-2017,4,Baldwin Bikes,Annabelle Hebert,NY,Sun Bicycles Brickell Tandem 7 - 2017,Cruisers Bicycles,Sun Bicycles,2,749.99,0.1,1349.982,20
956,17-06-2017,4,Baldwin Bikes,Annabelle Hebert,NY,Electra Cruiser 1 (24-Inch) - 2016,Cruisers Bicycles,Electra,2,269.99,0.2,431.984,1
956,17-06-2017,4,Baldwin Bikes,Annabelle Hebert,NY,Sun Bicycles Boardwalk (24-inch Wheels) - 2017,Cruisers Bicycles,Sun Bicycles,2,402.99,0.1,725.382,29
957,17-06-2017,4,Rowlett Bikes,Camila Carroll,TX,Sun Bicycles Cruz 3 - Women's - 2017,Comfort Bicycles,Sun Bicycles,2,449.99,0.05,854.981,23
957,17-06-2017,4,Rowlett Bikes,Camila Carroll,TX,Electra Girl's Hawaii 1 (16-inch) - 2015/2016,Cruisers Bicycles,Electra,2,269.99,0.07,502.1814,4
957,17-06-2017,4,Rowlett Bikes,Camila Carroll,TX,Electra Amsterdam Original 3i - 2015/2017,Cruisers Bicycles,Electra,2,659.99,0.05,1253.981,2
957,17-06-2017,4,Rowlett Bikes,Camila Carroll,TX,Sun Bicycles Revolutions 24 - 2017,Cruisers Bicycles,Sun Bicycles,1,250.99,0.07,233.4207,3
957,17-06-2017,4,Rowlett Bikes,Camila Carroll,TX,Sun Bicycles Drifter 7 - Women's - 2017,Comfort Bicycles,Sun Bicycles,1,470.99,0.05,447.4405,29
958,18-06-2017,4,Santa Cruz Bikes,Shona Mcmillan,CA,Trek Silque SLR 8 Women's - 2017,Road Bikes,Trek,1,6499.99,0.1,5849.991,2
958,18-06-2017,4,Santa Cruz Bikes,Shona Mcmillan,CA,"Electra Girl's Hawaii 1 16"" - 2017",Cruisers Bicycles,Electra,1,299.99,0.2,239.992,15
959,18-06-2017,4,Baldwin Bikes,Rita Bailey,NY,Electra Moto 1 - 2016,Cruisers Bicycles,Electra,1,529.99,0.2,423.992,6
959,18-06-2017,4,Baldwin Bikes,Rita Bailey,NY,Sun Bicycles Biscayne Tandem 7 - 2017,Cruisers Bicycles,Sun Bicycles,1,619.99,0.1,557.991,1
959,18-06-2017,4,Baldwin Bikes,Rita Bailey,NY,Haro Shift R3 - 2017,Mountain Bikes,Haro,1,1469.99,0.05,1396.4905,6
959,18-06-2017,4,Baldwin Bikes,Rita Bailey,NY,Sun Bicycles Lil Bolt Type-R - 2017,Cruisers Bicycles,Sun Bicycles,1,346.99,0.07,322.7007,16
960,18-06-2017,4,Baldwin Bikes,Genoveva Lloyd,NY,Sun Bicycles Brickell Tandem 7 - 2017,Cruisers Bicycles,Sun Bicycles,2,749.99,0.05,1424.981,20
960,18-06-2017,4,Baldwin Bikes,Genoveva Lloyd,NY,Surly Steamroller - 2017,Road Bikes,Surly,1,875.99,0.1,788.391,23
960,18-06-2017,4,Baldwin Bikes,Genoveva Lloyd,NY,Trek Emonda S 4 - 2017,Road Bikes,Trek,2,1499.99,0.05,2849.981,20
960,18-06-2017,4,Baldwin Bikes,Genoveva Lloyd,NY,Trek Boy's Kickster - 2015/2017,Children Bicycles,Trek,2,149.99,0.1,269.982,21
961,19-06-2017,4,Santa Cruz Bikes,Lizzie Joyner,CA,Sun Bicycles Streamway 7 - 2017,Comfort Bicycles,Sun Bicycles,1,533.99,0.1,480.591,7
961,19-06-2017,4,Santa Cruz Bikes,Lizzie Joyner,CA,Trek Remedy 9.8 - 2017,Mountain Bikes,Trek,2,5299.99,0.2,8479.984,21
961,19-06-2017,4,Santa Cruz Bikes,Lizzie Joyner,CA,Sun Bicycles Lil Bolt Type-R - 2017,Cruisers Bicycles,Sun Bicycles,2,346.99,0.07,645.4014,10
962,19-06-2017,4,Baldwin Bikes,Marissa Summers,NY,Sun Bicycles Lil Bolt Type-R - 2017,Cruisers Bicycles,Sun Bicycles,2,346.99,0.07,645.4014,16
962,19-06-2017,4,Baldwin Bikes,Marissa Summers,NY,Electra Townie Original 7D - 2017,Cruisers Bicycles,Electra,2,489.99,0.07,911.3814,30
963,19-06-2017,4,Baldwin Bikes,Zona Cameron,NY,Trek Fuel EX 8 29 - 2016,Mountain Bikes,Trek,1,2899.99,0.07,2696.9907,2
964,20-06-2017,4,Baldwin Bikes,Augustus Steele,NY,Trek Precaliber 16 Girls - 2017,Children Bicycles,Trek,1,209.99,0.2,167.992,26
964,20-06-2017,4,Baldwin Bikes,Augustus Steele,NY,Electra Cruiser Lux 1 - 2017,Cruisers Bicycles,Electra,1,439.99,0.2,351.992,23
965,20-06-2017,4,Baldwin Bikes,Jeni Farley,NY,Trek Precaliber 16 Girls - 2017,Children Bicycles,Trek,2,209.99,0.1,377.982,26
966,20-06-2017,4,Rowlett Bikes,Leif Short,TX,Trek Precaliber 12 Girls - 2017,Children Bicycles,Trek,1,189.99,0.05,180.4905,28
966,20-06-2017,4,Rowlett Bikes,Leif Short,TX,Sun Bicycles Brickell Tandem 7 - 2017,Cruisers Bicycles,Sun Bicycles,1,749.99,0.07,697.4907,3
967,21-06-2017,4,Baldwin Bikes,Ebony Cotton,NY,Sun Bicycles Revolutions 24 - 2017,Cruisers Bicycles,Sun Bicycles,1,250.99,0.2,200.792,22
967,21-06-2017,4,Baldwin Bikes,Ebony Cotton,NY,Electra Glam Punk 3i Ladies' - 2017,Cruisers Bicycles,Electra,2,799.99,0.05,1519.981,25
967,21-06-2017,4,Baldwin Bikes,Ebony Cotton,NY,Trek Precaliber 12 Boys - 2017,Children Bicycles,Trek,1,189.99,0.1,170.991,14
967,21-06-2017,4,Baldwin Bikes,Ebony Cotton,NY,Sun Bicycles Streamway 3 - 2017,Comfort Bicycles,Sun Bicycles,1,551.99,0.2,441.592,1
968,21-06-2017,4,Baldwin Bikes,Mila Moody,NY,Trek Precaliber 12 Boys - 2017,Children Bicycles,Trek,1,189.99,0.2,151.992,14
968,21-06-2017,4,Baldwin Bikes,Mila Moody,NY,Trek Powerfly 8 FS Plus - 2017,Electric Bikes,Trek,2,4999.99,0.05,9499.981,20
968,21-06-2017,4,Baldwin Bikes,Mila Moody,NY,Surly Straggler - 2016,Cyclocross Bicycles,Surly,2,1549,0.05,2943.1,13
969,21-06-2017,4,Rowlett Bikes,Cecelia Gill,TX,Electra Cruiser Lux 1 - 2017,Cruisers Bicycles,Electra,1,439.99,0.2,351.992,17
969,21-06-2017,4,Rowlett Bikes,Cecelia Gill,TX,Surly Troll Frameset - 2017,Mountain Bikes,Surly,1,832.99,0.1,749.691,28
970,22-06-2017,4,Baldwin Bikes,Corinna Adams,NY,Haro Downtown 16 - 2017,Children Bicycles,Haro,1,329.99,0.1,296.991,6
970,22-06-2017,4,Baldwin Bikes,Corinna Adams,NY,Trek Emonda S 4 - 2017,Road Bikes,Trek,2,1499.99,0.1,2699.982,20
970,22-06-2017,4,Baldwin Bikes,Corinna Adams,NY,Trek Domane SL Disc Frameset - 2017,Road Bikes,Trek,2,3199.99,0.1,5759.982,6
970,22-06-2017,4,Baldwin Bikes,Corinna Adams,NY,Sun Bicycles Cruz 3 - 2017,Cruisers Bicycles,Sun Bicycles,1,449.99,0.1,404.991,23
971,22-06-2017,4,Rowlett Bikes,Londa Gould,TX,Electra Amsterdam Original 3i - 2015/2017,Cruisers Bicycles,Electra,2,659.99,0.05,1253.981,2
971,22-06-2017,4,Rowlett Bikes,Londa Gould,TX,Sun Bicycles Lil Bolt Type-R - 2017,Cruisers Bicycles,Sun Bicycles,2,346.99,0.07,645.4014,1
971,22-06-2017,4,Rowlett Bikes,Londa Gould,TX,Trek Remedy 29 Carbon Frameset - 2016,Mountain Bikes,Trek,2,1799.99,0.05,3419.981,12
971,22-06-2017,4,Rowlett Bikes,Londa Gould,TX,Electra Townie Original 21D - 2016,Cruisers Bicycles,Electra,2,549.99,0.07,1022.9814,30
971,22-06-2017,4,Rowlett Bikes,Londa Gould,TX,Haro Flightline Two 26 Plus - 2017,Mountain Bikes,Haro,1,549.99,0.2,439.992,23
972,23-06-2017,4,Baldwin Bikes,Claudio Wise,NY,Electra Townie 3i EQ (20-inch) - Boys' - 2017,Children Bicycles,Electra,1,489.99,0.2,391.992,12
972,23-06-2017,4,Baldwin Bikes,Claudio Wise,NY,Trek Boone Race Shop Limited - 2017,Cyclocross Bicycles,Trek,1,3499.99,0.07,3254.9907,5
973,24-06-2017,4,Baldwin Bikes,Cindi Larson,NY,Trek Fuel EX 8 29 - 2016,Mountain Bikes,Trek,2,2899.99,0.1,5219.982,2
973,24-06-2017,4,Baldwin Bikes,Cindi Larson,NY,Surly Karate Monkey 27.5+ Frameset - 2017,Mountain Bikes,Surly,2,2499.99,0.1,4499.982,25
973,24-06-2017,4,Baldwin Bikes,Cindi Larson,NY,Trek Remedy 9.8 - 2017,Mountain Bikes,Trek,2,5299.99,0.05,10069.981,0
973,24-06-2017,4,Baldwin Bikes,Cindi Larson,NY,Sun Bicycles Atlas X-Type - 2017,Cruisers Bicycles,Sun Bicycles,1,416.99,0.07,387.8007,30
974,24-06-2017,4,Rowlett Bikes,Julienne Moody,TX,Surly Wednesday Frameset - 2017,Mountain Bikes,Surly,2,469.99,0.1,845.982,14
974,24-06-2017,4,Rowlett Bikes,Julienne Moody,TX,Electra Girl's Hawaii 1 (16-inch) - 2015/2016,Children Bicycles,Electra,2,269.99,0.2,431.984,20
975,25-06-2017,4,Baldwin Bikes,Lavinia Cotton,NY,Sun Bicycles Drifter 7 - 2017,Comfort Bicycles,Sun Bicycles,2,470.99,0.2,753.584,7
976,25-06-2017,4,Rowlett Bikes,Myrl Gay,TX,Electra Townie Original 7D EQ - 2016,Comfort Bicycles,Electra,2,599.99,0.1,1079.982,27
976,25-06-2017,4,Rowlett Bikes,Myrl Gay,TX,Trek Stache 5 - 2017,Mountain Bikes,Trek,1,1499.99,0.07,1394.9907,22
977,26-06-2017,4,Baldwin Bikes,Alfredo Dodson,NY,Surly Steamroller - 2017,Road Bikes,Surly,2,875.99,0.1,1576.782,23
977,26-06-2017,4,Baldwin Bikes,Alfredo Dodson,NY,Sun Bicycles Cruz 7 - 2017,Cruisers Bicycles,Sun Bicycles,2,416.99,0.05,792.281,22
977,26-06-2017,4,Baldwin Bikes,Alfredo Dodson,NY,Surly Big Dummy Frameset - 2017,Mountain Bikes,Surly,1,999.99,0.05,949.9905,10
977,26-06-2017,4,Baldwin Bikes,Alfredo Dodson,NY,Sun Bicycles Brickell Tandem CB - 2017,Cruisers Bicycles,Sun Bicycles,2,761.99,0.05,1447.781,27
978,26-06-2017,4,Baldwin Bikes,Raphael O'neil,NY,Sun Bicycles Cruz 3 - 2017,Comfort Bicycles,Sun Bicycles,2,449.99,0.05,854.981,7
978,26-06-2017,4,Baldwin Bikes,Raphael O'neil,NY,Electra Townie Original 7D - 2015/2016,Comfort Bicycles,Electra,2,499.99,0.2,799.984,18
978,26-06-2017,4,Baldwin Bikes,Raphael O'neil,NY,Sun Bicycles Cruz 3 - Women's - 2017,Comfort Bicycles,Sun Bicycles,2,449.99,0.05,854.981,29
979,26-06-2017,4,Baldwin Bikes,Romeo Steele,NY,Trek Domane S 6 - 2017,Road Bikes,Trek,1,2699.99,0.05,2564.9905,5
979,26-06-2017,4,Baldwin Bikes,Romeo Steele,NY,Sun Bicycles Atlas X-Type - 2017,Cruisers Bicycles,Sun Bicycles,2,416.99,0.2,667.184,30
979,26-06-2017,4,Baldwin Bikes,Romeo Steele,NY,Electra Townie Original 21D - 2016,Cruisers Bicycles,Electra,2,549.99,0.1,989.982,2
979,26-06-2017,4,Baldwin Bikes,Romeo Steele,NY,Surly Steamroller - 2017,Road Bikes,Surly,1,875.99,0.2,700.792,23
980,26-06-2017,4,Rowlett Bikes,Bettie Glover,TX,Trek Domane SL 6 - 2017,Road Bikes,Trek,2,3499.99,0.2,5599.984,4
980,26-06-2017,4,Rowlett Bikes,Bettie Glover,TX,Trek Conduit+ - 2016,Electric Bikes,Trek,1,2999.99,0.1,2699.991,23
980,26-06-2017,4,Rowlett Bikes,Bettie Glover,TX,Electra Townie Original 7D - 2017,Cruisers Bicycles,Electra,1,489.99,0.1,440.991,22
981,26-06-2017,4,Rowlett Bikes,Cecilia Camacho,TX,Sun Bicycles Spider 3i - 2017,Mountain Bikes,Sun Bicycles,1,832.99,0.1,749.691,3
981,26-06-2017,4,Rowlett Bikes,Cecilia Camacho,TX,"Electra Girl's Hawaii 1 16"" - 2017",Children Bicycles,Electra,2,299.99,0.05,569.981,14
981,26-06-2017,4,Rowlett Bikes,Cecilia Camacho,TX,Electra Cruiser 1 (24-Inch) - 2016,Children Bicycles,Electra,2,269.99,0.07,502.1814,8
981,26-06-2017,4,Rowlett Bikes,Cecilia Camacho,TX,Surly Troll Frameset - 2017,Mountain Bikes,Surly,2,832.99,0.1,1499.382,28
981,26-06-2017,4,Rowlett Bikes,Cecilia Camacho,TX,Trek Powerfly 8 FS Plus - 2017,Electric Bikes,Trek,1,4999.99,0.07,4649.9907,28
982,26-06-2017,4,Rowlett Bikes,Dollie Cervantes,TX,Electra Girl's Hawaii 1 (16-inch) - 2015/2016,Children Bicycles,Electra,2,269.99,0.1,485.982,20
982,26-06-2017,4,Rowlett Bikes,Dollie Cervantes,TX,Sun Bicycles Drifter 7 - 2017,Comfort Bicycles,Sun Bicycles,1,470.99,0.07,438.0207,11
982,26-06-2017,4,Rowlett Bikes,Dollie Cervantes,TX,Surly Steamroller - 2017,Road Bikes,Surly,1,875.99,0.07,814.6707,8
982,26-06-2017,4,Rowlett Bikes,Dollie Cervantes,TX,Trek Fuel EX 9.8 29 - 2017,Mountain Bikes,Trek,2,4999.99,0.05,9499.981,2
983,27-06-2017,4,Baldwin Bikes,Vito Pickett,NY,Trek Boone Race Shop Limited - 2017,Cyclocross Bicycles,Trek,1,3499.99,0.1,3149.991,5
983,27-06-2017,4,Baldwin Bikes,Vito Pickett,NY,Electra Townie Original 7D EQ - Women's - 2016,Cruisers Bicycles,Electra,2,599.99,0.2,959.984,20
983,27-06-2017,4,Baldwin Bikes,Vito Pickett,NY,Sun Bicycles Cruz 3 - 2017,Cruisers Bicycles,Sun Bicycles,1,449.99,0.07,418.4907,23
983,27-06-2017,4,Baldwin Bikes,Vito Pickett,NY,Electra Amsterdam Fashion 7i Ladies' - 2017,Cruisers Bicycles,Electra,2,1099.99,0.07,2045.9814,19
983,27-06-2017,4,Baldwin Bikes,Vito Pickett,NY,Trek Precaliber 12 Girls - 2017,Children Bicycles,Trek,1,189.99,0.05,180.4905,8
984,27-06-2017,4,Baldwin Bikes,Victor Pittman,NY,Sun Bicycles Cruz 3 - 2017,Cruisers Bicycles,Sun Bicycles,1,449.99,0.2,359.992,23
984,27-06-2017,4,Baldwin Bikes,Victor Pittman,NY,Electra Amsterdam Fashion 7i Ladies' - 2017,Cruisers Bicycles,Electra,2,1099.99,0.2,1759.984,19
984,27-06-2017,4,Baldwin Bikes,Victor Pittman,NY,Electra Townie Original 21D - 2016,Cruisers Bicycles,Electra,1,549.99,0.1,494.991,2
984,27-06-2017,4,Baldwin Bikes,Victor Pittman,NY,Sun Bicycles Drifter 7 - Women's - 2017,Comfort Bicycles,Sun Bicycles,1,470.99,0.2,376.792,6
985,30-06-2017,4,Baldwin Bikes,Effie Jenkins,NY,Heller Shagamaw Frame - 2016,Mountain Bikes,Heller,2,1320.99,0.07,2457.0414,1
985,30-06-2017,4,Baldwin Bikes,Effie Jenkins,NY,Trek Domane S 5 Disc - 2017,Road Bikes,Trek,1,2599.99,0.2,2079.992,17
985,30-06-2017,4,Baldwin Bikes,Effie Jenkins,NY,Sun Bicycles Biscayne Tandem CB - 2017,Cruisers Bicycles,Sun Bicycles,2,647.99,0.05,1231.181,4
986,30-06-2017,4,Baldwin Bikes,Vernell Goff,NY,Trek Precaliber 12 Boys - 2017,Children Bicycles,Trek,1,189.99,0.1,170.991,14
986,30-06-2017,4,Baldwin Bikes,Vernell Goff,NY,Sun Bicycles Biscayne Tandem CB - 2017,Cruisers Bicycles,Sun Bicycles,1,647.99,0.05,615.5905,4
986,30-06-2017,4,Baldwin Bikes,Vernell Goff,NY,Electra Townie Original 7D EQ - 2016,Comfort Bicycles,Electra,2,599.99,0.07,1115.9814,2
987,02-07-2017,4,Santa Cruz Bikes,Jeanie Kirkland,CA,Trek Silque SLR 8 Women's - 2017,Road Bikes,Trek,2,6499.99,0.1,11699.982,2
987,02-07-2017,4,Santa Cruz Bikes,Jeanie Kirkland,CA,Sun Bicycles ElectroLite - 2017,Electric Bikes,Sun Bicycles,2,1559.99,0.2,2495.984,19
987,02-07-2017,4,Santa Cruz Bikes,Jeanie Kirkland,CA,Sun Bicycles Brickell Tandem CB - 2017,Cruisers Bicycles,Sun Bicycles,1,761.99,0.07,708.6507,11
988,02-07-2017,4,Baldwin Bikes,Honey Camacho,NY,Sun Bicycles Spider 3i - 2017,Mountain Bikes,Sun Bicycles,1,832.99,0.2,666.392,25
988,02-07-2017,4,Baldwin Bikes,Honey Camacho,NY,Haro Flightline Two 26 Plus - 2017,Mountain Bikes,Haro,1,549.99,0.07,511.4907,18
988,02-07-2017,4,Baldwin Bikes,Honey Camacho,NY,Electra Townie Original 21D - 2016,Cruisers Bicycles,Electra,2,549.99,0.07,1022.9814,2
989,02-07-2017,4,Baldwin Bikes,Deandrea Vega,NY,Electra Sugar Skulls 1 (20-inch) - Girl's - 2017,Children Bicycles,Electra,1,299.99,0.05,284.9905,24
989,02-07-2017,4,Baldwin Bikes,Deandrea Vega,NY,Surly Big Dummy Frameset - 2017,Mountain Bikes,Surly,1,999.99,0.1,899.991,10
989,02-07-2017,4,Baldwin Bikes,Deandrea Vega,NY,Electra Amsterdam Original 3i - 2015/2017,Cruisers Bicycles,Electra,1,659.99,0.1,593.991,6
989,02-07-2017,4,Baldwin Bikes,Deandrea Vega,NY,Sun Bicycles Lil Kitt'n - 2017,Children Bicycles,Sun Bicycles,2,109.99,0.07,204.5814,22
989,02-07-2017,4,Baldwin Bikes,Deandrea Vega,NY,Heller Shagamaw Frame - 2016,Mountain Bikes,Heller,1,1320.99,0.1,1188.891,1
990,04-07-2017,4,Baldwin Bikes,Lolita O'neill,NY,Surly Ice Cream Truck Frameset - 2016,Mountain Bikes,Surly,2,469.99,0.2,751.984,11
990,04-07-2017,4,Baldwin Bikes,Lolita O'neill,NY,Trek X-Caliber 8 - 2017,Mountain Bikes,Trek,1,999.99,0.1,899.991,29
990,04-07-2017,4,Baldwin Bikes,Lolita O'neill,NY,Trek Precaliber 24 (21-Speed) - Girls - 2017,Children Bicycles,Trek,1,349.99,0.1,314.991,0
990,04-07-2017,4,Baldwin Bikes,Lolita O'neill,NY,Electra Girl's Hawaii 1 (16-inch) - 2015/2016,Cruisers Bicycles,Electra,2,269.99,0.1,485.982,18
991,06-07-2017,4,Santa Cruz Bikes,Hermila Mckay,CA,Trek Conduit+ - 2016,Electric Bikes,Trek,2,2999.99,0.2,4799.984,11
991,06-07-2017,4,Santa Cruz Bikes,Hermila Mckay,CA,Sun Bicycles Boardwalk (24-inch Wheels) - 2017,Cruisers Bicycles,Sun Bicycles,1,402.99,0.2,322.392,13
991,06-07-2017,4,Santa Cruz Bikes,Hermila Mckay,CA,Trek Session DH 27.5 Carbon Frameset - 2017,Mountain Bikes,Trek,1,469.99,0.2,375.992,2
992,07-07-2017,4,Baldwin Bikes,Vicki Wiggins,NY,Haro SR 1.2 - 2017,Mountain Bikes,Haro,1,869.99,0.07,809.0907,13
992,07-07-2017,4,Baldwin Bikes,Vicki Wiggins,NY,Electra Townie Original 7D - 2017,Comfort Bicycles,Electra,1,489.99,0.1,440.991,12
992,07-07-2017,4,Baldwin Bikes,Vicki Wiggins,NY,Electra Townie Original 7D EQ - Women's - 2016,Cruisers Bicycles,Electra,1,599.99,0.2,479.992,20
992,07-07-2017,4,Baldwin Bikes,Vicki Wiggins,NY,Electra Townie 7D (20-inch) - Boys' - 2017,Children Bicycles,Electra,2,339.99,0.2,543.984,4
992,07-07-2017,4,Baldwin Bikes,Vicki Wiggins,NY,Trek Slash 8 27.5 - 2016,Mountain Bikes,Trek,1,3999.99,0.05,3799.9905,8
993,09-07-2017,4,Santa Cruz Bikes,Harold O'connor,CA,Trek Madone 9.2 - 2017,Road Bikes,Trek,1,4999.99,0.2,3999.992,1
993,09-07-2017,4,Santa Cruz Bikes,Harold O'connor,CA,Surly Troll Frameset - 2017,Mountain Bikes,Surly,2,832.99,0.1,1499.382,26
993,09-07-2017,4,Santa Cruz Bikes,Harold O'connor,CA,Surly Straggler - 2016,Cyclocross Bicycles,Surly,2,1549,0.05,2943.1,15
993,09-07-2017,4,Santa Cruz Bikes,Harold O'connor,CA,Electra Sugar Skulls 1 (20-inch) - Girl's - 2017,Children Bicycles,Electra,2,299.99,0.07,557.9814,28
993,09-07-2017,4,Santa Cruz Bikes,Harold O'connor,CA,Sun Bicycles Boardwalk (24-inch Wheels) - 2017,Cruisers Bicycles,Sun Bicycles,2,402.99,0.1,725.382,13
994,09-07-2017,4,Baldwin Bikes,Krystin Marshall,NY,Haro Flightline One ST - 2017,Mountain Bikes,Haro,2,379.99,0.1,683.982,5
994,09-07-2017,4,Baldwin Bikes,Krystin Marshall,NY,Haro SR 1.2 - 2017,Mountain Bikes,Haro,1,869.99,0.2,695.992,13
994,09-07-2017,4,Baldwin Bikes,Krystin Marshall,NY,Sun Bicycles Revolutions 24 - 2017,Cruisers Bicycles,Sun Bicycles,1,250.99,0.07,233.4207,22
995,11-07-2017,4,Santa Cruz Bikes,Basil Ballard,CA,Electra Townie Original 7D EQ - 2016,Cruisers Bicycles,Electra,2,599.99,0.1,1079.982,4
995,11-07-2017,4,Santa Cruz Bikes,Basil Ballard,CA,Trek Precaliber 16 Girls - 2017,Children Bicycles,Trek,1,209.99,0.2,167.992,4
995,11-07-2017,4,Santa Cruz Bikes,Basil Ballard,CA,Electra Townie 7D (20-inch) - Boys' - 2017,Children Bicycles,Electra,1,339.99,0.1,305.991,17
996,11-07-2017,4,Santa Cruz Bikes,Beryl Bennett,CA,Sun Bicycles Cruz 3 - 2017,Cruisers Bicycles,Sun Bicycles,2,449.99,0.05,854.981,30
996,11-07-2017,4,Santa Cruz Bikes,Beryl Bennett,CA,Trek Farley Alloy Frameset - 2017,Mountain Bikes,Trek,1,469.99,0.05,446.4905,0
997,11-07-2017,4,Baldwin Bikes,Catherine Miles,NY,Trek Girl's Kickster - 2017,Children Bicycles,Trek,2,149.99,0.07,278.9814,24
997,11-07-2017,4,Baldwin Bikes,Catherine Miles,NY,Sun Bicycles Streamway 7 - 2017,Comfort Bicycles,Sun Bicycles,2,533.99,0.2,854.384,3
997,11-07-2017,4,Baldwin Bikes,Catherine Miles,NY,Electra Girl's Hawaii 1 (16-inch) - 2015/2016,Cruisers Bicycles,Electra,2,269.99,0.07,502.1814,18
998,12-07-2017,4,Baldwin Bikes,Darcie Morgan,NY,Electra Townie Original 7D EQ - 2016,Comfort Bicycles,Electra,2,599.99,0.05,1139.981,2
998,12-07-2017,4,Baldwin Bikes,Darcie Morgan,NY,Sun Bicycles Streamway 7 - 2017,Comfort Bicycles,Sun Bicycles,1,533.99,0.2,427.192,3
999,12-07-2017,4,Baldwin Bikes,Cyndi Dyer,NY,Electra Amsterdam Original 3i - 2015/2017,Cruisers Bicycles,Electra,2,659.99,0.07,1227.5814,6
999,12-07-2017,4,Baldwin Bikes,Cyndi Dyer,NY,Sun Bicycles Cruz 3 - 2017,Comfort Bicycles,Sun Bicycles,1,449.99,0.05,427.4905,7
1000,12-07-2017,4,Baldwin Bikes,Lewis Garner,NY,Sun Bicycles Lil Bolt Type-R - 2017,Cruisers Bicycles,Sun Bicycles,2,346.99,0.05,659.281,16
1000,12-07-2017,4,Baldwin Bikes,Lewis Garner,NY,Sun Bicycles Drifter 7 - Women's - 2017,Comfort Bicycles,Sun Bicycles,1,470.99,0.1,423.891,6
1000,12-07-2017,4,Baldwin Bikes,Lewis Garner,NY,Pure Cycles William 3-Speed - 2016,Cruisers Bicycles,Pure Cycles,2,449,0.07,835.14,15
1000,12-07-2017,4,Baldwin Bikes,Lewis Garner,NY,Trek X-Caliber 8 - 2017,Mountain Bikes,Trek,2,999.99,0.05,1899.981,29
1001,13-07-2017,4,Baldwin Bikes,Tonda Armstrong,NY,Sun Bicycles Biscayne Tandem 7 - 2017,Cruisers Bicycles,Sun Bicycles,1,619.99,0.05,588.9905,1
1001,13-07-2017,4,Baldwin Bikes,Tonda Armstrong,NY,Haro SR 1.2 - 2017,Mountain Bikes,Haro,2,869.99,0.05,1652.981,13
1001,13-07-2017,4,Baldwin Bikes,Tonda Armstrong,NY,Trek Madone 9.2 - 2017,Road Bikes,Trek,1,4999.99,0.1,4499.991,15
1001,13-07-2017,4,Baldwin Bikes,Tonda Armstrong,NY,Sun Bicycles Drifter 7 - Women's - 2017,Comfort Bicycles,Sun Bicycles,1,470.99,0.07,438.0207,6
1002,14-07-2017,4,Santa Cruz Bikes,Penni Best,CA,Electra Townie 3i EQ (20-inch) - Boys' - 2017,Children Bicycles,Electra,1,489.99,0.05,465.4905,15
1002,14-07-2017,4,Santa Cruz Bikes,Penni Best,CA,Trek Boy's Kickster - 2015/2017,Children Bicycles,Trek,1,149.99,0.1,134.991,13
1002,14-07-2017,4,Santa Cruz Bikes,Penni Best,CA,Trek Remedy 29 Carbon Frameset - 2016,Mountain Bikes,Trek,2,1799.99,0.1,3239.982,0
1002,14-07-2017,4,Santa Cruz Bikes,Penni Best,CA,Sun Bicycles Boardwalk (24-inch Wheels) - 2017,Cruisers Bicycles,Sun Bicycles,1,402.99,0.2,322.392,13
1003,14-07-2017,4,Baldwin Bikes,Marlo Jefferson,NY,Trek Session DH 27.5 Carbon Frameset - 2017,Mountain Bikes,Trek,2,469.99,0.05,892.981,24
1003,14-07-2017,4,Baldwin Bikes,Marlo Jefferson,NY,Trek Silque SLR 8 Women's - 2017,Road Bikes,Trek,2,6499.99,0.05,12349.981,8
1004,14-07-2017,4,Baldwin Bikes,Ulrike Chan,NY,Surly Troll Frameset - 2017,Mountain Bikes,Surly,2,832.99,0.1,1499.382,15
1005,15-07-2017,4,Baldwin Bikes,Myung Hooper,NY,Electra Girl's Hawaii 1 (16-inch) - 2015/2016,Cruisers Bicycles,Electra,2,269.99,0.2,431.984,18
1005,15-07-2017,4,Baldwin Bikes,Myung Hooper,NY,Electra Amsterdam Fashion 7i Ladies' - 2017,Cruisers Bicycles,Electra,2,1099.99,0.1,1979.982,19
1005,15-07-2017,4,Baldwin Bikes,Myung Hooper,NY,Electra Sugar Skulls 1 (20-inch) - Girl's - 2017,Children Bicycles,Electra,1,299.99,0.1,269.991,24
1006,15-07-2017,4,Baldwin Bikes,Olimpia Mays,NY,Electra Townie Original 7D EQ - Women's - 2016,Cruisers Bicycles,Electra,1,599.99,0.07,557.9907,20
1006,15-07-2017,4,Baldwin Bikes,Olimpia Mays,NY,Sun Bicycles Cruz 3 - 2017,Cruisers Bicycles,Sun Bicycles,1,449.99,0.1,404.991,23
1006,15-07-2017,4,Baldwin Bikes,Olimpia Mays,NY,Trek Domane SLR 6 Disc - 2017,Road Bikes,Trek,2,5499.99,0.07,10229.9814,20
1006,15-07-2017,4,Baldwin Bikes,Olimpia Mays,NY,Sun Bicycles Lil Bolt Type-R - 2017,Cruisers Bicycles,Sun Bicycles,1,346.99,0.1,312.291,16
1006,15-07-2017,4,Baldwin Bikes,Olimpia Mays,NY,Haro SR 1.3 - 2017,Mountain Bikes,Haro,1,1409.99,0.1,1268.991,18
1007,16-07-2017,4,Baldwin Bikes,Lina Meadows,NY,Electra Townie Original 7D EQ - 2016,Comfort Bicycles,Electra,1,599.99,0.2,479.992,2
1007,16-07-2017,4,Baldwin Bikes,Lina Meadows,NY,Surly Straggler 650b - 2016,Cyclocross Bicycles,Surly,1,1680.99,0.05,1596.9405,21
1007,16-07-2017,4,Baldwin Bikes,Lina Meadows,NY,Haro Downtown 16 - 2017,Children Bicycles,Haro,2,329.99,0.1,593.982,6
1007,16-07-2017,4,Baldwin Bikes,Lina Meadows,NY,"Electra Girl's Hawaii 1 16"" - 2017",Cruisers Bicycles,Electra,1,299.99,0.2,239.992,20
1007,16-07-2017,4,Baldwin Bikes,Lina Meadows,NY,Sun Bicycles Cruz 3 - 2017,Comfort Bicycles,Sun Bicycles,2,449.99,0.1,809.982,7
1008,16-07-2017,4,Baldwin Bikes,Arie Hunter,NY,Sun Bicycles Atlas X-Type - 2017,Cruisers Bicycles,Sun Bicycles,1,416.99,0.2,333.592,30
1008,16-07-2017,4,Baldwin Bikes,Arie Hunter,NY,Ritchey Timberwolf Frameset - 2016,Mountain Bikes,Ritchey,1,749.99,0.1,674.991,16
1008,16-07-2017,4,Baldwin Bikes,Arie Hunter,NY,"Electra Girl's Hawaii 1 16"" - 2017",Children Bicycles,Electra,1,299.99,0.07,278.9907,10
1009,16-07-2017,4,Rowlett Bikes,Patsy Russo,TX,"Electra Girl's Hawaii 1 16"" - 2017",Children Bicycles,Electra,2,299.99,0.07,557.9814,14
1009,16-07-2017,4,Rowlett Bikes,Patsy Russo,TX,Haro SR 1.1 - 2017,Mountain Bikes,Haro,1,539.99,0.07,502.1907,26
1010,18-07-2017,3,Baldwin Bikes,Jacquline Duncan,NY,Sun Bicycles Cruz 7 - Women's - 2017,Comfort Bicycles,Sun Bicycles,2,416.99,0.1,750.582,25
1011,18-07-2017,4,Santa Cruz Bikes,Travis Goodman,CA,Trek Precaliber 12 Girls - 2017,Children Bicycles,Trek,1,189.99,0.2,151.992,7
1011,18-07-2017,4,Santa Cruz Bikes,Travis Goodman,CA,Electra Sugar Skulls 1 (20-inch) - Girl's - 2017,Children Bicycles,Electra,2,299.99,0.2,479.984,28
1011,18-07-2017,4,Santa Cruz Bikes,Travis Goodman,CA,Electra Townie Original 7D EQ - 2016,Cruisers Bicycles,Electra,2,599.99,0.2,959.984,4
1011,18-07-2017,4,Santa Cruz Bikes,Travis Goodman,CA,Sun Bicycles Cruz 3 - 2017,Cruisers Bicycles,Sun Bicycles,2,449.99,0.05,854.981,30
1012,18-07-2017,4,Baldwin Bikes,Eric Hardin,NY,Trek Remedy 29 Carbon Frameset - 2016,Mountain Bikes,Trek,1,1799.99,0.07,1673.9907,1
1012,18-07-2017,4,Baldwin Bikes,Eric Hardin,NY,Electra Townie Original 7D - 2017,Cruisers Bicycles,Electra,1,489.99,0.2,391.992,30
1013,19-07-2017,4,Baldwin Bikes,Babara Ochoa,NY,Sun Bicycles ElectroLite - 2017,Electric Bikes,Sun Bicycles,2,1559.99,0.05,2963.981,1
1014,19-07-2017,4,Baldwin Bikes,Oliva Blackwell,NY,Electra Savannah 3i (20-inch) - Girl's - 2017,Children Bicycles,Electra,1,349.99,0.2,279.992,15
1014,19-07-2017,4,Baldwin Bikes,Oliva Blackwell,NY,Haro SR 1.2 - 2017,Mountain Bikes,Haro,2,869.99,0.05,1652.981,13
1014,19-07-2017,4,Baldwin Bikes,Oliva Blackwell,NY,Electra Amsterdam Fashion 7i Ladies' - 2017,Cruisers Bicycles,Electra,2,1099.99,0.1,1979.982,19
1014,19-07-2017,4,Baldwin Bikes,Oliva Blackwell,NY,Trek Domane S 5 Disc - 2017,Road Bikes,Trek,1,2599.99,0.05,2469.9905,17
1015,19-07-2017,4,Baldwin Bikes,India Barron,NY,Surly Ice Cream Truck Frameset - 2016,Mountain Bikes,Surly,2,469.99,0.1,845.982,11
1015,19-07-2017,4,Baldwin Bikes,India Barron,NY,Sun Bicycles Brickell Tandem 7 - 2017,Cruisers Bicycles,Sun Bicycles,2,749.99,0.2,1199.984,20
1015,19-07-2017,4,Baldwin Bikes,India Barron,NY,Electra Townie 7D (20-inch) - Boys' - 2017,Children Bicycles,Electra,2,339.99,0.1,611.982,4
1015,19-07-2017,4,Baldwin Bikes,India Barron,NY,Electra Cruiser 1 (24-Inch) - 2016,Cruisers Bicycles,Electra,1,269.99,0.2,215.992,1
1016,19-07-2017,4,Rowlett Bikes,Jasper Castro,TX,"Electra Girl's Hawaii 1 16"" - 2017",Cruisers Bicycles,Electra,2,299.99,0.07,557.9814,23
1017,20-07-2017,4,Baldwin Bikes,Nettie Mcdaniel,NY,Trek Precaliber 16 Boys - 2017,Children Bicycles,Trek,1,209.99,0.07,195.2907,8
1017,20-07-2017,4,Baldwin Bikes,Nettie Mcdaniel,NY,Electra Amsterdam Original 3i Ladies' - 2017,Cruisers Bicycles,Electra,2,659.99,0.2,1055.984,4
1017,20-07-2017,4,Baldwin Bikes,Nettie Mcdaniel,NY,Electra Townie 3i EQ (20-inch) - Boys' - 2017,Children Bicycles,Electra,1,489.99,0.2,391.992,12
1017,20-07-2017,4,Baldwin Bikes,Nettie Mcdaniel,NY,Pure Cycles Western 3-Speed - Women's - 2015/2016,Cruisers Bicycles,Pure Cycles,2,449,0.2,718.4,13
1017,20-07-2017,4,Baldwin Bikes,Nettie Mcdaniel,NY,Electra Glam Punk 3i Ladies' - 2017,Cruisers Bicycles,Electra,2,799.99,0.1,1439.982,25
1018,22-07-2017,4,Baldwin Bikes,Barry Buckner,NY,"Electra Girl's Hawaii 1 16"" - 2017",Cruisers Bicycles,Electra,2,299.99,0.07,557.9814,20
1018,22-07-2017,4,Baldwin Bikes,Barry Buckner,NY,Electra Savannah 3i (20-inch) - Girl's - 2017,Children Bicycles,Electra,2,349.99,0.1,629.982,15
1018,22-07-2017,4,Baldwin Bikes,Barry Buckner,NY,Trek Precaliber 24 (21-Speed) - Girls - 2017,Children Bicycles,Trek,1,349.99,0.2,279.992,0
1019,22-07-2017,4,Baldwin Bikes,Edra Fitzgerald,NY,Surly Ice Cream Truck Frameset - 2017,Mountain Bikes,Surly,1,999.99,0.1,899.991,17
1019,22-07-2017,4,Baldwin Bikes,Edra Fitzgerald,NY,Surly Steamroller - 2017,Road Bikes,Surly,1,875.99,0.2,700.792,23
1019,22-07-2017,4,Baldwin Bikes,Edra Fitzgerald,NY,Haro Flightline One ST - 2017,Mountain Bikes,Haro,1,379.99,0.05,360.9905,5
1019,22-07-2017,4,Baldwin Bikes,Edra Fitzgerald,NY,Haro Shredder 20 Girls - 2017,Children Bicycles,Haro,2,209.99,0.2,335.984,22
1020,23-07-2017,3,Baldwin Bikes,Emmitt Sanchez,NY,Electra Townie Original 7D EQ - Women's - 2016,Cruisers Bicycles,Electra,2,599.99,0.05,1139.981,20
1020,23-07-2017,3,Baldwin Bikes,Emmitt Sanchez,NY,Sun Bicycles Cruz 7 - 2017,Cruisers Bicycles,Sun Bicycles,2,416.99,0.05,792.281,22
1020,23-07-2017,3,Baldwin Bikes,Emmitt Sanchez,NY,Electra Moto 1 - 2016,Cruisers Bicycles,Electra,1,529.99,0.07,492.8907,6
1020,23-07-2017,3,Baldwin Bikes,Emmitt Sanchez,NY,Trek Emonda S 5 - 2017,Road Bikes,Trek,2,1999.99,0.1,3599.982,27
1020,23-07-2017,3,Baldwin Bikes,Emmitt Sanchez,NY,Trek Fuel EX 9.8 29 - 2017,Mountain Bikes,Trek,2,4999.99,0.05,9499.981,15
1021,23-07-2017,4,Baldwin Bikes,Herlinda Stone,NY,Trek Domane SL 6 - 2017,Road Bikes,Trek,2,3499.99,0.07,6509.9814,4
1021,23-07-2017,4,Baldwin Bikes,Herlinda Stone,NY,Electra Girl's Hawaii 1 (20-inch) - 2015/2016,Children Bicycles,Electra,2,299.99,0.07,557.9814,12
1022,23-07-2017,4,Baldwin Bikes,Tisa Whitney,NY,Surly Wednesday Frameset - 2017,Mountain Bikes,Surly,1,469.99,0.2,375.992,8
1022,23-07-2017,4,Baldwin Bikes,Tisa Whitney,NY,Haro SR 1.3 - 2017,Mountain Bikes,Haro,1,1409.99,0.1,1268.991,18
1022,23-07-2017,4,Baldwin Bikes,Tisa Whitney,NY,Sun Bicycles Lil Bolt Type-R - 2017,Cruisers Bicycles,Sun Bicycles,1,346.99,0.07,322.7007,16
1022,23-07-2017,4,Baldwin Bikes,Tisa Whitney,NY,Heller Shagamaw Frame - 2016,Mountain Bikes,Heller,1,1320.99,0.07,1228.5207,1
1023,23-07-2017,4,Baldwin Bikes,Vashti Rosario,NY,Trek Precaliber 24 (21-Speed) - Girls - 2017,Children Bicycles,Trek,1,349.99,0.07,325.4907,0
1023,23-07-2017,4,Baldwin Bikes,Vashti Rosario,NY,Trek Fuel EX 9.8 27.5 Plus - 2017,Mountain Bikes,Trek,2,5299.99,0.1,9539.982,2
1024,23-07-2017,4,Baldwin Bikes,Kellye Campbell,NY,Sun Bicycles Streamway - 2017,Comfort Bicycles,Sun Bicycles,1,481.99,0.2,385.592,26
1024,23-07-2017,4,Baldwin Bikes,Kellye Campbell,NY,Surly Karate Monkey 27.5+ Frameset - 2017,Mountain Bikes,Surly,2,2499.99,0.05,4749.981,25
1024,23-07-2017,4,Baldwin Bikes,Kellye Campbell,NY,Electra Straight 8 3i (20-inch) - Boy's - 2017,Children Bicycles,Electra,2,489.99,0.2,783.984,14
1024,23-07-2017,4,Baldwin Bikes,Kellye Campbell,NY,Electra Moto 3i (20-inch) - Boy's - 2017,Children Bicycles,Electra,2,349.99,0.1,629.982,22
1024,23-07-2017,4,Baldwin Bikes,Kellye Campbell,NY,Trek Precaliber 24 (21-Speed) - Girls - 2017,Children Bicycles,Trek,1,349.99,0.2,279.992,0
1025,23-07-2017,4,Baldwin Bikes,Tama Berg,NY,Trek Precaliber 16 Boys - 2017,Children Bicycles,Trek,1,209.99,0.07,195.2907,8
1025,23-07-2017,4,Baldwin Bikes,Tama Berg,NY,Electra Townie Original 7D - 2017,Comfort Bicycles,Electra,1,489.99,0.1,440.991,12
1025,23-07-2017,4,Baldwin Bikes,Tama Berg,NY,Trek Stache 5 - 2017,Mountain Bikes,Trek,1,1499.99,0.1,1349.991,28
1025,23-07-2017,4,Baldwin Bikes,Tama Berg,NY,Electra Moto 1 - 2016,Cruisers Bicycles,Electra,1,529.99,0.05,503.4905,6
1025,23-07-2017,4,Baldwin Bikes,Tama Berg,NY,Sun Bicycles Revolutions 24 - 2017,Cruisers Bicycles,Sun Bicycles,2,250.99,0.05,476.881,22
1026,26-07-2017,4,Santa Cruz Bikes,Rona Rojas,CA,Trek Slash 8 27.5 - 2016,Mountain Bikes,Trek,2,3999.99,0.07,7439.9814,8
1027,26-07-2017,4,Baldwin Bikes,Cherelle Key,NY,"Electra Girl's Hawaii 1 16"" - 2017",Children Bicycles,Electra,2,299.99,0.1,539.982,10
1027,26-07-2017,4,Baldwin Bikes,Cherelle Key,NY,Electra Girl's Hawaii 1 (16-inch) - 2015/2016,Cruisers Bicycles,Electra,2,269.99,0.05,512.981,18
1028,27-07-2017,4,Baldwin Bikes,Cheree Hale,NY,Sun Bicycles Drifter 7 - Women's - 2017,Comfort Bicycles,Sun Bicycles,2,470.99,0.1,847.782,6
1028,27-07-2017,4,Baldwin Bikes,Cheree Hale,NY,Surly Straggler - 2016,Cyclocross Bicycles,Surly,1,1549,0.2,1239.2,13
1028,27-07-2017,4,Baldwin Bikes,Cheree Hale,NY,Haro Shift R3 - 2017,Mountain Bikes,Haro,1,1469.99,0.2,1175.992,6
1028,27-07-2017,4,Baldwin Bikes,Cheree Hale,NY,Sun Bicycles Spider 3i - 2017,Mountain Bikes,Sun Bicycles,2,832.99,0.1,1499.382,25
1028,27-07-2017,4,Baldwin Bikes,Cheree Hale,NY,Sun Bicycles Cruz 3 - Women's - 2017,Comfort Bicycles,Sun Bicycles,1,449.99,0.2,359.992,29
1029,29-07-2017,4,Santa Cruz Bikes,Dannette Guerrero,CA,Electra Townie Original 7D EQ - Women's - 2016,Cruisers Bicycles,Electra,1,599.99,0.2,479.992,26
1029,29-07-2017,4,Santa Cruz Bikes,Dannette Guerrero,CA,Trek Domane S 6 - 2017,Road Bikes,Trek,1,2699.99,0.1,2429.991,11
1029,29-07-2017,4,Santa Cruz Bikes,Dannette Guerrero,CA,Trek Fuel EX 9.8 29 - 2017,Mountain Bikes,Trek,1,4999.99,0.2,3999.992,24
1029,29-07-2017,4,Santa Cruz Bikes,Dannette Guerrero,CA,Sun Bicycles Cruz 3 - 2017,Cruisers Bicycles,Sun Bicycles,2,449.99,0.1,809.982,30
1030,29-07-2017,4,Baldwin Bikes,Crystle Gilliam,NY,Surly Big Dummy Frameset - 2017,Mountain Bikes,Surly,1,999.99,0.05,949.9905,10
1030,29-07-2017,4,Baldwin Bikes,Crystle Gilliam,NY,Surly Straggler - 2016,Cyclocross Bicycles,Surly,2,1549,0.1,2788.2,13
1030,29-07-2017,4,Baldwin Bikes,Crystle Gilliam,NY,Sun Bicycles Biscayne Tandem 7 - 2017,Cruisers Bicycles,Sun Bicycles,1,619.99,0.1,557.991,1
1031,30-07-2017,4,Santa Cruz Bikes,Shea Howell,CA,Surly Big Dummy Frameset - 2017,Mountain Bikes,Surly,2,999.99,0.2,1599.984,21
1031,30-07-2017,4,Santa Cruz Bikes,Shea Howell,CA,Sun Bicycles Cruz 3 - Women's - 2017,Comfort Bicycles,Sun Bicycles,2,449.99,0.2,719.984,15
1032,30-07-2017,4,Baldwin Bikes,Emmett Casey,NY,Sun Bicycles ElectroLite - 2017,Electric Bikes,Sun Bicycles,2,1559.99,0.1,2807.982,1
1032,30-07-2017,4,Baldwin Bikes,Emmett Casey,NY,Pure Cycles Vine 8-Speed - 2016,Cruisers Bicycles,Pure Cycles,1,429,0.1,386.1,3
1033,30-07-2017,4,Baldwin Bikes,Soledad Moses,NY,Electra Townie Original 7D EQ - 2016,Comfort Bicycles,Electra,1,599.99,0.07,557.9907,2
1033,30-07-2017,4,Baldwin Bikes,Soledad Moses,NY,Sun Bicycles Cruz 7 - Women's - 2017,Comfort Bicycles,Sun Bicycles,2,416.99,0.1,750.582,25
1033,30-07-2017,4,Baldwin Bikes,Soledad Moses,NY,Surly Big Dummy Frameset - 2017,Mountain Bikes,Surly,2,999.99,0.07,1859.9814,10
1034,30-07-2017,4,Baldwin Bikes,Elaina Key,NY,Electra Townie 7D (20-inch) - Boys' - 2017,Children Bicycles,Electra,1,339.99,0.1,305.991,4
1034,30-07-2017,4,Baldwin Bikes,Elaina Key,NY,Trek Remedy 29 Carbon Frameset - 2016,Mountain Bikes,Trek,2,1799.99,0.1,3239.982,1
1034,30-07-2017,4,Baldwin Bikes,Elaina Key,NY,Surly Straggler 650b - 2016,Cyclocross Bicycles,Surly,2,1680.99,0.07,3126.6414,21
1034,30-07-2017,4,Baldwin Bikes,Elaina Key,NY,Electra Cruiser 1 (24-Inch) - 2016,Children Bicycles,Electra,1,269.99,0.05,256.4905,16
1035,30-07-2017,4,Baldwin Bikes,Mica Barry,NY,Electra Moto 3i (20-inch) - Boy's - 2017,Children Bicycles,Electra,1,349.99,0.2,279.992,22
1036,30-07-2017,4,Baldwin Bikes,Cassie Cline,NY,Trek Domane S 6 - 2017,Road Bikes,Trek,2,2699.99,0.1,4859.982,5
1036,30-07-2017,4,Baldwin Bikes,Cassie Cline,NY,"Electra Girl's Hawaii 1 16"" - 2017",Cruisers Bicycles,Electra,1,299.99,0.07,278.9907,20
1036,30-07-2017,4,Baldwin Bikes,Cassie Cline,NY,Pure Cycles Western 3-Speed - Women's - 2015/2016,Cruisers Bicycles,Pure Cycles,2,449,0.05,853.1,13
1036,30-07-2017,4,Baldwin Bikes,Cassie Cline,NY,Sun Bicycles Lil Bolt Type-R - 2017,Cruisers Bicycles,Sun Bicycles,2,346.99,0.2,555.184,16
1036,30-07-2017,4,Baldwin Bikes,Cassie Cline,NY,Electra Townie Original 21D - 2016,Cruisers Bicycles,Electra,1,549.99,0.2,439.992,2
1037,31-07-2017,4,Baldwin Bikes,Carina Lynch,NY,Electra Cruiser Lux 1 - 2017,Cruisers Bicycles,Electra,2,439.99,0.07,818.3814,23
1037,31-07-2017,4,Baldwin Bikes,Carina Lynch,NY,Surly Wednesday Frameset - 2016,Mountain Bikes,Surly,1,999.99,0.07,929.9907,28
1037,31-07-2017,4,Baldwin Bikes,Carina Lynch,NY,Sun Bicycles Lil Bolt Type-R - 2017,Cruisers Bicycles,Sun Bicycles,2,346.99,0.2,555.184,16
1037,31-07-2017,4,Baldwin Bikes,Carina Lynch,NY,Haro Shredder 20 - 2017,Children Bicycles,Haro,1,209.99,0.07,195.2907,22
1037,31-07-2017,4,Baldwin Bikes,Carina Lynch,NY,Sun Bicycles Lil Kitt'n - 2017,Children Bicycles,Sun Bicycles,2,109.99,0.05,208.981,22
1038,31-07-2017,4,Baldwin Bikes,Marlen Dawson,NY,Trek Boy's Kickster - 2015/2017,Children Bicycles,Trek,1,149.99,0.05,142.4905,21
1038,31-07-2017,4,Baldwin Bikes,Marlen Dawson,NY,Trek Conduit+ - 2016,Electric Bikes,Trek,1,2999.99,0.07,2789.9907,17
1039,02-08-2017,4,Baldwin Bikes,Heather Perry,NY,Pure Cycles Western 3-Speed - Women's - 2015/2016,Cruisers Bicycles,Pure Cycles,2,449,0.2,718.4,13
1040,04-08-2017,4,Santa Cruz Bikes,Mellisa Griffin,CA,Electra Savannah 3i (20-inch) - Girl's - 2017,Children Bicycles,Electra,1,349.99,0.1,314.991,20
1040,04-08-2017,4,Santa Cruz Bikes,Mellisa Griffin,CA,Surly Karate Monkey 27.5+ Frameset - 2017,Mountain Bikes,Surly,2,2499.99,0.2,3999.984,20
1040,04-08-2017,4,Santa Cruz Bikes,Mellisa Griffin,CA,Electra Townie Original 7D - 2017,Cruisers Bicycles,Electra,1,489.99,0.07,455.6907,30
1040,04-08-2017,4,Santa Cruz Bikes,Mellisa Griffin,CA,Surly Big Dummy Frameset - 2017,Mountain Bikes,Surly,2,999.99,0.07,1859.9814,21
1040,04-08-2017,4,Santa Cruz Bikes,Mellisa Griffin,CA,Trek Remedy 29 Carbon Frameset - 2016,Mountain Bikes,Trek,2,1799.99,0.05,3419.981,0
1041,04-08-2017,4,Baldwin Bikes,Tomasa Carson,NY,Trek Precaliber 16 Boys - 2017,Children Bicycles,Trek,1,209.99,0.1,188.991,8
1041,04-08-2017,4,Baldwin Bikes,Tomasa Carson,NY,Trek Powerfly 8 FS Plus - 2017,Electric Bikes,Trek,2,4999.99,0.07,9299.9814,20
1041,04-08-2017,4,Baldwin Bikes,Tomasa Carson,NY,Haro Shredder Pro 20 - 2017,Children Bicycles,Haro,2,249.99,0.1,449.982,2
1042,06-08-2017,4,Baldwin Bikes,Jamika Acevedo,NY,Electra Girl's Hawaii 1 (20-inch) - 2015/2016,Children Bicycles,Electra,1,299.99,0.1,269.991,12
1043,06-08-2017,4,Baldwin Bikes,Georgina Gonzales,NY,Trek Domane S 6 - 2017,Road Bikes,Trek,2,2699.99,0.1,4859.982,5
1043,06-08-2017,4,Baldwin Bikes,Georgina Gonzales,NY,Electra Townie Original 7D EQ - Women's - 2016,Cruisers Bicycles,Electra,1,599.99,0.07,557.9907,20
1044,07-08-2017,4,Baldwin Bikes,Ciera Webb,NY,Electra Savannah 3i (20-inch) - Girl's - 2017,Children Bicycles,Electra,2,349.99,0.1,629.982,15
1045,07-08-2017,4,Rowlett Bikes,Morton Lee,TX,Surly Karate Monkey 27.5+ Frameset - 2017,Mountain Bikes,Surly,1,2499.99,0.05,2374.9905,20
1045,07-08-2017,4,Rowlett Bikes,Morton Lee,TX,Sun Bicycles Streamway - 2017,Comfort Bicycles,Sun Bicycles,2,481.99,0.05,915.781,22
1046,07-08-2017,4,Rowlett Bikes,Sherril Alvarado,TX,Sun Bicycles ElectroLite - 2017,Electric Bikes,Sun Bicycles,1,1559.99,0.07,1450.7907,7
1046,07-08-2017,4,Rowlett Bikes,Sherril Alvarado,TX,Sun Bicycles Boardwalk (24-inch Wheels) - 2017,Cruisers Bicycles,Sun Bicycles,1,402.99,0.07,374.7807,29
1046,07-08-2017,4,Rowlett Bikes,Sherril Alvarado,TX,Trek Farley Alloy Frameset - 2017,Mountain Bikes,Trek,1,469.99,0.07,437.0907,14
1046,07-08-2017,4,Rowlett Bikes,Sherril Alvarado,TX,Haro Shift R3 - 2017,Mountain Bikes,Haro,2,1469.99,0.1,2645.982,25
1046,07-08-2017,4,Rowlett Bikes,Sherril Alvarado,TX,Pure Cycles Vine 8-Speed - 2016,Cruisers Bicycles,Pure Cycles,2,429,0.05,815.1,22
1047,08-08-2017,3,Rowlett Bikes,Merlene Vinson,TX,Surly Karate Monkey 27.5+ Frameset - 2017,Mountain Bikes,Surly,2,2499.99,0.1,4499.982,20
1047,08-08-2017,3,Rowlett Bikes,Merlene Vinson,TX,Sun Bicycles Biscayne Tandem CB - 2017,Cruisers Bicycles,Sun Bicycles,1,647.99,0.2,518.392,19
1047,08-08-2017,3,Rowlett Bikes,Merlene Vinson,TX,Sun Bicycles Spider 3i - 2017,Mountain Bikes,Sun Bicycles,1,832.99,0.05,791.3405,3
1047,08-08-2017,3,Rowlett Bikes,Merlene Vinson,TX,Trek Domane SL 6 - 2017,Road Bikes,Trek,1,3499.99,0.05,3324.9905,4
1048,08-08-2017,4,Baldwin Bikes,Ilda Roberson,NY,Surly Wednesday Frameset - 2016,Mountain Bikes,Surly,2,999.99,0.1,1799.982,28
1048,08-08-2017,4,Baldwin Bikes,Ilda Roberson,NY,Haro Flightline One ST - 2017,Mountain Bikes,Haro,1,379.99,0.1,341.991,5
1048,08-08-2017,4,Baldwin Bikes,Ilda Roberson,NY,Haro Shredder Pro 20 - 2017,Children Bicycles,Haro,1,249.99,0.05,237.4905,2
1049,09-08-2017,4,Santa Cruz Bikes,Dorine Roberson,CA,Trek Conduit+ - 2016,Electric Bikes,Trek,1,2999.99,0.1,2699.991,11
1049,09-08-2017,4,Santa Cruz Bikes,Dorine Roberson,CA,Surly Troll Frameset - 2017,Mountain Bikes,Surly,2,832.99,0.05,1582.681,26
1049,09-08-2017,4,Santa Cruz Bikes,Dorine Roberson,CA,Surly Wednesday Frameset - 2016,Mountain Bikes,Surly,1,999.99,0.1,899.991,6
1049,09-08-2017,4,Santa Cruz Bikes,Dorine Roberson,CA,Electra Townie Original 7D EQ - 2016,Comfort Bicycles,Electra,1,599.99,0.07,557.9907,16
1049,09-08-2017,4,Santa Cruz Bikes,Dorine Roberson,CA,Surly Straggler - 2016,Cyclocross Bicycles,Surly,2,1549,0.05,2943.1,15
1050,09-08-2017,4,Santa Cruz Bikes,Felice Guzman,CA,Electra Moto 3i (20-inch) - Boy's - 2017,Children Bicycles,Electra,2,349.99,0.07,650.9814,20
1050,09-08-2017,4,Santa Cruz Bikes,Felice Guzman,CA,Electra Sugar Skulls 1 (20-inch) - Girl's - 2017,Children Bicycles,Electra,2,299.99,0.1,539.982,28
1050,09-08-2017,4,Santa Cruz Bikes,Felice Guzman,CA,Haro SR 1.2 - 2017,Mountain Bikes,Haro,2,869.99,0.2,1391.984,15
1050,09-08-2017,4,Santa Cruz Bikes,Felice Guzman,CA,Electra Girl's Hawaii 1 (16-inch) - 2015/2016,Cruisers Bicycles,Electra,2,269.99,0.2,431.984,8
1051,10-08-2017,4,Baldwin Bikes,Jutta Everett,NY,Haro SR 1.3 - 2017,Mountain Bikes,Haro,1,1409.99,0.2,1127.992,18
1052,10-08-2017,4,Baldwin Bikes,Romelia Myers,NY,Trek Slash 8 27.5 - 2016,Mountain Bikes,Trek,1,3999.99,0.05,3799.9905,8
1052,10-08-2017,4,Baldwin Bikes,Romelia Myers,NY,Sun Bicycles Streamway 3 - 2017,Comfort Bicycles,Sun Bicycles,1,551.99,0.05,524.3905,1
1052,10-08-2017,4,Baldwin Bikes,Romelia Myers,NY,Electra Townie Original 7D EQ - 2016,Comfort Bicycles,Electra,2,599.99,0.07,1115.9814,2
1053,10-08-2017,4,Baldwin Bikes,Florrie Little,NY,Trek Domane SL 6 - 2017,Road Bikes,Trek,2,3499.99,0.05,6649.981,4
1053,10-08-2017,4,Baldwin Bikes,Florrie Little,NY,Electra Townie Original 7D EQ - 2016,Comfort Bicycles,Electra,2,599.99,0.2,959.984,2
1053,10-08-2017,4,Baldwin Bikes,Florrie Little,NY,Electra Girl's Hawaii 1 (20-inch) - 2015/2016,Children Bicycles,Electra,2,299.99,0.2,479.984,12
1053,10-08-2017,4,Baldwin Bikes,Florrie Little,NY,Sun Bicycles Cruz 3 - 2017,Cruisers Bicycles,Sun Bicycles,1,449.99,0.1,404.991,23
1053,10-08-2017,4,Baldwin Bikes,Florrie Little,NY,Sun Bicycles Brickell Tandem 7 - 2017,Cruisers Bicycles,Sun Bicycles,2,749.99,0.05,1424.981,20
1054,11-08-2017,4,Baldwin Bikes,Damian Dawson,NY,Surly Troll Frameset - 2017,Mountain Bikes,Surly,2,832.99,0.1,1499.382,15
1054,11-08-2017,4,Baldwin Bikes,Damian Dawson,NY,Electra Townie Original 7D EQ - 2016,Cruisers Bicycles,Electra,1,599.99,0.05,569.9905,20
1055,12-08-2017,4,Baldwin Bikes,Cleopatra Tate,NY,Trek Fuel EX 9.8 27.5 Plus - 2017,Mountain Bikes,Trek,2,5299.99,0.07,9857.9814,2
1055,12-08-2017,4,Baldwin Bikes,Cleopatra Tate,NY,Electra Townie 7D (20-inch) - Boys' - 2017,Children Bicycles,Electra,2,339.99,0.2,543.984,4
1055,12-08-2017,4,Baldwin Bikes,Cleopatra Tate,NY,Electra Townie Original 21D - 2016,Cruisers Bicycles,Electra,2,549.99,0.1,989.982,2
1055,12-08-2017,4,Baldwin Bikes,Cleopatra Tate,NY,Trek Boy's Kickster - 2015/2017,Children Bicycles,Trek,2,149.99,0.1,269.982,21
1055,12-08-2017,4,Baldwin Bikes,Cleopatra Tate,NY,Sun Bicycles ElectroLite - 2017,Electric Bikes,Sun Bicycles,1,1559.99,0.2,1247.992,1
1056,12-08-2017,4,Baldwin Bikes,Berna Moore,NY,Surly Wednesday Frameset - 2016,Mountain Bikes,Surly,1,999.99,0.05,949.9905,28
1057,12-08-2017,4,Baldwin Bikes,Serina Hensley,NY,Sun Bicycles Streamway 7 - 2017,Comfort Bicycles,Sun Bicycles,1,533.99,0.2,427.192,3
1057,12-08-2017,4,Baldwin Bikes,Serina Hensley,NY,Electra Savannah 3i (20-inch) - Girl's - 2017,Children Bicycles,Electra,1,349.99,0.05,332.4905,15
1057,12-08-2017,4,Baldwin Bikes,Serina Hensley,NY,Electra Straight 8 3i (20-inch) - Boy's - 2017,Children Bicycles,Electra,2,489.99,0.05,930.981,14
1058,13-08-2017,4,Baldwin Bikes,Ricki Bullock,NY,Trek Fuel EX 9.8 27.5 Plus - 2017,Mountain Bikes,Trek,1,5299.99,0.1,4769.991,2
1058,13-08-2017,4,Baldwin Bikes,Ricki Bullock,NY,Trek X-Caliber 8 - 2017,Mountain Bikes,Trek,2,999.99,0.05,1899.981,29
1058,13-08-2017,4,Baldwin Bikes,Ricki Bullock,NY,Sun Bicycles Streamway 3 - 2017,Comfort Bicycles,Sun Bicycles,1,551.99,0.07,513.3507,1
1059,14-08-2017,4,Baldwin Bikes,Lyndsey Bean,NY,Haro SR 1.3 - 2017,Mountain Bikes,Haro,2,1409.99,0.05,2678.981,18
1059,14-08-2017,4,Baldwin Bikes,Lyndsey Bean,NY,Trek Slash 8 27.5 - 2016,Mountain Bikes,Trek,1,3999.99,0.1,3599.991,8
1059,14-08-2017,4,Baldwin Bikes,Lyndsey Bean,NY,Electra Cruiser 1 (24-Inch) - 2016,Cruisers Bicycles,Electra,1,269.99,0.07,251.0907,1
1060,15-08-2017,4,Baldwin Bikes,Jenniffer Bullock,NY,Trek Slash 8 27.5 - 2016,Mountain Bikes,Trek,1,3999.99,0.07,3719.9907,8
1060,15-08-2017,4,Baldwin Bikes,Jenniffer Bullock,NY,Surly Straggler 650b - 2016,Cyclocross Bicycles,Surly,2,1680.99,0.07,3126.6414,21
1060,15-08-2017,4,Baldwin Bikes,Jenniffer Bullock,NY,Trek Powerfly 8 FS Plus - 2017,Electric Bikes,Trek,2,4999.99,0.1,8999.982,20
1060,15-08-2017,4,Baldwin Bikes,Jenniffer Bullock,NY,Surly Ice Cream Truck Frameset - 2017,Mountain Bikes,Surly,2,999.99,0.05,1899.981,17
1061,15-08-2017,4,Baldwin Bikes,Marylyn Browning,NY,Electra Girl's Hawaii 1 (16-inch) - 2015/2016,Cruisers Bicycles,Electra,1,269.99,0.07,251.0907,18
1061,15-08-2017,4,Baldwin Bikes,Marylyn Browning,NY,Pure Cycles William 3-Speed - 2016,Cruisers Bicycles,Pure Cycles,1,449,0.1,404.1,15
1062,15-08-2017,4,Baldwin Bikes,Shawnna Frank,NY,Electra Cruiser 1 (24-Inch) - 2016,Cruisers Bicycles,Electra,1,269.99,0.05,256.4905,1
1062,15-08-2017,4,Baldwin Bikes,Shawnna Frank,NY,Sun Bicycles Drifter 7 - Women's - 2017,Comfort Bicycles,Sun Bicycles,2,470.99,0.2,753.584,6
1062,15-08-2017,4,Baldwin Bikes,Shawnna Frank,NY,Heller Shagamaw Frame - 2016,Mountain Bikes,Heller,1,1320.99,0.05,1254.9405,1
1062,15-08-2017,4,Baldwin Bikes,Shawnna Frank,NY,Electra Townie Original 21D - 2016,Cruisers Bicycles,Electra,1,549.99,0.2,439.992,2
1063,16-08-2017,4,Rowlett Bikes,Luis Tyler,TX,Surly Wednesday Frameset - 2017,Mountain Bikes,Surly,2,469.99,0.1,845.982,14
1063,16-08-2017,4,Rowlett Bikes,Luis Tyler,TX,Electra Townie 3i EQ (20-inch) - Boys' - 2017,Children Bicycles,Electra,2,489.99,0.07,911.3814,28
1063,16-08-2017,4,Rowlett Bikes,Luis Tyler,TX,Sun Bicycles Biscayne Tandem 7 - 2017,Cruisers Bicycles,Sun Bicycles,2,619.99,0.2,991.984,6
1064,16-08-2017,4,Rowlett Bikes,Crysta Velez,TX,Pure Cycles Western 3-Speed - Women's - 2015/2016,Cruisers Bicycles,Pure Cycles,1,449,0.07,417.57,5
1064,16-08-2017,4,Rowlett Bikes,Crysta Velez,TX,Trek Domane SL 6 - 2017,Road Bikes,Trek,1,3499.99,0.1,3149.991,4
1065,17-08-2017,4,Baldwin Bikes,Regenia Vaughan,NY,Trek Emonda S 4 - 2017,Road Bikes,Trek,2,1499.99,0.07,2789.9814,20
1065,17-08-2017,4,Baldwin Bikes,Regenia Vaughan,NY,Sun Bicycles Streamway 3 - 2017,Comfort Bicycles,Sun Bicycles,2,551.99,0.05,1048.781,1
1065,17-08-2017,4,Baldwin Bikes,Regenia Vaughan,NY,Trek Boone Race Shop Limited - 2017,Cyclocross Bicycles,Trek,1,3499.99,0.07,3254.9907,5
1066,17-08-2017,4,Baldwin Bikes,Raul Melendez,NY,Electra Moto 1 - 2016,Cruisers Bicycles,Electra,2,529.99,0.05,1006.981,6
1066,17-08-2017,4,Baldwin Bikes,Raul Melendez,NY,Haro SR 1.3 - 2017,Mountain Bikes,Haro,1,1409.99,0.1,1268.991,18
1066,17-08-2017,4,Baldwin Bikes,Raul Melendez,NY,Electra Townie Original 21D - 2016,Cruisers Bicycles,Electra,1,549.99,0.1,494.991,2
1067,17-08-2017,4,Baldwin Bikes,Barbera Riggs,NY,Electra Cruiser Lux 1 - 2017,Cruisers Bicycles,Electra,2,439.99,0.07,818.3814,23
1067,17-08-2017,4,Baldwin Bikes,Barbera Riggs,NY,Trek Conduit+ - 2016,Electric Bikes,Trek,2,2999.99,0.2,4799.984,17
1067,17-08-2017,4,Baldwin Bikes,Barbera Riggs,NY,Sun Bicycles Biscayne Tandem 7 - 2017,Cruisers Bicycles,Sun Bicycles,2,619.99,0.1,1115.982,1
1067,17-08-2017,4,Baldwin Bikes,Barbera Riggs,NY,Surly Ice Cream Truck Frameset - 2016,Mountain Bikes,Surly,2,469.99,0.2,751.984,11
1068,17-08-2017,4,Baldwin Bikes,Courtney Wyatt,NY,Trek Precaliber 12 Boys - 2017,Children Bicycles,Trek,2,189.99,0.2,303.984,14
1068,17-08-2017,4,Baldwin Bikes,Courtney Wyatt,NY,Electra Amsterdam Original 3i Ladies' - 2017,Cruisers Bicycles,Electra,1,659.99,0.2,527.992,4
1068,17-08-2017,4,Baldwin Bikes,Courtney Wyatt,NY,Trek Domane SL 6 - 2017,Road Bikes,Trek,2,3499.99,0.2,5599.984,4
1068,17-08-2017,4,Baldwin Bikes,Courtney Wyatt,NY,Haro SR 1.2 - 2017,Mountain Bikes,Haro,2,869.99,0.2,1391.984,13
1069,17-08-2017,4,Baldwin Bikes,Lise Alvarado,NY,Sun Bicycles Cruz 7 - Women's - 2017,Comfort Bicycles,Sun Bicycles,1,416.99,0.07,387.8007,25
1069,17-08-2017,4,Baldwin Bikes,Lise Alvarado,NY,Haro Shredder 20 Girls - 2017,Children Bicycles,Haro,1,209.99,0.1,188.991,22
1070,17-08-2017,4,Baldwin Bikes,Emelda Dickerson,NY,Sun Bicycles Drifter 7 - 2017,Comfort Bicycles,Sun Bicycles,1,470.99,0.2,376.792,7
1070,17-08-2017,4,Baldwin Bikes,Emelda Dickerson,NY,Pure Cycles Western 3-Speed - Women's - 2015/2016,Cruisers Bicycles,Pure Cycles,2,449,0.1,808.2,13
1070,17-08-2017,4,Baldwin Bikes,Emelda Dickerson,NY,Haro Shredder Pro 20 - 2017,Children Bicycles,Haro,1,249.99,0.05,237.4905,2
1071,17-08-2017,4,Rowlett Bikes,Delaine Estes,TX,Electra Townie Original 7D - 2015/2016,Comfort Bicycles,Electra,2,499.99,0.2,799.984,15
1072,18-08-2017,3,Santa Cruz Bikes,Bridgette Guerra,CA,Trek Boy's Kickster - 2015/2017,Children Bicycles,Trek,1,149.99,0.2,119.992,13
1072,18-08-2017,3,Santa Cruz Bikes,Bridgette Guerra,CA,Trek Precaliber 16 Boys - 2017,Children Bicycles,Trek,2,209.99,0.07,390.5814,9
1072,18-08-2017,3,Santa Cruz Bikes,Bridgette Guerra,CA,Surly Troll Frameset - 2017,Mountain Bikes,Surly,2,832.99,0.07,1549.3614,26
1073,18-08-2017,4,Baldwin Bikes,Nikita Roy,NY,Electra Amsterdam Fashion 7i Ladies' - 2017,Cruisers Bicycles,Electra,1,1099.99,0.2,879.992,19
1073,18-08-2017,4,Baldwin Bikes,Nikita Roy,NY,Electra Cruiser 1 (24-Inch) - 2016,Cruisers Bicycles,Electra,1,269.99,0.07,251.0907,1
1073,18-08-2017,4,Baldwin Bikes,Nikita Roy,NY,Electra Townie Original 7D EQ - Women's - 2016,Cruisers Bicycles,Electra,1,599.99,0.2,479.992,20
1074,19-08-2017,3,Baldwin Bikes,Deshawn Mendoza,NY,Trek Domane S 5 Disc - 2017,Road Bikes,Trek,1,2599.99,0.1,2339.991,17
1074,19-08-2017,3,Baldwin Bikes,Deshawn Mendoza,NY,Trek Precaliber 12 Boys - 2017,Children Bicycles,Trek,1,189.99,0.07,176.6907,14
1074,19-08-2017,3,Baldwin Bikes,Deshawn Mendoza,NY,Trek Precaliber 16 Boys - 2017,Children Bicycles,Trek,2,209.99,0.1,377.982,8
1075,19-08-2017,4,Santa Cruz Bikes,Sharell Ross,CA,Trek Emonda S 4 - 2017,Road Bikes,Trek,2,1499.99,0.1,2699.982,5
1075,19-08-2017,4,Santa Cruz Bikes,Sharell Ross,CA,Sun Bicycles Drifter 7 - Women's - 2017,Comfort Bicycles,Sun Bicycles,2,470.99,0.05,894.881,11
1076,19-08-2017,4,Baldwin Bikes,Tangela Quinn,NY,"Electra Girl's Hawaii 1 16"" - 2017",Children Bicycles,Electra,1,299.99,0.1,269.991,10
1076,19-08-2017,4,Baldwin Bikes,Tangela Quinn,NY,Electra Townie Original 7D - 2017,Comfort Bicycles,Electra,1,489.99,0.07,455.6907,12
1076,19-08-2017,4,Baldwin Bikes,Tangela Quinn,NY,Sun Bicycles Brickell Tandem 7 - 2017,Cruisers Bicycles,Sun Bicycles,2,749.99,0.07,1394.9814,20
1077,19-08-2017,4,Baldwin Bikes,Dexter Roberts,NY,Sun Bicycles ElectroLite - 2017,Electric Bikes,Sun Bicycles,2,1559.99,0.05,2963.981,1
1078,19-08-2017,4,Baldwin Bikes,Chantay Maynard,NY,"Electra Girl's Hawaii 1 16"" - 2017",Cruisers Bicycles,Electra,2,299.99,0.07,557.9814,20
1078,19-08-2017,4,Baldwin Bikes,Chantay Maynard,NY,Sun Bicycles ElectroLite - 2017,Electric Bikes,Sun Bicycles,2,1559.99,0.2,2495.984,1
1078,19-08-2017,4,Baldwin Bikes,Chantay Maynard,NY,Electra Moto 1 - 2016,Cruisers Bicycles,Electra,1,529.99,0.07,492.8907,6
1078,19-08-2017,4,Baldwin Bikes,Chantay Maynard,NY,Surly Straggler - 2016,Cyclocross Bicycles,Surly,2,1549,0.1,2788.2,13
1078,19-08-2017,4,Baldwin Bikes,Chantay Maynard,NY,Sun Bicycles Biscayne Tandem 7 - 2017,Cruisers Bicycles,Sun Bicycles,2,619.99,0.2,991.984,1
1079,19-08-2017,4,Baldwin Bikes,Martha Burgess,NY,Electra Amsterdam Original 3i - 2015/2017,Cruisers Bicycles,Electra,2,659.99,0.07,1227.5814,6
1080,19-08-2017,4,Baldwin Bikes,Cori Schwartz,NY,Surly Wednesday - 2017,Mountain Bikes,Surly,1,1632.99,0.2,1306.392,10
1080,19-08-2017,4,Baldwin Bikes,Cori Schwartz,NY,Trek Fuel EX 9.8 29 - 2017,Mountain Bikes,Trek,1,4999.99,0.1,4499.991,15
1080,19-08-2017,4,Baldwin Bikes,Cori Schwartz,NY,Trek Silque SLR 7 Women's - 2017,Road Bikes,Trek,1,5999.99,0.05,5699.9905,7
1080,19-08-2017,4,Baldwin Bikes,Cori Schwartz,NY,Trek Farley Alloy Frameset - 2017,Mountain Bikes,Trek,2,469.99,0.2,751.984,13
1080,19-08-2017,4,Baldwin Bikes,Cori Schwartz,NY,Trek Girl's Kickster - 2017,Children Bicycles,Trek,1,149.99,0.05,142.4905,24
1081,19-08-2017,4,Baldwin Bikes,Jerri Henry,NY,Surly Steamroller - 2017,Road Bikes,Surly,2,875.99,0.1,1576.782,23
1082,20-08-2017,4,Baldwin Bikes,Consuela Romero,NY,Trek X-Caliber 8 - 2017,Mountain Bikes,Trek,2,999.99,0.2,1599.984,29
1083,20-08-2017,4,Baldwin Bikes,Renna Williams,NY,Sun Bicycles Lil Bolt Type-R - 2017,Cruisers Bicycles,Sun Bicycles,2,346.99,0.2,555.184,16
1083,20-08-2017,4,Baldwin Bikes,Renna Williams,NY,Electra Glam Punk 3i Ladies' - 2017,Cruisers Bicycles,Electra,2,799.99,0.1,1439.982,25
1083,20-08-2017,4,Baldwin Bikes,Renna Williams,NY,Trek Powerfly 8 FS Plus - 2017,Electric Bikes,Trek,1,4999.99,0.07,4649.9907,20
1083,20-08-2017,4,Baldwin Bikes,Renna Williams,NY,Surly Wednesday Frameset - 2017,Mountain Bikes,Surly,1,469.99,0.2,375.992,8
1084,21-08-2017,4,Santa Cruz Bikes,Kasha Todd,CA,Surly Ice Cream Truck Frameset - 2017,Mountain Bikes,Surly,1,999.99,0.05,949.9905,30
1084,21-08-2017,4,Santa Cruz Bikes,Kasha Todd,CA,Electra Amsterdam Original 3i - 2015/2017,Cruisers Bicycles,Electra,1,659.99,0.05,626.9905,3
1084,21-08-2017,4,Santa Cruz Bikes,Kasha Todd,CA,Electra Straight 8 3i (20-inch) - Boy's - 2017,Children Bicycles,Electra,2,489.99,0.2,783.984,28
1084,21-08-2017,4,Santa Cruz Bikes,Kasha Todd,CA,Sun Bicycles Lil Bolt Type-R - 2017,Cruisers Bicycles,Sun Bicycles,2,346.99,0.07,645.4014,10
1084,21-08-2017,4,Santa Cruz Bikes,Kasha Todd,CA,Sun Bicycles ElectroLite - 2017,Electric Bikes,Sun Bicycles,1,1559.99,0.1,1403.991,19
1085,21-08-2017,4,Santa Cruz Bikes,Hope Cotton,CA,Sun Bicycles Revolutions 24 - 2017,Cruisers Bicycles,Sun Bicycles,2,250.99,0.2,401.584,12
1085,21-08-2017,4,Santa Cruz Bikes,Hope Cotton,CA,Electra Townie Original 7D - 2017,Cruisers Bicycles,Electra,1,489.99,0.1,440.991,30
1085,21-08-2017,4,Santa Cruz Bikes,Hope Cotton,CA,Electra Cruiser Lux 1 - 2017,Cruisers Bicycles,Electra,1,439.99,0.1,395.991,9
1086,21-08-2017,4,Baldwin Bikes,Lucio Sherman,NY,Sun Bicycles Cruz 3 - Women's - 2017,Comfort Bicycles,Sun Bicycles,1,449.99,0.07,418.4907,29
1086,21-08-2017,4,Baldwin Bikes,Lucio Sherman,NY,Sun Bicycles Revolutions 24 - Girl's - 2017,Cruisers Bicycles,Sun Bicycles,1,250.99,0.1,225.891,8
1086,21-08-2017,4,Baldwin Bikes,Lucio Sherman,NY,Electra Amsterdam Fashion 7i Ladies' - 2017,Cruisers Bicycles,Electra,2,1099.99,0.05,2089.981,19
1086,21-08-2017,4,Baldwin Bikes,Lucio Sherman,NY,Surly Straggler - 2016,Cyclocross Bicycles,Surly,2,1549,0.07,2881.14,13
1086,21-08-2017,4,Baldwin Bikes,Lucio Sherman,NY,Heller Shagamaw Frame - 2016,Mountain Bikes,Heller,1,1320.99,0.2,1056.792,1
1087,22-08-2017,4,Rowlett Bikes,Kermit Bowman,TX,Electra Moto 1 - 2016,Cruisers Bicycles,Electra,1,529.99,0.07,492.8907,22
1087,22-08-2017,4,Rowlett Bikes,Kermit Bowman,TX,Electra Townie Original 7D - 2017,Comfort Bicycles,Electra,2,489.99,0.07,911.3814,22
1087,22-08-2017,4,Rowlett Bikes,Kermit Bowman,TX,Trek Domane S 5 Disc - 2017,Road Bikes,Trek,2,2599.99,0.1,4679.982,0
1087,22-08-2017,4,Rowlett Bikes,Kermit Bowman,TX,Electra Cruiser 1 (24-Inch) - 2016,Cruisers Bicycles,Electra,2,269.99,0.07,502.1814,19
1087,22-08-2017,4,Rowlett Bikes,Kermit Bowman,TX,Sun Bicycles Cruz 7 - Women's - 2017,Comfort Bicycles,Sun Bicycles,2,416.99,0.2,667.184,24
1088,22-08-2017,4,Rowlett Bikes,Efren Whitfield,TX,Electra Townie Original 7D - 2017,Cruisers Bicycles,Electra,1,489.99,0.1,440.991,22
1088,22-08-2017,4,Rowlett Bikes,Efren Whitfield,TX,Surly Ice Cream Truck Frameset - 2017,Mountain Bikes,Surly,1,999.99,0.1,899.991,23
1088,22-08-2017,4,Rowlett Bikes,Efren Whitfield,TX,Surly Wednesday Frameset - 2017,Mountain Bikes,Surly,1,469.99,0.07,437.0907,14
1088,22-08-2017,4,Rowlett Bikes,Efren Whitfield,TX,Surly Troll Frameset - 2017,Mountain Bikes,Surly,2,832.99,0.2,1332.784,28
1089,23-08-2017,3,Santa Cruz Bikes,Monika Berg,CA,Electra Amsterdam Original 3i - 2015/2017,Cruisers Bicycles,Electra,2,659.99,0.07,1227.5814,3
1089,23-08-2017,3,Santa Cruz Bikes,Monika Berg,CA,Surly Ice Cream Truck Frameset - 2017,Mountain Bikes,Surly,2,999.99,0.05,1899.981,30
1090,24-08-2017,4,Santa Cruz Bikes,Mikel Wilkerson,CA,Electra Cruiser Lux 1 - 2017,Cruisers Bicycles,Electra,1,439.99,0.2,351.992,9
1091,24-08-2017,4,Baldwin Bikes,Phuong Wolf,NY,Electra Savannah 3i (20-inch) - Girl's - 2017,Children Bicycles,Electra,1,349.99,0.05,332.4905,15
1091,24-08-2017,4,Baldwin Bikes,Phuong Wolf,NY,Trek Domane SLR 6 Disc - 2017,Road Bikes,Trek,1,5499.99,0.1,4949.991,20
1091,24-08-2017,4,Baldwin Bikes,Phuong Wolf,NY,Pure Cycles William 3-Speed - 2016,Cruisers Bicycles,Pure Cycles,1,449,0.1,404.1,15
1092,25-08-2017,4,Santa Cruz Bikes,Ronna Butler,CA,Trek Session DH 27.5 Carbon Frameset - 2017,Mountain Bikes,Trek,1,469.99,0.05,446.4905,2
1092,25-08-2017,4,Santa Cruz Bikes,Ronna Butler,CA,Surly Ice Cream Truck Frameset - 2017,Mountain Bikes,Surly,2,999.99,0.07,1859.9814,30
1092,25-08-2017,4,Santa Cruz Bikes,Ronna Butler,CA,Ritchey Timberwolf Frameset - 2016,Mountain Bikes,Ritchey,2,749.99,0.1,1349.982,5
1092,25-08-2017,4,Santa Cruz Bikes,Ronna Butler,CA,Pure Cycles Western 3-Speed - Women's - 2015/2016,Cruisers Bicycles,Pure Cycles,1,449,0.2,359.2,16
1093,25-08-2017,4,Santa Cruz Bikes,Shiela Calderon,CA,Haro SR 1.2 - 2017,Mountain Bikes,Haro,2,869.99,0.07,1618.1814,15
1093,25-08-2017,4,Santa Cruz Bikes,Shiela Calderon,CA,Pure Cycles Vine 8-Speed - 2016,Cruisers Bicycles,Pure Cycles,2,429,0.1,772.2,2
1093,25-08-2017,4,Santa Cruz Bikes,Shiela Calderon,CA,Trek Precaliber 16 Girls - 2017,Children Bicycles,Trek,2,209.99,0.1,377.982,4
1094,25-08-2017,4,Baldwin Bikes,Renato Morton,NY,Sun Bicycles Atlas X-Type - 2017,Cruisers Bicycles,Sun Bicycles,1,416.99,0.1,375.291,30
1094,25-08-2017,4,Baldwin Bikes,Renato Morton,NY,Surly Straggler 650b - 2016,Cyclocross Bicycles,Surly,1,1680.99,0.1,1512.891,21
1094,25-08-2017,4,Baldwin Bikes,Renato Morton,NY,Electra Townie Original 21D - 2016,Comfort Bicycles,Electra,1,549.99,0.1,494.991,16
1094,25-08-2017,4,Baldwin Bikes,Renato Morton,NY,Sun Bicycles Cruz 7 - 2017,Comfort Bicycles,Sun Bicycles,1,416.99,0.2,333.592,29
1095,26-08-2017,4,Rowlett Bikes,Wynona Douglas,TX,Sun Bicycles Biscayne Tandem CB - 2017,Cruisers Bicycles,Sun Bicycles,2,647.99,0.05,1231.181,19
1095,26-08-2017,4,Rowlett Bikes,Wynona Douglas,TX,Surly Wednesday Frameset - 2016,Mountain Bikes,Surly,2,999.99,0.2,1599.984,0
1095,26-08-2017,4,Rowlett Bikes,Wynona Douglas,TX,Electra Moto 1 - 2016,Cruisers Bicycles,Electra,2,529.99,0.1,953.982,22
1095,26-08-2017,4,Rowlett Bikes,Wynona Douglas,TX,Surly Wednesday - 2017,Mountain Bikes,Surly,1,1632.99,0.2,1306.392,10
1095,26-08-2017,4,Rowlett Bikes,Wynona Douglas,TX,Trek Silque SLR 7 Women's - 2017,Road Bikes,Trek,2,5999.99,0.05,11399.981,25
1096,27-08-2017,4,Santa Cruz Bikes,Jeffry Church,CA,Surly Straggler 650b - 2016,Cyclocross Bicycles,Surly,1,1680.99,0.1,1512.891,8
1097,27-08-2017,4,Baldwin Bikes,Whitley Cannon,NY,Electra Sugar Skulls 1 (20-inch) - Girl's - 2017,Children Bicycles,Electra,1,299.99,0.05,284.9905,24
1097,27-08-2017,4,Baldwin Bikes,Whitley Cannon,NY,Sun Bicycles Cruz 3 - 2017,Comfort Bicycles,Sun Bicycles,2,449.99,0.07,836.9814,7
1097,27-08-2017,4,Baldwin Bikes,Whitley Cannon,NY,Electra Straight 8 3i (20-inch) - Boy's - 2017,Children Bicycles,Electra,2,489.99,0.07,911.3814,14
1097,27-08-2017,4,Baldwin Bikes,Whitley Cannon,NY,Pure Cycles William 3-Speed - 2016,Cruisers Bicycles,Pure Cycles,1,449,0.2,359.2,15
1097,27-08-2017,4,Baldwin Bikes,Whitley Cannon,NY,Sun Bicycles Spider 3i - 2017,Mountain Bikes,Sun Bicycles,2,832.99,0.05,1582.681,25
1098,28-08-2017,4,Santa Cruz Bikes,Lloyd Miranda,CA,Trek Precaliber 12 Girls - 2017,Children Bicycles,Trek,1,189.99,0.1,170.991,7
1099,28-08-2017,4,Baldwin Bikes,Bea Kane,NY,Electra Townie Original 7D - 2017,Cruisers Bicycles,Electra,1,489.99,0.1,440.991,30
1099,28-08-2017,4,Baldwin Bikes,Bea Kane,NY,Electra Cruiser 1 (24-Inch) - 2016,Cruisers Bicycles,Electra,2,269.99,0.05,512.981,1
1099,28-08-2017,4,Baldwin Bikes,Bea Kane,NY,Haro SR 1.3 - 2017,Mountain Bikes,Haro,1,1409.99,0.07,1311.2907,18
1099,28-08-2017,4,Baldwin Bikes,Bea Kane,NY,Trek Precaliber 16 Boys - 2017,Children Bicycles,Trek,2,209.99,0.1,377.982,8
1100,28-08-2017,4,Baldwin Bikes,Trista Lambert,NY,Electra Townie Original 21D - 2016,Cruisers Bicycles,Electra,1,549.99,0.05,522.4905,2
1100,28-08-2017,4,Baldwin Bikes,Trista Lambert,NY,Trek Conduit+ - 2016,Electric Bikes,Trek,2,2999.99,0.1,5399.982,17
1101,29-08-2017,4,Baldwin Bikes,Mina Carrillo,NY,Sun Bicycles Streamway 7 - 2017,Comfort Bicycles,Sun Bicycles,1,533.99,0.07,496.6107,3
1101,29-08-2017,4,Baldwin Bikes,Mina Carrillo,NY,Trek Silque SLR 8 Women's - 2017,Road Bikes,Trek,1,6499.99,0.05,6174.9905,8
1102,29-08-2017,4,Baldwin Bikes,Glady Wells,NY,Trek Precaliber 24 (21-Speed) - Girls - 2017,Children Bicycles,Trek,1,349.99,0.07,325.4907,0
1103,31-08-2017,4,Baldwin Bikes,Genny Fields,NY,Sun Bicycles Cruz 3 - 2017,Comfort Bicycles,Sun Bicycles,1,449.99,0.2,359.992,7
1103,31-08-2017,4,Baldwin Bikes,Genny Fields,NY,Haro SR 1.3 - 2017,Mountain Bikes,Haro,2,1409.99,0.2,2255.984,18
1104,01-09-2017,4,Baldwin Bikes,Trinity Riddle,NY,Pure Cycles Vine 8-Speed - 2016,Cruisers Bicycles,Pure Cycles,1,429,0.1,386.1,3
1104,01-09-2017,4,Baldwin Bikes,Trinity Riddle,NY,Electra Amsterdam Original 3i - 2015/2017,Cruisers Bicycles,Electra,2,659.99,0.1,1187.982,6
1104,01-09-2017,4,Baldwin Bikes,Trinity Riddle,NY,Trek Fuel EX 9.8 27.5 Plus - 2017,Mountain Bikes,Trek,1,5299.99,0.07,4928.9907,2
1104,01-09-2017,4,Baldwin Bikes,Trinity Riddle,NY,Sun Bicycles Brickell Tandem CB - 2017,Cruisers Bicycles,Sun Bicycles,1,761.99,0.07,708.6507,27
1105,01-09-2017,4,Rowlett Bikes,Margret Barnett,TX,Sun Bicycles ElectroLite - 2017,Electric Bikes,Sun Bicycles,1,1559.99,0.05,1481.9905,7
1105,01-09-2017,4,Rowlett Bikes,Margret Barnett,TX,Trek Domane SLR 6 Disc - 2017,Road Bikes,Trek,2,5499.99,0.2,8799.984,19
1105,01-09-2017,4,Rowlett Bikes,Margret Barnett,TX,Sun Bicycles Spider 3i - 2017,Mountain Bikes,Sun Bicycles,2,832.99,0.07,1549.3614,3
1106,02-09-2017,4,Baldwin Bikes,Deangelo Cooley,NY,Electra Moto 3i (20-inch) - Boy's - 2017,Children Bicycles,Electra,1,349.99,0.1,314.991,22
1107,02-09-2017,4,Baldwin Bikes,Lashunda Cole,NY,Trek Fuel EX 9.8 27.5 Plus - 2017,Mountain Bikes,Trek,1,5299.99,0.2,4239.992,2
1107,02-09-2017,4,Baldwin Bikes,Lashunda Cole,NY,Haro Shift R3 - 2017,Mountain Bikes,Haro,2,1469.99,0.2,2351.984,6
1108,03-09-2017,4,Santa Cruz Bikes,Aide Franco,CA,Haro SR 1.2 - 2017,Mountain Bikes,Haro,2,869.99,0.05,1652.981,15
1108,03-09-2017,4,Santa Cruz Bikes,Aide Franco,CA,Electra Townie 3i EQ (20-inch) - Boys' - 2017,Children Bicycles,Electra,1,489.99,0.07,455.6907,15
1108,03-09-2017,4,Santa Cruz Bikes,Aide Franco,CA,Sun Bicycles Streamway 7 - 2017,Comfort Bicycles,Sun Bicycles,1,533.99,0.07,496.6107,7
1109,03-09-2017,4,Baldwin Bikes,Kaylee English,NY,Sun Bicycles Biscayne Tandem 7 - 2017,Cruisers Bicycles,Sun Bicycles,2,619.99,0.1,1115.982,1
1110,04-09-2017,4,Baldwin Bikes,Inocencia Key,NY,Trek Domane SLR 6 Disc - 2017,Road Bikes,Trek,1,5499.99,0.1,4949.991,20
1111,04-09-2017,4,Baldwin Bikes,Delana Wagner,NY,"Electra Girl's Hawaii 1 16"" - 2017",Children Bicycles,Electra,1,299.99,0.05,284.9905,10
1111,04-09-2017,4,Baldwin Bikes,Delana Wagner,NY,Sun Bicycles Revolutions 24 - 2017,Cruisers Bicycles,Sun Bicycles,2,250.99,0.1,451.782,22
1111,04-09-2017,4,Baldwin Bikes,Delana Wagner,NY,Electra Girl's Hawaii 1 (16-inch) - 2015/2016,Cruisers Bicycles,Electra,1,269.99,0.2,215.992,18
1111,04-09-2017,4,Baldwin Bikes,Delana Wagner,NY,Electra Townie Original 21D - 2016,Comfort Bicycles,Electra,1,549.99,0.07,511.4907,16
1112,05-09-2017,4,Baldwin Bikes,Alyse Jacobson,NY,Sun Bicycles Atlas X-Type - 2017,Cruisers Bicycles,Sun Bicycles,2,416.99,0.05,792.281,30
1112,05-09-2017,4,Baldwin Bikes,Alyse Jacobson,NY,Trek Fuel EX 5 27.5 Plus - 2017,Mountain Bikes,Trek,1,2299.99,0.07,2138.9907,16
1112,05-09-2017,4,Baldwin Bikes,Alyse Jacobson,NY,Heller Shagamaw Frame - 2016,Mountain Bikes,Heller,2,1320.99,0.1,2377.782,1
1112,05-09-2017,4,Baldwin Bikes,Alyse Jacobson,NY,Trek Precaliber 12 Boys - 2017,Children Bicycles,Trek,2,189.99,0.07,353.3814,14
1112,05-09-2017,4,Baldwin Bikes,Alyse Jacobson,NY,Trek Conduit+ - 2016,Electric Bikes,Trek,2,2999.99,0.1,5399.982,17
1113,06-09-2017,4,Baldwin Bikes,Aleta Stone,NY,Sun Bicycles Cruz 3 - 2017,Comfort Bicycles,Sun Bicycles,1,449.99,0.07,418.4907,7
1114,06-09-2017,4,Baldwin Bikes,Randee Lester,NY,Surly Steamroller - 2017,Road Bikes,Surly,1,875.99,0.2,700.792,23
1115,07-09-2017,4,Baldwin Bikes,Penny Acevedo,NY,Electra Savannah 3i (20-inch) - Girl's - 2017,Children Bicycles,Electra,2,349.99,0.2,559.984,15
1115,07-09-2017,4,Baldwin Bikes,Penny Acevedo,NY,Trek Silque SLR 7 Women's - 2017,Road Bikes,Trek,2,5999.99,0.07,11159.9814,7
1115,07-09-2017,4,Baldwin Bikes,Penny Acevedo,NY,Trek Precaliber 24 (21-Speed) - Girls - 2017,Children Bicycles,Trek,2,349.99,0.07,650.9814,0
1115,07-09-2017,4,Baldwin Bikes,Penny Acevedo,NY,Trek Domane SL 6 - 2017,Road Bikes,Trek,2,3499.99,0.1,6299.982,4
1116,08-09-2017,4,Baldwin Bikes,Tu Ramirez,NY,Surly Straggler 650b - 2016,Cyclocross Bicycles,Surly,2,1680.99,0.07,3126.6414,21
1117,08-09-2017,4,Baldwin Bikes,Somer Jordan,NY,Haro Flightline One ST - 2017,Mountain Bikes,Haro,2,379.99,0.1,683.982,5
1117,08-09-2017,4,Baldwin Bikes,Somer Jordan,NY,Trek Precaliber 24 (21-Speed) - Girls - 2017,Children Bicycles,Trek,1,349.99,0.2,279.992,0
1117,08-09-2017,4,Baldwin Bikes,Somer Jordan,NY,Trek Silque SLR 8 Women's - 2017,Road Bikes,Trek,2,6499.99,0.1,11699.982,8
1118,08-09-2017,4,Baldwin Bikes,Adena Blake,NY,Trek Domane S 6 - 2017,Road Bikes,Trek,2,2699.99,0.2,4319.984,5
1118,08-09-2017,4,Baldwin Bikes,Adena Blake,NY,Trek Silque SLR 7 Women's - 2017,Road Bikes,Trek,1,5999.99,0.07,5579.9907,7
1118,08-09-2017,4,Baldwin Bikes,Adena Blake,NY,Trek X-Caliber 8 - 2017,Mountain Bikes,Trek,1,999.99,0.05,949.9905,29
1118,08-09-2017,4,Baldwin Bikes,Adena Blake,NY,Trek Remedy 9.8 - 2017,Mountain Bikes,Trek,2,5299.99,0.2,8479.984,0
1119,10-09-2017,4,Santa Cruz Bikes,Oralia Farley,CA,Haro Shredder 20 Girls - 2017,Children Bicycles,Haro,2,209.99,0.1,377.982,22
1119,10-09-2017,4,Santa Cruz Bikes,Oralia Farley,CA,Trek Domane S 6 - 2017,Road Bikes,Trek,2,2699.99,0.05,5129.981,11
1119,10-09-2017,4,Santa Cruz Bikes,Oralia Farley,CA,Sun Bicycles Streamway - 2017,Comfort Bicycles,Sun Bicycles,1,481.99,0.2,385.592,25
1120,10-09-2017,4,Baldwin Bikes,Gustavo Gamble,NY,Haro Shredder 20 - 2017,Children Bicycles,Haro,2,209.99,0.07,390.5814,22
1120,10-09-2017,4,Baldwin Bikes,Gustavo Gamble,NY,Surly Wednesday - 2017,Mountain Bikes,Surly,1,1632.99,0.07,1518.6807,10
1120,10-09-2017,4,Baldwin Bikes,Gustavo Gamble,NY,Surly Ice Cream Truck Frameset - 2017,Mountain Bikes,Surly,2,999.99,0.05,1899.981,17
1120,10-09-2017,4,Baldwin Bikes,Gustavo Gamble,NY,Haro Shredder 20 Girls - 2017,Children Bicycles,Haro,1,209.99,0.07,195.2907,22
1120,10-09-2017,4,Baldwin Bikes,Gustavo Gamble,NY,Haro Shredder Pro 20 - 2017,Children Bicycles,Haro,1,249.99,0.2,199.992,2
1121,11-09-2017,4,Baldwin Bikes,Janae Doyle,NY,Surly Straggler 650b - 2016,Cyclocross Bicycles,Surly,2,1680.99,0.1,3025.782,21
1121,11-09-2017,4,Baldwin Bikes,Janae Doyle,NY,Sun Bicycles Drifter 7 - 2017,Comfort Bicycles,Sun Bicycles,2,470.99,0.05,894.881,7
1122,12-09-2017,4,Baldwin Bikes,Parthenia Holman,NY,Trek Conduit+ - 2016,Electric Bikes,Trek,2,2999.99,0.07,5579.9814,17
1122,12-09-2017,4,Baldwin Bikes,Parthenia Holman,NY,Surly Ogre Frameset - 2017,Road Bikes,Surly,1,749.99,0.1,674.991,19
1122,12-09-2017,4,Baldwin Bikes,Parthenia Holman,NY,Trek Domane SL 6 - 2017,Road Bikes,Trek,2,3499.99,0.2,5599.984,4
1122,12-09-2017,4,Baldwin Bikes,Parthenia Holman,NY,Haro Shift R3 - 2017,Mountain Bikes,Haro,2,1469.99,0.05,2792.981,6
1122,12-09-2017,4,Baldwin Bikes,Parthenia Holman,NY,Sun Bicycles Biscayne Tandem 7 - 2017,Cruisers Bicycles,Sun Bicycles,1,619.99,0.1,557.991,1
1123,13-09-2017,4,Baldwin Bikes,Benito Hendrix,NY,Sun Bicycles Lil Bolt Type-R - 2017,Cruisers Bicycles,Sun Bicycles,2,346.99,0.07,645.4014,16
1123,13-09-2017,4,Baldwin Bikes,Benito Hendrix,NY,Trek Powerfly 8 FS Plus - 2017,Electric Bikes,Trek,2,4999.99,0.1,8999.982,20
1124,13-09-2017,4,Rowlett Bikes,Pinkie Kirkland,TX,Trek Slash 8 27.5 - 2016,Mountain Bikes,Trek,2,3999.99,0.1,7199.982,12
1124,13-09-2017,4,Rowlett Bikes,Pinkie Kirkland,TX,Surly Ice Cream Truck Frameset - 2016,Mountain Bikes,Surly,1,469.99,0.1,422.991,27
1124,13-09-2017,4,Rowlett Bikes,Pinkie Kirkland,TX,Sun Bicycles Cruz 7 - Women's - 2017,Comfort Bicycles,Sun Bicycles,2,416.99,0.07,775.6014,24
1124,13-09-2017,4,Rowlett Bikes,Pinkie Kirkland,TX,Haro SR 1.2 - 2017,Mountain Bikes,Haro,2,869.99,0.05,1652.981,1
1124,13-09-2017,4,Rowlett Bikes,Pinkie Kirkland,TX,Ritchey Timberwolf Frameset - 2016,Mountain Bikes,Ritchey,2,749.99,0.05,1424.981,24
1125,14-09-2017,4,Baldwin Bikes,Krissy Ochoa,NY,Electra Townie Original 7D EQ - 2016,Cruisers Bicycles,Electra,2,599.99,0.05,1139.981,20
1125,14-09-2017,4,Baldwin Bikes,Krissy Ochoa,NY,Electra Cruiser 1 (24-Inch) - 2016,Children Bicycles,Electra,1,269.99,0.1,242.991,16
1125,14-09-2017,4,Baldwin Bikes,Krissy Ochoa,NY,Electra Amsterdam Fashion 7i Ladies' - 2017,Cruisers Bicycles,Electra,2,1099.99,0.07,2045.9814,19
1125,14-09-2017,4,Baldwin Bikes,Krissy Ochoa,NY,Electra Townie Original 21D - 2016,Comfort Bicycles,Electra,1,549.99,0.07,511.4907,16
1125,14-09-2017,4,Baldwin Bikes,Krissy Ochoa,NY,Trek Farley Alloy Frameset - 2017,Mountain Bikes,Trek,2,469.99,0.07,874.1814,13
1126,14-09-2017,4,Rowlett Bikes,Yang Giles,TX,Surly Wednesday Frameset - 2017,Mountain Bikes,Surly,2,469.99,0.1,845.982,14
1126,14-09-2017,4,Rowlett Bikes,Yang Giles,TX,Trek Madone 9.2 - 2017,Road Bikes,Trek,1,4999.99,0.2,3999.992,27
1126,14-09-2017,4,Rowlett Bikes,Yang Giles,TX,Trek Precaliber 16 Boys - 2017,Children Bicycles,Trek,2,209.99,0.05,398.981,22
1127,15-09-2017,4,Baldwin Bikes,Pearl Fox,NY,Electra Girl's Hawaii 1 (20-inch) - 2015/2016,Children Bicycles,Electra,2,299.99,0.1,539.982,12
1127,15-09-2017,4,Baldwin Bikes,Pearl Fox,NY,Electra Moto 3i (20-inch) - Boy's - 2017,Children Bicycles,Electra,2,349.99,0.07,650.9814,22
1127,15-09-2017,4,Baldwin Bikes,Pearl Fox,NY,Haro Flightline One ST - 2017,Mountain Bikes,Haro,1,379.99,0.2,303.992,5
1128,15-09-2017,4,Baldwin Bikes,Sherilyn Wilcox,NY,Haro SR 1.1 - 2017,Mountain Bikes,Haro,1,539.99,0.05,512.9905,24
1128,15-09-2017,4,Baldwin Bikes,Sherilyn Wilcox,NY,Surly Straggler - 2016,Cyclocross Bicycles,Surly,1,1549,0.2,1239.2,13
1128,15-09-2017,4,Baldwin Bikes,Sherilyn Wilcox,NY,Sun Bicycles Lil Bolt Type-R - 2017,Cruisers Bicycles,Sun Bicycles,2,346.99,0.05,659.281,16
1129,17-09-2017,4,Baldwin Bikes,Alissa Hood,NY,Sun Bicycles Atlas X-Type - 2017,Cruisers Bicycles,Sun Bicycles,2,416.99,0.2,667.184,30
1129,17-09-2017,4,Baldwin Bikes,Alissa Hood,NY,Trek Domane SLR 6 Disc - 2017,Road Bikes,Trek,1,5499.99,0.2,4399.992,20
1129,17-09-2017,4,Baldwin Bikes,Alissa Hood,NY,Trek Powerfly 8 FS Plus - 2017,Electric Bikes,Trek,2,4999.99,0.05,9499.981,20
1130,18-09-2017,4,Santa Cruz Bikes,Katelin Kennedy,CA,Trek Domane SL Disc Frameset - 2017,Road Bikes,Trek,2,3199.99,0.2,5119.984,11
1131,18-09-2017,4,Santa Cruz Bikes,Wendie Nash,CA,Sun Bicycles ElectroLite - 2017,Electric Bikes,Sun Bicycles,2,1559.99,0.07,2901.5814,19
1131,18-09-2017,4,Santa Cruz Bikes,Wendie Nash,CA,Sun Bicycles Streamway 3 - 2017,Comfort Bicycles,Sun Bicycles,2,551.99,0.05,1048.781,13
1132,19-09-2017,4,Baldwin Bikes,Margorie Wynn,NY,Trek Fuel EX 9.8 27.5 Plus - 2017,Mountain Bikes,Trek,1,5299.99,0.05,5034.9905,2
1132,19-09-2017,4,Baldwin Bikes,Margorie Wynn,NY,Surly Straggler - 2016,Cyclocross Bicycles,Surly,1,1549,0.1,1394.1,13
1132,19-09-2017,4,Baldwin Bikes,Margorie Wynn,NY,Surly Troll Frameset - 2017,Mountain Bikes,Surly,2,832.99,0.1,1499.382,15
1132,19-09-2017,4,Baldwin Bikes,Margorie Wynn,NY,Electra Townie Original 7D EQ - 2016,Cruisers Bicycles,Electra,1,599.99,0.05,569.9905,20
1133,19-09-2017,4,Baldwin Bikes,Buford Gilbert,NY,Trek Fuel EX 8 29 - 2016,Mountain Bikes,Trek,2,2899.99,0.05,5509.981,2
1133,19-09-2017,4,Baldwin Bikes,Buford Gilbert,NY,Pure Cycles Vine 8-Speed - 2016,Cruisers Bicycles,Pure Cycles,1,429,0.07,398.97,3
1133,19-09-2017,4,Baldwin Bikes,Buford Gilbert,NY,Trek Precaliber 16 Girls - 2017,Children Bicycles,Trek,2,209.99,0.2,335.984,26
1133,19-09-2017,4,Baldwin Bikes,Buford Gilbert,NY,Trek Boone 7 - 2017,Cyclocross Bicycles,Trek,1,3499.99,0.2,2799.992,4
1134,19-09-2017,4,Baldwin Bikes,Diana Reyes,NY,Electra Savannah 3i (20-inch) - Girl's - 2017,Children Bicycles,Electra,1,349.99,0.1,314.991,15
1134,19-09-2017,4,Baldwin Bikes,Diana Reyes,NY,Surly Troll Frameset - 2017,Mountain Bikes,Surly,1,832.99,0.1,749.691,15
1135,19-09-2017,4,Baldwin Bikes,Kate Barber,NY,Electra Townie 7D (20-inch) - Boys' - 2017,Children Bicycles,Electra,2,339.99,0.05,645.981,4
1135,19-09-2017,4,Baldwin Bikes,Kate Barber,NY,Trek Silque SLR 8 Women's - 2017,Road Bikes,Trek,1,6499.99,0.1,5849.991,8
1136,20-09-2017,4,Baldwin Bikes,Rozella Fitzgerald,NY,Sun Bicycles Streamway 7 - 2017,Comfort Bicycles,Sun Bicycles,1,533.99,0.1,480.591,3
1137,20-09-2017,4,Rowlett Bikes,Ivelisse Nixon,TX,Surly Karate Monkey 27.5+ Frameset - 2017,Mountain Bikes,Surly,1,2499.99,0.2,1999.992,20
1137,20-09-2017,4,Rowlett Bikes,Ivelisse Nixon,TX,Trek Madone 9.2 - 2017,Road Bikes,Trek,2,4999.99,0.2,7999.984,27
1137,20-09-2017,4,Rowlett Bikes,Ivelisse Nixon,TX,Sun Bicycles Lil Kitt'n - 2017,Children Bicycles,Sun Bicycles,2,109.99,0.2,175.984,15
1137,20-09-2017,4,Rowlett Bikes,Ivelisse Nixon,TX,Sun Bicycles Cruz 7 - 2017,Cruisers Bicycles,Sun Bicycles,2,416.99,0.07,775.6014,29
1138,21-09-2017,4,Santa Cruz Bikes,Cristobal Hutchinson,CA,Electra Cruiser 1 (24-Inch) - 2016,Cruisers Bicycles,Electra,2,269.99,0.05,512.981,13
1138,21-09-2017,4,Santa Cruz Bikes,Cristobal Hutchinson,CA,Sun Bicycles Streamway 7 - 2017,Comfort Bicycles,Sun Bicycles,2,533.99,0.05,1014.581,7
1138,21-09-2017,4,Santa Cruz Bikes,Cristobal Hutchinson,CA,Haro Shredder 20 Girls - 2017,Children Bicycles,Haro,1,209.99,0.1,188.991,22
1139,21-09-2017,4,Santa Cruz Bikes,Marjory Leonard,CA,Sun Bicycles Cruz 3 - 2017,Comfort Bicycles,Sun Bicycles,2,449.99,0.05,854.981,30
1139,21-09-2017,4,Santa Cruz Bikes,Marjory Leonard,CA,Haro SR 1.1 - 2017,Mountain Bikes,Haro,2,539.99,0.1,971.982,1
1139,21-09-2017,4,Santa Cruz Bikes,Marjory Leonard,CA,Sun Bicycles Cruz 7 - 2017,Cruisers Bicycles,Sun Bicycles,1,416.99,0.05,396.1405,4
1139,21-09-2017,4,Santa Cruz Bikes,Marjory Leonard,CA,Electra Townie Original 7D - 2015/2016,Comfort Bicycles,Electra,2,499.99,0.1,899.982,10
1139,21-09-2017,4,Santa Cruz Bikes,Marjory Leonard,CA,Trek Slash 8 27.5 - 2016,Mountain Bikes,Trek,1,3999.99,0.1,3599.991,8
1140,21-09-2017,4,Rowlett Bikes,Tammy Austin,TX,Trek Stache 5 - 2017,Mountain Bikes,Trek,2,1499.99,0.1,2699.982,22
1140,21-09-2017,4,Rowlett Bikes,Tammy Austin,TX,Sun Bicycles Atlas X-Type - 2017,Cruisers Bicycles,Sun Bicycles,2,416.99,0.07,775.6014,13
1140,21-09-2017,4,Rowlett Bikes,Tammy Austin,TX,Haro Flightline Two 26 Plus - 2017,Mountain Bikes,Haro,2,549.99,0.1,989.982,23
1140,21-09-2017,4,Rowlett Bikes,Tammy Austin,TX,Trek Fuel EX 9.8 29 - 2017,Mountain Bikes,Trek,2,4999.99,0.07,9299.9814,2
1141,22-09-2017,4,Santa Cruz Bikes,Sherise Mercer,CA,Trek Remedy 29 Carbon Frameset - 2016,Mountain Bikes,Trek,1,1799.99,0.1,1619.991,0
1142,23-09-2017,4,Santa Cruz Bikes,Hilde Nieves,CA,Electra Townie Original 7D EQ - Women's - 2016,Cruisers Bicycles,Electra,2,599.99,0.07,1115.9814,26
1142,23-09-2017,4,Santa Cruz Bikes,Hilde Nieves,CA,Surly Ice Cream Truck Frameset - 2017,Mountain Bikes,Surly,1,999.99,0.1,899.991,30
1142,23-09-2017,4,Santa Cruz Bikes,Hilde Nieves,CA,Sun Bicycles Cruz 7 - Women's - 2017,Comfort Bicycles,Sun Bicycles,2,416.99,0.05,792.281,30
1142,23-09-2017,4,Santa Cruz Bikes,Hilde Nieves,CA,Sun Bicycles Cruz 3 - Women's - 2017,Comfort Bicycles,Sun Bicycles,2,449.99,0.2,719.984,15
1142,23-09-2017,4,Santa Cruz Bikes,Hilde Nieves,CA,Electra Townie 3i EQ (20-inch) - Boys' - 2017,Children Bicycles,Electra,2,489.99,0.05,930.981,15
1143,24-09-2017,4,Santa Cruz Bikes,Willow Gardner,CA,Electra Sugar Skulls 1 (20-inch) - Girl's - 2017,Children Bicycles,Electra,1,299.99,0.2,239.992,28
1143,24-09-2017,4,Santa Cruz Bikes,Willow Gardner,CA,Trek Emonda S 4 - 2017,Road Bikes,Trek,1,1499.99,0.2,1199.992,5
1143,24-09-2017,4,Santa Cruz Bikes,Willow Gardner,CA,Sun Bicycles Cruz 7 - 2017,Cruisers Bicycles,Sun Bicycles,2,416.99,0.1,750.582,4
1144,24-09-2017,4,Baldwin Bikes,Sonja Walls,NY,Trek Precaliber 12 Girls - 2017,Children Bicycles,Trek,1,189.99,0.07,176.6907,8
1145,25-09-2017,4,Baldwin Bikes,Jenna Saunders,NY,Sun Bicycles Streamway 7 - 2017,Comfort Bicycles,Sun Bicycles,2,533.99,0.07,993.2214,3
1146,25-09-2017,4,Baldwin Bikes,Lamar Greer,NY,Surly Troll Frameset - 2017,Mountain Bikes,Surly,1,832.99,0.07,774.6807,15
1146,25-09-2017,4,Baldwin Bikes,Lamar Greer,NY,Electra Townie Original 7D - 2017,Cruisers Bicycles,Electra,1,489.99,0.2,391.992,30
1146,25-09-2017,4,Baldwin Bikes,Lamar Greer,NY,Surly Straggler 650b - 2016,Cyclocross Bicycles,Surly,1,1680.99,0.2,1344.792,21
1147,25-09-2017,4,Baldwin Bikes,Eloisa Tucker,NY,Electra Amsterdam Original 3i Ladies' - 2017,Cruisers Bicycles,Electra,1,659.99,0.2,527.992,4
1147,25-09-2017,4,Baldwin Bikes,Eloisa Tucker,NY,Trek Stache 5 - 2017,Mountain Bikes,Trek,2,1499.99,0.05,2849.981,28
1148,25-09-2017,4,Baldwin Bikes,Dorine Thornton,NY,Electra Amsterdam Original 3i Ladies' - 2017,Cruisers Bicycles,Electra,1,659.99,0.07,613.7907,4
1148,25-09-2017,4,Baldwin Bikes,Dorine Thornton,NY,Electra Girl's Hawaii 1 (16-inch) - 2015/2016,Children Bicycles,Electra,1,269.99,0.07,251.0907,0
1148,25-09-2017,4,Baldwin Bikes,Dorine Thornton,NY,Electra Glam Punk 3i Ladies' - 2017,Cruisers Bicycles,Electra,2,799.99,0.05,1519.981,25
1148,25-09-2017,4,Baldwin Bikes,Dorine Thornton,NY,Haro Shredder Pro 20 - 2017,Children Bicycles,Haro,2,249.99,0.1,449.982,2
1149,27-09-2017,4,Baldwin Bikes,Malisa Mitchell,NY,Electra Straight 8 3i (20-inch) - Boy's - 2017,Children Bicycles,Electra,2,489.99,0.07,911.3814,14
1149,27-09-2017,4,Baldwin Bikes,Malisa Mitchell,NY,Trek Emonda S 4 - 2017,Road Bikes,Trek,1,1499.99,0.05,1424.9905,20
1149,27-09-2017,4,Baldwin Bikes,Malisa Mitchell,NY,Trek Madone 9.2 - 2017,Road Bikes,Trek,1,4999.99,0.05,4749.9905,15
1149,27-09-2017,4,Baldwin Bikes,Malisa Mitchell,NY,Haro Downtown 16 - 2017,Children Bicycles,Haro,1,329.99,0.2,263.992,6
1149,27-09-2017,4,Baldwin Bikes,Malisa Mitchell,NY,Haro Shredder Pro 20 - 2017,Children Bicycles,Haro,1,249.99,0.1,224.991,2
1150,28-09-2017,4,Baldwin Bikes,Kim Clark,NY,Trek X-Caliber 8 - 2017,Mountain Bikes,Trek,1,999.99,0.05,949.9905,29
1150,28-09-2017,4,Baldwin Bikes,Kim Clark,NY,Trek Precaliber 24 (21-Speed) - Girls - 2017,Children Bicycles,Trek,1,349.99,0.05,332.4905,0
1150,28-09-2017,4,Baldwin Bikes,Kim Clark,NY,Sun Bicycles Streamway - 2017,Comfort Bicycles,Sun Bicycles,2,481.99,0.07,896.5014,26
1150,28-09-2017,4,Baldwin Bikes,Kim Clark,NY,Electra Cruiser 1 (24-Inch) - 2016,Children Bicycles,Electra,2,269.99,0.1,485.982,16
1151,29-09-2017,4,Santa Cruz Bikes,Majorie Glover,CA,Surly Ice Cream Truck Frameset - 2017,Mountain Bikes,Surly,2,999.99,0.05,1899.981,30
1152,29-09-2017,4,Baldwin Bikes,Trang Hardin,NY,Trek Madone 9.2 - 2017,Road Bikes,Trek,1,4999.99,0.07,4649.9907,15
1152,29-09-2017,4,Baldwin Bikes,Trang Hardin,NY,Trek Precaliber 24 (21-Speed) - Girls - 2017,Children Bicycles,Trek,2,349.99,0.2,559.984,0
1152,29-09-2017,4,Baldwin Bikes,Trang Hardin,NY,Electra Townie Original 21D - 2016,Comfort Bicycles,Electra,1,549.99,0.05,522.4905,16
1153,30-09-2017,4,Baldwin Bikes,Devin Shaffer,NY,Sun Bicycles Streamway 3 - 2017,Comfort Bicycles,Sun Bicycles,1,551.99,0.1,496.791,1
1153,30-09-2017,4,Baldwin Bikes,Devin Shaffer,NY,Surly Ice Cream Truck Frameset - 2016,Mountain Bikes,Surly,2,469.99,0.05,892.981,11
1154,30-09-2017,4,Baldwin Bikes,Tad Gardner,NY,Pure Cycles Vine 8-Speed - 2016,Cruisers Bicycles,Pure Cycles,1,429,0.2,343.2,3
1154,30-09-2017,4,Baldwin Bikes,Tad Gardner,NY,Sun Bicycles ElectroLite - 2017,Electric Bikes,Sun Bicycles,1,1559.99,0.07,1450.7907,1
1154,30-09-2017,4,Baldwin Bikes,Tad Gardner,NY,Sun Bicycles Revolutions 24 - Girl's - 2017,Cruisers Bicycles,Sun Bicycles,2,250.99,0.2,401.584,8
1155,30-09-2017,4,Baldwin Bikes,Julia Joyner,NY,Sun Bicycles Cruz 3 - 2017,Cruisers Bicycles,Sun Bicycles,2,449.99,0.05,854.981,23
1155,30-09-2017,4,Baldwin Bikes,Julia Joyner,NY,Surly Ice Cream Truck Frameset - 2016,Mountain Bikes,Surly,2,469.99,0.1,845.982,11
1155,30-09-2017,4,Baldwin Bikes,Julia Joyner,NY,Sun Bicycles Spider 3i - 2017,Mountain Bikes,Sun Bicycles,1,832.99,0.07,774.6807,25
1155,30-09-2017,4,Baldwin Bikes,Julia Joyner,NY,Electra Glam Punk 3i Ladies' - 2017,Cruisers Bicycles,Electra,2,799.99,0.05,1519.981,25
1156,30-09-2017,4,Baldwin Bikes,Rodrigo Durham,NY,Sun Bicycles Drifter 7 - Women's - 2017,Comfort Bicycles,Sun Bicycles,2,470.99,0.05,894.881,6
1156,30-09-2017,4,Baldwin Bikes,Rodrigo Durham,NY,Trek Girl's Kickster - 2017,Children Bicycles,Trek,1,149.99,0.05,142.4905,24
1157,01-10-2017,4,Santa Cruz Bikes,Corene Wall,CA,Electra Townie Original 7D EQ - Women's - 2016,Cruisers Bicycles,Electra,1,599.99,0.1,539.991,26
1157,01-10-2017,4,Santa Cruz Bikes,Corene Wall,CA,Surly Wednesday - 2017,Mountain Bikes,Surly,2,1632.99,0.1,2939.382,2
1157,01-10-2017,4,Santa Cruz Bikes,Corene Wall,CA,Haro Flightline One ST - 2017,Mountain Bikes,Haro,2,379.99,0.2,607.984,12
1157,01-10-2017,4,Santa Cruz Bikes,Corene Wall,CA,Haro Shift R3 - 2017,Mountain Bikes,Haro,1,1469.99,0.07,1367.0907,10
1158,01-10-2017,4,Santa Cruz Bikes,Lucilla Williams,CA,"Electra Girl's Hawaii 1 16"" - 2017",Children Bicycles,Electra,2,299.99,0.1,539.982,25
1158,01-10-2017,4,Santa Cruz Bikes,Lucilla Williams,CA,Electra Cruiser Lux 1 - 2017,Cruisers Bicycles,Electra,1,439.99,0.07,409.1907,9
1159,01-10-2017,4,Santa Cruz Bikes,Joy Underwood,CA,Electra Townie Original 21D - 2016,Cruisers Bicycles,Electra,2,549.99,0.1,989.982,16
1160,01-10-2017,4,Santa Cruz Bikes,Brianne Hays,CA,Haro Shift R3 - 2017,Mountain Bikes,Haro,1,1469.99,0.1,1322.991,10
1160,01-10-2017,4,Santa Cruz Bikes,Brianne Hays,CA,Trek Conduit+ - 2016,Electric Bikes,Trek,1,2999.99,0.2,2399.992,11
1161,01-10-2017,4,Baldwin Bikes,Kathie Freeman,NY,Sun Bicycles Atlas X-Type - 2017,Cruisers Bicycles,Sun Bicycles,2,416.99,0.1,750.582,30
1161,01-10-2017,4,Baldwin Bikes,Kathie Freeman,NY,Haro Flightline Two 26 Plus - 2017,Mountain Bikes,Haro,1,549.99,0.07,511.4907,18
1161,01-10-2017,4,Baldwin Bikes,Kathie Freeman,NY,Electra Girl's Hawaii 1 (16-inch) - 2015/2016,Children Bicycles,Electra,1,269.99,0.2,215.992,0
1161,01-10-2017,4,Baldwin Bikes,Kathie Freeman,NY,Trek X-Caliber 8 - 2017,Mountain Bikes,Trek,2,999.99,0.1,1799.982,29
1162,01-10-2017,4,Baldwin Bikes,Coleen Navarro,NY,Trek Precaliber 12 Girls - 2017,Children Bicycles,Trek,1,189.99,0.2,151.992,8
1162,01-10-2017,4,Baldwin Bikes,Coleen Navarro,NY,Trek Fuel EX 9.8 29 - 2017,Mountain Bikes,Trek,2,4999.99,0.2,7999.984,15
1162,01-10-2017,4,Baldwin Bikes,Coleen Navarro,NY,Trek Girl's Kickster - 2017,Children Bicycles,Trek,1,149.99,0.1,134.991,24
1162,01-10-2017,4,Baldwin Bikes,Coleen Navarro,NY,Haro Shift R3 - 2017,Mountain Bikes,Haro,1,1469.99,0.05,1396.4905,6
1162,01-10-2017,4,Baldwin Bikes,Coleen Navarro,NY,Electra Townie Original 21D - 2016,Cruisers Bicycles,Electra,2,549.99,0.05,1044.981,2
1163,01-10-2017,4,Baldwin Bikes,Ocie Slater,NY,Trek Boone Race Shop Limited - 2017,Cyclocross Bicycles,Trek,2,3499.99,0.05,6649.981,5
1163,01-10-2017,4,Baldwin Bikes,Ocie Slater,NY,Surly Ogre Frameset - 2017,Road Bikes,Surly,2,749.99,0.1,1349.982,19
1164,01-10-2017,4,Baldwin Bikes,Lillia Gillespie,NY,Trek Remedy 29 Carbon Frameset - 2016,Mountain Bikes,Trek,1,1799.99,0.2,1439.992,1
1164,01-10-2017,4,Baldwin Bikes,Lillia Gillespie,NY,Sun Bicycles Biscayne Tandem CB - 2017,Cruisers Bicycles,Sun Bicycles,1,647.99,0.05,615.5905,4
1164,01-10-2017,4,Baldwin Bikes,Lillia Gillespie,NY,Sun Bicycles Streamway 3 - 2017,Comfort Bicycles,Sun Bicycles,2,551.99,0.05,1048.781,1
1164,01-10-2017,4,Baldwin Bikes,Lillia Gillespie,NY,Haro SR 1.1 - 2017,Mountain Bikes,Haro,2,539.99,0.05,1025.981,24
1165,02-10-2017,4,Baldwin Bikes,Tilda Melton,NY,Sun Bicycles Lil Bolt Type-R - 2017,Cruisers Bicycles,Sun Bicycles,2,346.99,0.07,645.4014,16
1165,02-10-2017,4,Baldwin Bikes,Tilda Melton,NY,Sun Bicycles Cruz 3 - 2017,Cruisers Bicycles,Sun Bicycles,1,449.99,0.07,418.4907,23
1166,03-10-2017,4,Baldwin Bikes,Virgil Frost,NY,Sun Bicycles Streamway 3 - 2017,Comfort Bicycles,Sun Bicycles,2,551.99,0.07,1026.7014,1
1167,04-10-2017,4,Santa Cruz Bikes,Jule Davenport,CA,Trek X-Caliber 8 - 2017,Mountain Bikes,Trek,2,999.99,0.05,1899.981,13
1167,04-10-2017,4,Santa Cruz Bikes,Jule Davenport,CA,Electra Amsterdam Fashion 7i Ladies' - 2017,Cruisers Bicycles,Electra,2,1099.99,0.1,1979.982,25
1167,04-10-2017,4,Santa Cruz Bikes,Jule Davenport,CA,Sun Bicycles Cruz 3 - 2017,Cruisers Bicycles,Sun Bicycles,1,449.99,0.07,418.4907,30
1168,04-10-2017,4,Baldwin Bikes,Tonja Bean,NY,Electra Girl's Hawaii 1 (20-inch) - 2015/2016,Children Bicycles,Electra,2,299.99,0.1,539.982,12
1168,04-10-2017,4,Baldwin Bikes,Tonja Bean,NY,Electra Amsterdam Original 3i Ladies' - 2017,Cruisers Bicycles,Electra,1,659.99,0.2,527.992,4
1168,04-10-2017,4,Baldwin Bikes,Tonja Bean,NY,Trek Silque SLR 8 Women's - 2017,Road Bikes,Trek,1,6499.99,0.07,6044.9907,8
1168,04-10-2017,4,Baldwin Bikes,Tonja Bean,NY,Sun Bicycles Cruz 7 - 2017,Comfort Bicycles,Sun Bicycles,2,416.99,0.2,667.184,29
1168,04-10-2017,4,Baldwin Bikes,Tonja Bean,NY,Electra Moto 1 - 2016,Cruisers Bicycles,Electra,2,529.99,0.05,1006.981,6
1169,04-10-2017,4,Baldwin Bikes,Edris Barrett,NY,Trek Precaliber 24 (21-Speed) - Girls - 2017,Children Bicycles,Trek,2,349.99,0.2,559.984,0
1169,04-10-2017,4,Baldwin Bikes,Edris Barrett,NY,Trek Silque SLR 8 Women's - 2017,Road Bikes,Trek,1,6499.99,0.05,6174.9905,8
1169,04-10-2017,4,Baldwin Bikes,Edris Barrett,NY,Trek Madone 9.2 - 2017,Road Bikes,Trek,2,4999.99,0.1,8999.982,15
1169,04-10-2017,4,Baldwin Bikes,Edris Barrett,NY,Electra Amsterdam Fashion 7i Ladies' - 2017,Cruisers Bicycles,Electra,2,1099.99,0.2,1759.984,19
1170,05-10-2017,4,Baldwin Bikes,Alejandro Haney,NY,Electra Moto 1 - 2016,Cruisers Bicycles,Electra,1,529.99,0.1,476.991,6
1170,05-10-2017,4,Baldwin Bikes,Alejandro Haney,NY,Trek Remedy 9.8 - 2017,Mountain Bikes,Trek,2,5299.99,0.05,10069.981,0
1170,05-10-2017,4,Baldwin Bikes,Alejandro Haney,NY,Trek Boone 7 - 2017,Cyclocross Bicycles,Trek,2,3499.99,0.1,6299.982,4
1171,05-10-2017,4,Baldwin Bikes,Shay Stephenson,NY,Haro Shredder Pro 20 - 2017,Children Bicycles,Haro,2,249.99,0.2,399.984,2
1171,05-10-2017,4,Baldwin Bikes,Shay Stephenson,NY,Haro Shredder 20 - 2017,Children Bicycles,Haro,2,209.99,0.07,390.5814,22
1171,05-10-2017,4,Baldwin Bikes,Shay Stephenson,NY,Surly Straggler - 2016,Cyclocross Bicycles,Surly,2,1549,0.07,2881.14,13
1172,07-10-2017,4,Baldwin Bikes,Neida King,NY,Sun Bicycles Biscayne Tandem CB - 2017,Cruisers Bicycles,Sun Bicycles,2,647.99,0.07,1205.2614,4
1172,07-10-2017,4,Baldwin Bikes,Neida King,NY,Sun Bicycles Streamway - 2017,Comfort Bicycles,Sun Bicycles,1,481.99,0.2,385.592,26
1173,08-10-2017,4,Baldwin Bikes,Dori Alvarez,NY,"Electra Girl's Hawaii 1 16"" - 2017",Children Bicycles,Electra,1,299.99,0.2,239.992,10
1173,08-10-2017,4,Baldwin Bikes,Dori Alvarez,NY,Pure Cycles Vine 8-Speed - 2016,Cruisers Bicycles,Pure Cycles,1,429,0.07,398.97,3
1173,08-10-2017,4,Baldwin Bikes,Dori Alvarez,NY,Sun Bicycles Cruz 3 - 2017,Cruisers Bicycles,Sun Bicycles,1,449.99,0.05,427.4905,23
1173,08-10-2017,4,Baldwin Bikes,Dori Alvarez,NY,Sun Bicycles Streamway 3 - 2017,Comfort Bicycles,Sun Bicycles,2,551.99,0.2,883.184,1
1174,08-10-2017,4,Baldwin Bikes,Gussie Harding,NY,Sun Bicycles Drifter 7 - 2017,Comfort Bicycles,Sun Bicycles,2,470.99,0.2,753.584,7
1174,08-10-2017,4,Baldwin Bikes,Gussie Harding,NY,Surly Ice Cream Truck Frameset - 2016,Mountain Bikes,Surly,1,469.99,0.07,437.0907,11
1174,08-10-2017,4,Baldwin Bikes,Gussie Harding,NY,Sun Bicycles Cruz 3 - 2017,Comfort Bicycles,Sun Bicycles,1,449.99,0.1,404.991,7
1175,09-10-2017,4,Baldwin Bikes,Monty Frost,NY,Trek Madone 9.2 - 2017,Road Bikes,Trek,2,4999.99,0.07,9299.9814,15
1175,09-10-2017,4,Baldwin Bikes,Monty Frost,NY,Sun Bicycles Lil Bolt Type-R - 2017,Cruisers Bicycles,Sun Bicycles,1,346.99,0.2,277.592,16
1175,09-10-2017,4,Baldwin Bikes,Monty Frost,NY,Electra Townie Original 7D EQ - Women's - 2016,Cruisers Bicycles,Electra,1,599.99,0.05,569.9905,20
1175,09-10-2017,4,Baldwin Bikes,Monty Frost,NY,Surly Wednesday Frameset - 2016,Mountain Bikes,Surly,1,999.99,0.05,949.9905,28
1175,09-10-2017,4,Baldwin Bikes,Monty Frost,NY,Trek Conduit+ - 2016,Electric Bikes,Trek,1,2999.99,0.05,2849.9905,17
1176,10-10-2017,4,Rowlett Bikes,Caroline Jenkins,TX,Trek Precaliber 12 Boys - 2017,Children Bicycles,Trek,1,189.99,0.1,170.991,16
1177,12-10-2017,3,Rowlett Bikes,Tobie Little,TX,Trek Boone 7 - 2017,Cyclocross Bicycles,Trek,2,3499.99,0.07,6509.9814,4
1177,12-10-2017,3,Rowlett Bikes,Tobie Little,TX,Electra Cruiser Lux 1 - 2017,Cruisers Bicycles,Electra,1,439.99,0.1,395.991,17
1178,12-10-2017,4,Baldwin Bikes,Agnes Sims,NY,Haro SR 1.3 - 2017,Mountain Bikes,Haro,1,1409.99,0.07,1311.2907,18
1178,12-10-2017,4,Baldwin Bikes,Agnes Sims,NY,Electra Glam Punk 3i Ladies' - 2017,Cruisers Bicycles,Electra,1,799.99,0.2,639.992,25
1178,12-10-2017,4,Baldwin Bikes,Agnes Sims,NY,Sun Bicycles Cruz 3 - Women's - 2017,Comfort Bicycles,Sun Bicycles,1,449.99,0.05,427.4905,29
1178,12-10-2017,4,Baldwin Bikes,Agnes Sims,NY,Electra Cruiser 1 (24-Inch) - 2016,Cruisers Bicycles,Electra,2,269.99,0.05,512.981,1
1179,12-10-2017,4,Rowlett Bikes,Keturah Reid,TX,Haro Shredder 20 Girls - 2017,Children Bicycles,Haro,2,209.99,0.05,398.981,18
1179,12-10-2017,4,Rowlett Bikes,Keturah Reid,TX,Trek Precaliber 12 Girls - 2017,Children Bicycles,Trek,2,189.99,0.05,360.981,28
1179,12-10-2017,4,Rowlett Bikes,Keturah Reid,TX,Surly Wednesday Frameset - 2017,Mountain Bikes,Surly,2,469.99,0.2,751.984,14
1179,12-10-2017,4,Rowlett Bikes,Keturah Reid,TX,Trek Silque SLR 7 Women's - 2017,Road Bikes,Trek,1,5999.99,0.07,5579.9907,25
1180,13-10-2017,4,Santa Cruz Bikes,Desiree Branch,CA,Sun Bicycles Revolutions 24 - 2017,Cruisers Bicycles,Sun Bicycles,2,250.99,0.07,466.8414,12
1181,13-10-2017,4,Baldwin Bikes,Hye Mercer,NY,Electra Straight 8 3i (20-inch) - Boy's - 2017,Children Bicycles,Electra,1,489.99,0.1,440.991,14
1182,13-10-2017,4,Baldwin Bikes,Tempie Jacobson,NY,Sun Bicycles Spider 3i - 2017,Mountain Bikes,Sun Bicycles,1,832.99,0.1,749.691,25
1182,13-10-2017,4,Baldwin Bikes,Tempie Jacobson,NY,Trek Domane SL 6 - 2017,Road Bikes,Trek,2,3499.99,0.1,6299.982,4
1183,14-10-2017,4,Baldwin Bikes,Wai Soto,NY,Trek Boone Race Shop Limited - 2017,Cyclocross Bicycles,Trek,1,3499.99,0.2,2799.992,5
1183,14-10-2017,4,Baldwin Bikes,Wai Soto,NY,Sun Bicycles Brickell Tandem CB - 2017,Cruisers Bicycles,Sun Bicycles,2,761.99,0.2,1219.184,27
1183,14-10-2017,4,Baldwin Bikes,Wai Soto,NY,Surly Ice Cream Truck Frameset - 2016,Mountain Bikes,Surly,2,469.99,0.05,892.981,11
1184,14-10-2017,4,Baldwin Bikes,Mary Singleton,NY,Electra Townie Original 7D EQ - 2016,Cruisers Bicycles,Electra,2,599.99,0.05,1139.981,20
1184,14-10-2017,4,Baldwin Bikes,Mary Singleton,NY,Sun Bicycles Atlas X-Type - 2017,Cruisers Bicycles,Sun Bicycles,1,416.99,0.05,396.1405,30
1185,14-10-2017,4,Baldwin Bikes,Arline Lawson,NY,Pure Cycles William 3-Speed - 2016,Cruisers Bicycles,Pure Cycles,2,449,0.07,835.14,15
1185,14-10-2017,4,Baldwin Bikes,Arline Lawson,NY,Electra Cruiser 1 (24-Inch) - 2016,Children Bicycles,Electra,1,269.99,0.07,251.0907,16
1185,14-10-2017,4,Baldwin Bikes,Arline Lawson,NY,Trek Boone Race Shop Limited - 2017,Cyclocross Bicycles,Trek,2,3499.99,0.1,6299.982,5
1185,14-10-2017,4,Baldwin Bikes,Arline Lawson,NY,Sun Bicycles Brickell Tandem CB - 2017,Cruisers Bicycles,Sun Bicycles,1,761.99,0.2,609.592,27
1186,14-10-2017,4,Baldwin Bikes,Karole Alvarez,NY,Trek Emonda S 4 - 2017,Road Bikes,Trek,2,1499.99,0.1,2699.982,20
1186,14-10-2017,4,Baldwin Bikes,Karole Alvarez,NY,Trek Domane SL 6 - 2017,Road Bikes,Trek,1,3499.99,0.07,3254.9907,4
1186,14-10-2017,4,Baldwin Bikes,Karole Alvarez,NY,Sun Bicycles Cruz 3 - 2017,Comfort Bicycles,Sun Bicycles,1,449.99,0.1,404.991,7
1186,14-10-2017,4,Baldwin Bikes,Karole Alvarez,NY,Surly Big Dummy Frameset - 2017,Mountain Bikes,Surly,1,999.99,0.2,799.992,10
1187,15-10-2017,4,Baldwin Bikes,Valeri Marshall,NY,Surly Troll Frameset - 2017,Mountain Bikes,Surly,2,832.99,0.1,1499.382,15
1187,15-10-2017,4,Baldwin Bikes,Valeri Marshall,NY,Sun Bicycles Boardwalk (24-inch Wheels) - 2017,Cruisers Bicycles,Sun Bicycles,1,402.99,0.07,374.7807,29
1187,15-10-2017,4,Baldwin Bikes,Valeri Marshall,NY,Trek Fuel EX 8 29 - 2016,Mountain Bikes,Trek,1,2899.99,0.1,2609.991,2
1187,15-10-2017,4,Baldwin Bikes,Valeri Marshall,NY,Surly Ogre Frameset - 2017,Road Bikes,Surly,2,749.99,0.1,1349.982,19
1188,15-10-2017,4,Baldwin Bikes,Janelle Maldonado,NY,Sun Bicycles Revolutions 24 - 2017,Cruisers Bicycles,Sun Bicycles,2,250.99,0.1,451.782,22
1188,15-10-2017,4,Baldwin Bikes,Janelle Maldonado,NY,Trek Precaliber 24 (21-Speed) - Girls - 2017,Children Bicycles,Trek,2,349.99,0.2,559.984,0
1188,15-10-2017,4,Baldwin Bikes,Janelle Maldonado,NY,Trek Precaliber 12 Boys - 2017,Children Bicycles,Trek,2,189.99,0.1,341.982,14
1189,15-10-2017,4,Baldwin Bikes,Ira Erickson,NY,Trek Domane S 6 - 2017,Road Bikes,Trek,1,2699.99,0.07,2510.9907,5
1189,15-10-2017,4,Baldwin Bikes,Ira Erickson,NY,Electra Townie Original 7D - 2017,Comfort Bicycles,Electra,2,489.99,0.1,881.982,12
1189,15-10-2017,4,Baldwin Bikes,Ira Erickson,NY,Trek Fuel EX 9.8 29 - 2017,Mountain Bikes,Trek,2,4999.99,0.1,8999.982,15
1190,16-10-2017,4,Baldwin Bikes,Brittney Woodward,NY,Sun Bicycles Atlas X-Type - 2017,Cruisers Bicycles,Sun Bicycles,1,416.99,0.07,387.8007,30
1191,17-10-2017,4,Baldwin Bikes,Ken Charles,NY,Trek Fuel EX 9.8 29 - 2017,Mountain Bikes,Trek,2,4999.99,0.1,8999.982,15
1191,17-10-2017,4,Baldwin Bikes,Ken Charles,NY,Trek Precaliber 16 Boys - 2017,Children Bicycles,Trek,2,209.99,0.1,377.982,8
1191,17-10-2017,4,Baldwin Bikes,Ken Charles,NY,Electra Townie 3i EQ (20-inch) - Boys' - 2017,Children Bicycles,Electra,1,489.99,0.07,455.6907,12
1192,17-10-2017,4,Baldwin Bikes,Douglass Blankenship,NY,Electra Townie Original 21D - 2016,Comfort Bicycles,Electra,2,549.99,0.1,989.982,16
1192,17-10-2017,4,Baldwin Bikes,Douglass Blankenship,NY,Trek Precaliber 12 Girls - 2017,Children Bicycles,Trek,2,189.99,0.07,353.3814,8
1192,17-10-2017,4,Baldwin Bikes,Douglass Blankenship,NY,Haro Flightline One ST - 2017,Mountain Bikes,Haro,2,379.99,0.2,607.984,5
1193,17-10-2017,4,Baldwin Bikes,Adrien Hunter,NY,Trek Boy's Kickster - 2015/2017,Children Bicycles,Trek,2,149.99,0.05,284.981,21
1193,17-10-2017,4,Baldwin Bikes,Adrien Hunter,NY,Surly Big Dummy Frameset - 2017,Mountain Bikes,Surly,1,999.99,0.05,949.9905,10
1194,19-10-2017,4,Santa Cruz Bikes,Bong Hebert,CA,Sun Bicycles Atlas X-Type - 2017,Cruisers Bicycles,Sun Bicycles,1,416.99,0.05,396.1405,25
1194,19-10-2017,4,Santa Cruz Bikes,Bong Hebert,CA,Trek Slash 8 27.5 - 2016,Mountain Bikes,Trek,2,3999.99,0.07,7439.9814,8
1194,19-10-2017,4,Santa Cruz Bikes,Bong Hebert,CA,Sun Bicycles Streamway 7 - 2017,Comfort Bicycles,Sun Bicycles,2,533.99,0.1,961.182,7
1194,19-10-2017,4,Santa Cruz Bikes,Bong Hebert,CA,Sun Bicycles Lil Kitt'n - 2017,Children Bicycles,Sun Bicycles,1,109.99,0.05,104.4905,11
1195,19-10-2017,4,Baldwin Bikes,Molly Langley,NY,Surly Steamroller - 2017,Road Bikes,Surly,1,875.99,0.07,814.6707,23
1196,19-10-2017,4,Baldwin Bikes,Vance Taylor,NY,Surly Ogre Frameset - 2017,Road Bikes,Surly,1,749.99,0.07,697.4907,19
1197,21-10-2017,4,Baldwin Bikes,Barton Crosby,NY,Electra Cruiser 1 (24-Inch) - 2016,Cruisers Bicycles,Electra,1,269.99,0.07,251.0907,1
1197,21-10-2017,4,Baldwin Bikes,Barton Crosby,NY,Sun Bicycles Cruz 3 - Women's - 2017,Comfort Bicycles,Sun Bicycles,2,449.99,0.05,854.981,29
1197,21-10-2017,4,Baldwin Bikes,Barton Crosby,NY,Trek Conduit+ - 2016,Electric Bikes,Trek,2,2999.99,0.05,5699.981,17
1197,21-10-2017,4,Baldwin Bikes,Barton Crosby,NY,Sun Bicycles Cruz 3 - 2017,Comfort Bicycles,Sun Bicycles,2,449.99,0.2,719.984,7
1198,22-10-2017,4,Baldwin Bikes,Shanelle Anderson,NY,Sun Bicycles Streamway 7 - 2017,Comfort Bicycles,Sun Bicycles,1,533.99,0.05,507.2905,3
1199,23-10-2017,4,Santa Cruz Bikes,Eliz Whitney,CA,Trek Farley Alloy Frameset - 2017,Mountain Bikes,Trek,1,469.99,0.05,446.4905,0
1199,23-10-2017,4,Santa Cruz Bikes,Eliz Whitney,CA,Haro Shredder Pro 20 - 2017,Children Bicycles,Haro,2,249.99,0.07,464.9814,6
1199,23-10-2017,4,Santa Cruz Bikes,Eliz Whitney,CA,Sun Bicycles Cruz 7 - Women's - 2017,Comfort Bicycles,Sun Bicycles,2,416.99,0.1,750.582,30
1200,23-10-2017,4,Baldwin Bikes,Cesar Jackson,NY,Trek Fuel EX 5 27.5 Plus - 2017,Mountain Bikes,Trek,2,2299.99,0.2,3679.984,16
1201,23-10-2017,4,Baldwin Bikes,Candis Harding,NY,"Electra Girl's Hawaii 1 16"" - 2017",Children Bicycles,Electra,1,299.99,0.07,278.9907,10
1201,23-10-2017,4,Baldwin Bikes,Candis Harding,NY,Electra Cruiser 1 (24-Inch) - 2016,Cruisers Bicycles,Electra,1,269.99,0.05,256.4905,1
1201,23-10-2017,4,Baldwin Bikes,Candis Harding,NY,Electra Townie Original 7D EQ - 2016,Comfort Bicycles,Electra,1,599.99,0.2,479.992,2
1201,23-10-2017,4,Baldwin Bikes,Candis Harding,NY,Pure Cycles Vine 8-Speed - 2016,Cruisers Bicycles,Pure Cycles,2,429,0.05,815.1,3
1201,23-10-2017,4,Baldwin Bikes,Candis Harding,NY,Pure Cycles William 3-Speed - 2016,Cruisers Bicycles,Pure Cycles,2,449,0.2,718.4,15
1202,24-10-2017,4,Baldwin Bikes,Antony Atkinson,NY,Sun Bicycles Lil Kitt'n - 2017,Children Bicycles,Sun Bicycles,2,109.99,0.05,208.981,22
1203,25-10-2017,4,Baldwin Bikes,Tam Fisher,NY,Surly Ice Cream Truck Frameset - 2016,Mountain Bikes,Surly,2,469.99,0.07,874.1814,11
1203,25-10-2017,4,Baldwin Bikes,Tam Fisher,NY,Trek Domane S 6 - 2017,Road Bikes,Trek,1,2699.99,0.05,2564.9905,5
1204,25-10-2017,4,Baldwin Bikes,Piedad Irwin,NY,Haro Flightline One ST - 2017,Mountain Bikes,Haro,2,379.99,0.07,706.7814,5
1205,26-10-2017,4,Santa Cruz Bikes,Risa Gallagher,CA,Sun Bicycles Streamway 7 - 2017,Comfort Bicycles,Sun Bicycles,2,533.99,0.2,854.384,7
1205,26-10-2017,4,Santa Cruz Bikes,Risa Gallagher,CA,Haro SR 1.3 - 2017,Mountain Bikes,Haro,2,1409.99,0.2,2255.984,19
1205,26-10-2017,4,Santa Cruz Bikes,Risa Gallagher,CA,Sun Bicycles Atlas X-Type - 2017,Cruisers Bicycles,Sun Bicycles,1,416.99,0.05,396.1405,25
1205,26-10-2017,4,Santa Cruz Bikes,Risa Gallagher,CA,Sun Bicycles Boardwalk (24-inch Wheels) - 2017,Cruisers Bicycles,Sun Bicycles,2,402.99,0.07,749.5614,13
1205,26-10-2017,4,Santa Cruz Bikes,Risa Gallagher,CA,Haro Shredder 20 - 2017,Children Bicycles,Haro,1,209.99,0.1,188.991,0
1206,26-10-2017,4,Baldwin Bikes,Anya Contreras,NY,Sun Bicycles Brickell Tandem 7 - 2017,Cruisers Bicycles,Sun Bicycles,1,749.99,0.07,697.4907,20
1206,26-10-2017,4,Baldwin Bikes,Anya Contreras,NY,Trek X-Caliber 8 - 2017,Mountain Bikes,Trek,1,999.99,0.2,799.992,29
1207,26-10-2017,4,Baldwin Bikes,Cami Williamson,NY,Sun Bicycles Streamway - 2017,Comfort Bicycles,Sun Bicycles,1,481.99,0.05,457.8905,26
1207,26-10-2017,4,Baldwin Bikes,Cami Williamson,NY,Sun Bicycles Streamway 3 - 2017,Comfort Bicycles,Sun Bicycles,1,551.99,0.1,496.791,1
1207,26-10-2017,4,Baldwin Bikes,Cami Williamson,NY,Electra Girl's Hawaii 1 (20-inch) - 2015/2016,Children Bicycles,Electra,1,299.99,0.07,278.9907,12
1208,26-10-2017,4,Baldwin Bikes,Qiana Jackson,NY,Electra Townie Original 21D - 2016,Cruisers Bicycles,Electra,1,549.99,0.2,439.992,2
1208,26-10-2017,4,Baldwin Bikes,Qiana Jackson,NY,Sun Bicycles Lil Bolt Type-R - 2017,Cruisers Bicycles,Sun Bicycles,2,346.99,0.07,645.4014,16
1208,26-10-2017,4,Baldwin Bikes,Qiana Jackson,NY,Trek Girl's Kickster - 2017,Children Bicycles,Trek,2,149.99,0.2,239.984,24
1208,26-10-2017,4,Baldwin Bikes,Qiana Jackson,NY,Electra Cruiser 1 (24-Inch) - 2016,Cruisers Bicycles,Electra,2,269.99,0.1,485.982,1
1208,26-10-2017,4,Baldwin Bikes,Qiana Jackson,NY,Trek Precaliber 12 Boys - 2017,Children Bicycles,Trek,1,189.99,0.07,176.6907,14
1209,26-10-2017,4,Baldwin Bikes,Lekisha Pope,NY,Trek Precaliber 16 Boys - 2017,Children Bicycles,Trek,1,209.99,0.07,195.2907,8
1209,26-10-2017,4,Baldwin Bikes,Lekisha Pope,NY,Electra Savannah 3i (20-inch) - Girl's - 2017,Children Bicycles,Electra,1,349.99,0.05,332.4905,15
1210,26-10-2017,4,Rowlett Bikes,Andria Rivers,TX,Electra Townie Original 7D EQ - 2016,Comfort Bicycles,Electra,1,599.99,0.1,539.991,27
1210,26-10-2017,4,Rowlett Bikes,Andria Rivers,TX,Surly Ice Cream Truck Frameset - 2016,Mountain Bikes,Surly,2,469.99,0.07,874.1814,27
1210,26-10-2017,4,Rowlett Bikes,Andria Rivers,TX,Sun Bicycles Biscayne Tandem CB - 2017,Cruisers Bicycles,Sun Bicycles,2,647.99,0.05,1231.181,19
1210,26-10-2017,4,Rowlett Bikes,Andria Rivers,TX,Sun Bicycles Lil Kitt'n - 2017,Children Bicycles,Sun Bicycles,1,109.99,0.1,98.991,15
1210,26-10-2017,4,Rowlett Bikes,Andria Rivers,TX,Sun Bicycles Spider 3i - 2017,Mountain Bikes,Sun Bicycles,2,832.99,0.05,1582.681,3
1211,27-10-2017,4,Baldwin Bikes,Lizzette Stein,NY,Electra Moto 1 - 2016,Cruisers Bicycles,Electra,2,529.99,0.2,847.984,6
1211,27-10-2017,4,Baldwin Bikes,Lizzette Stein,NY,Trek Domane S 5 Disc - 2017,Road Bikes,Trek,1,2599.99,0.05,2469.9905,17
1211,27-10-2017,4,Baldwin Bikes,Lizzette Stein,NY,Haro Shredder 20 - 2017,Children Bicycles,Haro,1,209.99,0.2,167.992,22
1211,27-10-2017,4,Baldwin Bikes,Lizzette Stein,NY,Haro Shredder 20 Girls - 2017,Children Bicycles,Haro,1,209.99,0.1,188.991,22
1211,27-10-2017,4,Baldwin Bikes,Lizzette Stein,NY,Sun Bicycles Cruz 3 - Women's - 2017,Comfort Bicycles,Sun Bicycles,2,449.99,0.2,719.984,29
1212,27-10-2017,4,Baldwin Bikes,Elenore Hensley,NY,Electra Cruiser Lux 1 - 2017,Cruisers Bicycles,Electra,1,439.99,0.1,395.991,23
1212,27-10-2017,4,Baldwin Bikes,Elenore Hensley,NY,Haro Flightline One ST - 2017,Mountain Bikes,Haro,2,379.99,0.07,706.7814,5
1212,27-10-2017,4,Baldwin Bikes,Elenore Hensley,NY,Trek Stache 5 - 2017,Mountain Bikes,Trek,2,1499.99,0.05,2849.981,28
1212,27-10-2017,4,Baldwin Bikes,Elenore Hensley,NY,Sun Bicycles Cruz 3 - 2017,Cruisers Bicycles,Sun Bicycles,2,449.99,0.07,836.9814,23
1213,27-10-2017,4,Rowlett Bikes,Willis Randolph,TX,Electra Townie Original 7D - 2017,Cruisers Bicycles,Electra,2,489.99,0.07,911.3814,22
1213,27-10-2017,4,Rowlett Bikes,Willis Randolph,TX,Sun Bicycles Biscayne Tandem CB - 2017,Cruisers Bicycles,Sun Bicycles,1,647.99,0.07,602.6307,19
1213,27-10-2017,4,Rowlett Bikes,Willis Randolph,TX,Electra Townie Original 7D - 2017,Comfort Bicycles,Electra,2,489.99,0.1,881.982,22
1213,27-10-2017,4,Rowlett Bikes,Willis Randolph,TX,Electra Moto 1 - 2016,Cruisers Bicycles,Electra,1,529.99,0.05,503.4905,22
1214,28-10-2017,4,Baldwin Bikes,Celestine Kent,NY,Trek Conduit+ - 2016,Electric Bikes,Trek,2,2999.99,0.05,5699.981,17
1214,28-10-2017,4,Baldwin Bikes,Celestine Kent,NY,Trek Slash 8 27.5 - 2016,Mountain Bikes,Trek,1,3999.99,0.2,3199.992,8
1214,28-10-2017,4,Baldwin Bikes,Celestine Kent,NY,Electra Girl's Hawaii 1 (16-inch) - 2015/2016,Children Bicycles,Electra,1,269.99,0.05,256.4905,0
1214,28-10-2017,4,Baldwin Bikes,Celestine Kent,NY,Electra Glam Punk 3i Ladies' - 2017,Cruisers Bicycles,Electra,2,799.99,0.1,1439.982,25
1214,28-10-2017,4,Baldwin Bikes,Celestine Kent,NY,Sun Bicycles Revolutions 24 - Girl's - 2017,Cruisers Bicycles,Sun Bicycles,2,250.99,0.2,401.584,8
1215,28-10-2017,4,Baldwin Bikes,Nathalie Knowles,NY,Sun Bicycles Brickell Tandem 7 - 2017,Cruisers Bicycles,Sun Bicycles,2,749.99,0.1,1349.982,20
1215,28-10-2017,4,Baldwin Bikes,Nathalie Knowles,NY,Surly Straggler - 2016,Cyclocross Bicycles,Surly,2,1549,0.07,2881.14,13
1216,28-10-2017,4,Baldwin Bikes,Letisha May,NY,Electra Townie Original 7D - 2017,Cruisers Bicycles,Electra,2,489.99,0.1,881.982,30
1216,28-10-2017,4,Baldwin Bikes,Letisha May,NY,Trek Domane SL Disc Frameset - 2017,Road Bikes,Trek,1,3199.99,0.05,3039.9905,6
1216,28-10-2017,4,Baldwin Bikes,Letisha May,NY,Pure Cycles William 3-Speed - 2016,Cruisers Bicycles,Pure Cycles,1,449,0.2,359.2,15
1216,28-10-2017,4,Baldwin Bikes,Letisha May,NY,Sun Bicycles Drifter 7 - 2017,Comfort Bicycles,Sun Bicycles,2,470.99,0.07,876.0414,7
1216,28-10-2017,4,Baldwin Bikes,Letisha May,NY,Trek Fuel EX 9.8 27.5 Plus - 2017,Mountain Bikes,Trek,1,5299.99,0.1,4769.991,2
1217,28-10-2017,4,Baldwin Bikes,Verdell Joyner,NY,Sun Bicycles Brickell Tandem 7 - 2017,Cruisers Bicycles,Sun Bicycles,1,749.99,0.05,712.4905,20
1217,28-10-2017,4,Baldwin Bikes,Verdell Joyner,NY,Sun Bicycles Cruz 3 - 2017,Comfort Bicycles,Sun Bicycles,2,449.99,0.05,854.981,7
1218,30-10-2017,4,Santa Cruz Bikes,Philip Bryan,CA,Trek Farley Alloy Frameset - 2017,Mountain Bikes,Trek,1,469.99,0.07,437.0907,0
1218,30-10-2017,4,Santa Cruz Bikes,Philip Bryan,CA,Electra Townie Original 7D - 2017,Comfort Bicycles,Electra,2,489.99,0.05,930.981,9
1219,30-10-2017,4,Baldwin Bikes,Gilbert Calhoun,NY,Pure Cycles Vine 8-Speed - 2016,Cruisers Bicycles,Pure Cycles,2,429,0.07,797.94,3
1219,30-10-2017,4,Baldwin Bikes,Gilbert Calhoun,NY,Trek Boone 7 - 2017,Cyclocross Bicycles,Trek,2,3499.99,0.1,6299.982,4
1219,30-10-2017,4,Baldwin Bikes,Gilbert Calhoun,NY,Trek Fuel EX 9.8 29 - 2017,Mountain Bikes,Trek,2,4999.99,0.2,7999.984,15
1220,31-10-2017,4,Baldwin Bikes,Bernardina Cooper,NY,Trek Remedy 9.8 - 2017,Mountain Bikes,Trek,2,5299.99,0.1,9539.982,0
1220,31-10-2017,4,Baldwin Bikes,Bernardina Cooper,NY,Trek Domane SL 6 - 2017,Road Bikes,Trek,1,3499.99,0.2,2799.992,4
1220,31-10-2017,4,Baldwin Bikes,Bernardina Cooper,NY,Haro Downtown 16 - 2017,Children Bicycles,Haro,2,329.99,0.2,527.984,6
1221,31-10-2017,4,Baldwin Bikes,Minnie Compton,NY,Electra Townie 3i EQ (20-inch) - Boys' - 2017,Children Bicycles,Electra,1,489.99,0.05,465.4905,12
1221,31-10-2017,4,Baldwin Bikes,Minnie Compton,NY,Electra Amsterdam Fashion 7i Ladies' - 2017,Cruisers Bicycles,Electra,2,1099.99,0.05,2089.981,19
1221,31-10-2017,4,Baldwin Bikes,Minnie Compton,NY,Trek Fuel EX 5 27.5 Plus - 2017,Mountain Bikes,Trek,2,2299.99,0.1,4139.982,16
1221,31-10-2017,4,Baldwin Bikes,Minnie Compton,NY,Haro Flightline Two 26 Plus - 2017,Mountain Bikes,Haro,2,549.99,0.1,989.982,18
1221,31-10-2017,4,Baldwin Bikes,Minnie Compton,NY,Electra Savannah 3i (20-inch) - Girl's - 2017,Children Bicycles,Electra,2,349.99,0.07,650.9814,15
1222,01-11-2017,4,Rowlett Bikes,Narcisa Knapp,TX,Electra Savannah 3i (20-inch) - Girl's - 2017,Children Bicycles,Electra,1,349.99,0.2,279.992,28
1223,02-11-2017,4,Baldwin Bikes,Jenell Crosby,NY,Sun Bicycles Streamway 3 - 2017,Comfort Bicycles,Sun Bicycles,1,551.99,0.05,524.3905,1
1224,03-11-2017,4,Baldwin Bikes,Catarina Mendez,NY,Trek Boone 7 - 2017,Cyclocross Bicycles,Trek,1,3499.99,0.07,3254.9907,4
1224,03-11-2017,4,Baldwin Bikes,Catarina Mendez,NY,Trek Silque SLR 8 Women's - 2017,Road Bikes,Trek,1,6499.99,0.1,5849.991,8
1224,03-11-2017,4,Baldwin Bikes,Catarina Mendez,NY,Sun Bicycles Cruz 3 - Women's - 2017,Comfort Bicycles,Sun Bicycles,1,449.99,0.05,427.4905,29
1224,03-11-2017,4,Baldwin Bikes,Catarina Mendez,NY,Trek Farley Alloy Frameset - 2017,Mountain Bikes,Trek,1,469.99,0.2,375.992,13
1225,04-11-2017,4,Santa Cruz Bikes,Yvone Yates,CA,Electra Amsterdam Fashion 7i Ladies' - 2017,Cruisers Bicycles,Electra,1,1099.99,0.1,989.991,25
1225,04-11-2017,4,Santa Cruz Bikes,Yvone Yates,CA,Trek Domane S 5 Disc - 2017,Road Bikes,Trek,2,2599.99,0.1,4679.982,22
1225,04-11-2017,4,Santa Cruz Bikes,Yvone Yates,CA,Surly Ice Cream Truck Frameset - 2016,Mountain Bikes,Surly,2,469.99,0.1,845.982,0
1226,04-11-2017,4,Baldwin Bikes,Kiana Rivera,NY,Electra Glam Punk 3i Ladies' - 2017,Cruisers Bicycles,Electra,2,799.99,0.05,1519.981,25
1226,04-11-2017,4,Baldwin Bikes,Kiana Rivera,NY,Electra Townie 7D (20-inch) - Boys' - 2017,Children Bicycles,Electra,1,339.99,0.2,271.992,4
1226,04-11-2017,4,Baldwin Bikes,Kiana Rivera,NY,Surly Straggler 650b - 2016,Cyclocross Bicycles,Surly,2,1680.99,0.07,3126.6414,21
1226,04-11-2017,4,Baldwin Bikes,Kiana Rivera,NY,Trek Silque SLR 8 Women's - 2017,Road Bikes,Trek,1,6499.99,0.07,6044.9907,8
1226,04-11-2017,4,Baldwin Bikes,Kiana Rivera,NY,Trek Fuel EX 5 27.5 Plus - 2017,Mountain Bikes,Trek,1,2299.99,0.1,2069.991,16
1227,04-11-2017,4,Baldwin Bikes,Sharie Whitaker,NY,Trek Precaliber 16 Girls - 2017,Children Bicycles,Trek,2,209.99,0.2,335.984,26
1227,04-11-2017,4,Baldwin Bikes,Sharie Whitaker,NY,Haro SR 1.1 - 2017,Mountain Bikes,Haro,1,539.99,0.07,502.1907,24
1227,04-11-2017,4,Baldwin Bikes,Sharie Whitaker,NY,Electra Townie Original 7D EQ - 2016,Comfort Bicycles,Electra,1,599.99,0.05,569.9905,2
1227,04-11-2017,4,Baldwin Bikes,Sharie Whitaker,NY,Trek Remedy 29 Carbon Frameset - 2016,Mountain Bikes,Trek,1,1799.99,0.07,1673.9907,1
1227,04-11-2017,4,Baldwin Bikes,Sharie Whitaker,NY,Trek Fuel EX 5 27.5 Plus - 2017,Mountain Bikes,Trek,2,2299.99,0.2,3679.984,16
1228,04-11-2017,4,Baldwin Bikes,Bettye Espinoza,NY,Haro Shredder 20 - 2017,Children Bicycles,Haro,1,209.99,0.2,167.992,22
1228,04-11-2017,4,Baldwin Bikes,Bettye Espinoza,NY,Trek Domane S 6 - 2017,Road Bikes,Trek,2,2699.99,0.2,4319.984,5
1228,04-11-2017,4,Baldwin Bikes,Bettye Espinoza,NY,Electra Townie Original 7D EQ - Women's - 2016,Cruisers Bicycles,Electra,2,599.99,0.05,1139.981,20
1229,05-11-2017,4,Santa Cruz Bikes,Arvilla Osborn,CA,Surly Troll Frameset - 2017,Mountain Bikes,Surly,2,832.99,0.07,1549.3614,26
1229,05-11-2017,4,Santa Cruz Bikes,Arvilla Osborn,CA,Trek Powerfly 8 FS Plus - 2017,Electric Bikes,Trek,2,4999.99,0.1,8999.982,30
1230,05-11-2017,4,Baldwin Bikes,Lynda Newman,NY,Trek Farley Alloy Frameset - 2017,Mountain Bikes,Trek,2,469.99,0.1,845.982,13
1230,05-11-2017,4,Baldwin Bikes,Lynda Newman,NY,Haro Flightline Two 26 Plus - 2017,Mountain Bikes,Haro,2,549.99,0.07,1022.9814,18
1231,05-11-2017,4,Baldwin Bikes,Myrtle Gardner,NY,Electra Cruiser Lux Fat Tire 1 Ladies - 2017,Cruisers Bicycles,Electra,2,599.99,0.05,1139.981,11
1231,05-11-2017,4,Baldwin Bikes,Myrtle Gardner,NY,Electra Amsterdam Original 3i - 2015/2017,Cruisers Bicycles,Electra,1,659.99,0.07,613.7907,6
1232,06-11-2017,4,Santa Cruz Bikes,Stacie Sims,CA,Trek Fuel EX 8 29 - 2016,Mountain Bikes,Trek,2,2899.99,0.07,5393.9814,23
1232,06-11-2017,4,Santa Cruz Bikes,Stacie Sims,CA,Sun Bicycles Drifter 7 - 2017,Comfort Bicycles,Sun Bicycles,2,470.99,0.05,894.881,1
1232,06-11-2017,4,Santa Cruz Bikes,Stacie Sims,CA,Surly Ice Cream Truck Frameset - 2016,Mountain Bikes,Surly,2,469.99,0.2,751.984,0
1233,06-11-2017,4,Baldwin Bikes,Efren Oliver,NY,Trek Precaliber 12 Boys - 2017,Children Bicycles,Trek,2,189.99,0.2,303.984,14
1233,06-11-2017,4,Baldwin Bikes,Efren Oliver,NY,Trek Powerfly 8 FS Plus - 2017,Electric Bikes,Trek,2,4999.99,0.1,8999.982,20
1233,06-11-2017,4,Baldwin Bikes,Efren Oliver,NY,Trek Domane S 6 - 2017,Road Bikes,Trek,1,2699.99,0.2,2159.992,5
1234,07-11-2017,3,Baldwin Bikes,Lizzette Stein,NY,Trek Domane SLR 6 Disc - 2017,Road Bikes,Trek,2,5499.99,0.07,10229.9814,20
1234,07-11-2017,3,Baldwin Bikes,Lizzette Stein,NY,Sun Bicycles Atlas X-Type - 2017,Cruisers Bicycles,Sun Bicycles,2,416.99,0.07,775.6014,30
1235,07-11-2017,4,Baldwin Bikes,Priscilla Wilkins,NY,Trek Slash 8 27.5 - 2016,Mountain Bikes,Trek,1,3999.99,0.1,3599.991,8
1236,08-11-2017,4,Baldwin Bikes,Natosha Rowland,NY,Sun Bicycles ElectroLite - 2017,Electric Bikes,Sun Bicycles,1,1559.99,0.07,1450.7907,1
1236,08-11-2017,4,Baldwin Bikes,Natosha Rowland,NY,Trek Farley Alloy Frameset - 2017,Mountain Bikes,Trek,2,469.99,0.05,892.981,13
1236,08-11-2017,4,Baldwin Bikes,Natosha Rowland,NY,Trek Precaliber 24 (21-Speed) - Girls - 2017,Children Bicycles,Trek,1,349.99,0.1,314.991,0
1237,09-11-2017,4,Santa Cruz Bikes,Kaley Blanchard,CA,Electra Girl's Hawaii 1 (20-inch) - 2015/2016,Children Bicycles,Electra,1,299.99,0.1,269.991,9
1237,09-11-2017,4,Santa Cruz Bikes,Kaley Blanchard,CA,Trek Precaliber 12 Boys - 2017,Children Bicycles,Trek,2,189.99,0.1,341.982,27
1237,09-11-2017,4,Santa Cruz Bikes,Kaley Blanchard,CA,"Electra Girl's Hawaii 1 16"" - 2017",Children Bicycles,Electra,2,299.99,0.2,479.984,25
1237,09-11-2017,4,Santa Cruz Bikes,Kaley Blanchard,CA,Trek Domane S 6 - 2017,Road Bikes,Trek,2,2699.99,0.07,5021.9814,11
1237,09-11-2017,4,Santa Cruz Bikes,Kaley Blanchard,CA,Electra Townie Original 7D - 2015/2016,Comfort Bicycles,Electra,1,499.99,0.07,464.9907,10
1238,09-11-2017,4,Baldwin Bikes,Heather Chaney,NY,Trek Fuel EX 9.8 29 - 2017,Mountain Bikes,Trek,1,4999.99,0.1,4499.991,15
1238,09-11-2017,4,Baldwin Bikes,Heather Chaney,NY,Electra Girl's Hawaii 1 (16-inch) - 2015/2016,Cruisers Bicycles,Electra,1,269.99,0.1,242.991,18
1238,09-11-2017,4,Baldwin Bikes,Heather Chaney,NY,Electra Sugar Skulls 1 (20-inch) - Girl's - 2017,Children Bicycles,Electra,2,299.99,0.2,479.984,24
1238,09-11-2017,4,Baldwin Bikes,Heather Chaney,NY,Electra Townie 7D (20-inch) - Boys' - 2017,Children Bicycles,Electra,1,339.99,0.1,305.991,4
1239,09-11-2017,4,Baldwin Bikes,Nakisha Clay,NY,Electra Moto 1 - 2016,Cruisers Bicycles,Electra,2,529.99,0.2,847.984,6
1239,09-11-2017,4,Baldwin Bikes,Nakisha Clay,NY,Trek Precaliber 24 (21-Speed) - Girls - 2017,Children Bicycles,Trek,1,349.99,0.1,314.991,0
1239,09-11-2017,4,Baldwin Bikes,Nakisha Clay,NY,Trek Session DH 27.5 Carbon Frameset - 2017,Mountain Bikes,Trek,2,469.99,0.1,845.982,24
1239,09-11-2017,4,Baldwin Bikes,Nakisha Clay,NY,Surly Troll Frameset - 2017,Mountain Bikes,Surly,1,832.99,0.05,791.3405,15
1240,10-11-2017,4,Baldwin Bikes,Maira Long,NY,Sun Bicycles Cruz 7 - 2017,Comfort Bicycles,Sun Bicycles,2,416.99,0.1,750.582,29
1240,10-11-2017,4,Baldwin Bikes,Maira Long,NY,Electra Girl's Hawaii 1 (20-inch) - 2015/2016,Children Bicycles,Electra,2,299.99,0.05,569.981,12
1240,10-11-2017,4,Baldwin Bikes,Maira Long,NY,Electra Moto 1 - 2016,Cruisers Bicycles,Electra,2,529.99,0.2,847.984,6
1240,10-11-2017,4,Baldwin Bikes,Maira Long,NY,Electra Glam Punk 3i Ladies' - 2017,Cruisers Bicycles,Electra,2,799.99,0.05,1519.981,25
1240,10-11-2017,4,Baldwin Bikes,Maira Long,NY,Trek Emonda S 5 - 2017,Road Bikes,Trek,1,1999.99,0.05,1899.9905,27
1241,10-11-2017,4,Baldwin Bikes,Mechelle Chan,NY,Electra Cruiser Lux 1 - 2017,Cruisers Bicycles,Electra,1,439.99,0.05,417.9905,23
1241,10-11-2017,4,Baldwin Bikes,Mechelle Chan,NY,Sun Bicycles Atlas X-Type - 2017,Cruisers Bicycles,Sun Bicycles,2,416.99,0.05,792.281,30
1242,11-11-2017,4,Baldwin Bikes,Rolanda Larsen,NY,Haro Shredder Pro 20 - 2017,Children Bicycles,Haro,1,249.99,0.05,237.4905,2
1242,11-11-2017,4,Baldwin Bikes,Rolanda Larsen,NY,Surly Big Dummy Frameset - 2017,Mountain Bikes,Surly,1,999.99,0.07,929.9907,10
1242,11-11-2017,4,Baldwin Bikes,Rolanda Larsen,NY,Surly Straggler - 2016,Cyclocross Bicycles,Surly,1,1549,0.07,1440.57,13
1242,11-11-2017,4,Baldwin Bikes,Rolanda Larsen,NY,Electra Amsterdam Original 3i - 2015/2017,Cruisers Bicycles,Electra,1,659.99,0.2,527.992,6
1243,11-11-2017,4,Baldwin Bikes,Jacalyn Barnett,NY,Haro SR 1.1 - 2017,Mountain Bikes,Haro,1,539.99,0.07,502.1907,24
1244,12-11-2017,4,Baldwin Bikes,Ami Mcmahon,NY,Haro SR 1.2 - 2017,Mountain Bikes,Haro,1,869.99,0.2,695.992,13
1244,12-11-2017,4,Baldwin Bikes,Ami Mcmahon,NY,Haro Flightline Two 26 Plus - 2017,Mountain Bikes,Haro,2,549.99,0.07,1022.9814,18
1244,12-11-2017,4,Baldwin Bikes,Ami Mcmahon,NY,Surly Wednesday Frameset - 2017,Mountain Bikes,Surly,1,469.99,0.07,437.0907,8
1244,12-11-2017,4,Baldwin Bikes,Ami Mcmahon,NY,Haro Flightline One ST - 2017,Mountain Bikes,Haro,2,379.99,0.1,683.982,5
1245,13-11-2017,4,Baldwin Bikes,Junita Reese,NY,Electra Cruiser 1 (24-Inch) - 2016,Cruisers Bicycles,Electra,1,269.99,0.1,242.991,1
1246,13-11-2017,4,Baldwin Bikes,Sharyn Brewer,NY,Sun Bicycles Biscayne Tandem CB - 2017,Cruisers Bicycles,Sun Bicycles,2,647.99,0.2,1036.784,4
1246,13-11-2017,4,Baldwin Bikes,Sharyn Brewer,NY,Haro SR 1.3 - 2017,Mountain Bikes,Haro,1,1409.99,0.05,1339.4905,18
1246,13-11-2017,4,Baldwin Bikes,Sharyn Brewer,NY,Haro SR 1.2 - 2017,Mountain Bikes,Haro,2,869.99,0.07,1618.1814,13
1247,16-11-2017,4,Santa Cruz Bikes,Daisy Ward,CA,Electra Moto 1 - 2016,Cruisers Bicycles,Electra,2,529.99,0.1,953.982,3
1247,16-11-2017,4,Santa Cruz Bikes,Daisy Ward,CA,Surly Karate Monkey 27.5+ Frameset - 2017,Mountain Bikes,Surly,2,2499.99,0.1,4499.982,20
1247,16-11-2017,4,Santa Cruz Bikes,Daisy Ward,CA,Electra Townie Original 7D EQ - 2016,Comfort Bicycles,Electra,1,599.99,0.05,569.9905,16
1248,16-11-2017,4,Santa Cruz Bikes,Lucile Manning,CA,Haro Shredder Pro 20 - 2017,Children Bicycles,Haro,2,249.99,0.05,474.981,6
1248,16-11-2017,4,Santa Cruz Bikes,Lucile Manning,CA,Surly Wednesday Frameset - 2017,Mountain Bikes,Surly,2,469.99,0.1,845.982,10
1248,16-11-2017,4,Santa Cruz Bikes,Lucile Manning,CA,Haro Shredder 20 - 2017,Children Bicycles,Haro,1,209.99,0.1,188.991,0
1248,16-11-2017,4,Santa Cruz Bikes,Lucile Manning,CA,Electra Townie Original 21D - 2016,Cruisers Bicycles,Electra,1,549.99,0.05,522.4905,16
1249,17-11-2017,4,Baldwin Bikes,Tajuana Rollins,NY,Trek Boone 7 - 2017,Cyclocross Bicycles,Trek,1,3499.99,0.05,3324.9905,4
1249,17-11-2017,4,Baldwin Bikes,Tajuana Rollins,NY,Sun Bicycles Streamway - 2017,Comfort Bicycles,Sun Bicycles,1,481.99,0.05,457.8905,26
1249,17-11-2017,4,Baldwin Bikes,Tajuana Rollins,NY,Trek Powerfly 8 FS Plus - 2017,Electric Bikes,Trek,1,4999.99,0.2,3999.992,20
1250,17-11-2017,4,Baldwin Bikes,Marcene Curtis,NY,Sun Bicycles Biscayne Tandem CB - 2017,Cruisers Bicycles,Sun Bicycles,2,647.99,0.05,1231.181,4
1250,17-11-2017,4,Baldwin Bikes,Marcene Curtis,NY,Sun Bicycles Revolutions 24 - 2017,Cruisers Bicycles,Sun Bicycles,2,250.99,0.1,451.782,22
1250,17-11-2017,4,Baldwin Bikes,Marcene Curtis,NY,Electra Townie Original 7D EQ - Women's - 2016,Cruisers Bicycles,Electra,2,599.99,0.05,1139.981,20
1250,17-11-2017,4,Baldwin Bikes,Marcene Curtis,NY,Surly Ice Cream Truck Frameset - 2016,Mountain Bikes,Surly,2,469.99,0.1,845.982,11
1251,17-11-2017,4,Rowlett Bikes,Charmain Webster,TX,Trek Fuel EX 9.8 29 - 2017,Mountain Bikes,Trek,2,4999.99,0.1,8999.982,2
1251,17-11-2017,4,Rowlett Bikes,Charmain Webster,TX,Trek Domane SLR 6 Disc - 2017,Road Bikes,Trek,1,5499.99,0.07,5114.9907,19
1251,17-11-2017,4,Rowlett Bikes,Charmain Webster,TX,Trek Slash 8 27.5 - 2016,Mountain Bikes,Trek,1,3999.99,0.07,3719.9907,12
1252,18-11-2017,4,Santa Cruz Bikes,Ollie Zimmerman,CA,Sun Bicycles Boardwalk (24-inch Wheels) - 2017,Cruisers Bicycles,Sun Bicycles,1,402.99,0.2,322.392,13
1252,18-11-2017,4,Santa Cruz Bikes,Ollie Zimmerman,CA,Sun Bicycles Lil Kitt'n - 2017,Children Bicycles,Sun Bicycles,1,109.99,0.2,87.992,11
1252,18-11-2017,4,Santa Cruz Bikes,Ollie Zimmerman,CA,Trek Emonda S 5 - 2017,Road Bikes,Trek,2,1999.99,0.05,3799.981,1
1253,18-11-2017,4,Baldwin Bikes,Onita Johns,NY,Electra Townie Original 7D - 2015/2016,Comfort Bicycles,Electra,2,499.99,0.1,899.982,18
1253,18-11-2017,4,Baldwin Bikes,Onita Johns,NY,Electra Cruiser 1 (24-Inch) - 2016,Children Bicycles,Electra,1,269.99,0.07,251.0907,16
1253,18-11-2017,4,Baldwin Bikes,Onita Johns,NY,Trek Precaliber 12 Girls - 2017,Children Bicycles,Trek,1,189.99,0.2,151.992,8
1254,18-11-2017,4,Baldwin Bikes,Treasa Dickerson,NY,Sun Bicycles Brickell Tandem CB - 2017,Cruisers Bicycles,Sun Bicycles,1,761.99,0.2,609.592,27
1254,18-11-2017,4,Baldwin Bikes,Treasa Dickerson,NY,Trek Precaliber 24 (21-Speed) - Girls - 2017,Children Bicycles,Trek,1,349.99,0.2,279.992,0
1255,19-11-2017,4,Baldwin Bikes,Yan Trevino,NY,Trek Fuel EX 9.8 27.5 Plus - 2017,Mountain Bikes,Trek,2,5299.99,0.2,8479.984,2
1255,19-11-2017,4,Baldwin Bikes,Yan Trevino,NY,Surly Ogre Frameset - 2017,Road Bikes,Surly,1,749.99,0.05,712.4905,19
1255,19-11-2017,4,Baldwin Bikes,Yan Trevino,NY,Electra Girl's Hawaii 1 (16-inch) - 2015/2016,Cruisers Bicycles,Electra,2,269.99,0.2,431.984,18
1255,19-11-2017,4,Baldwin Bikes,Yan Trevino,NY,Electra Townie Original 7D EQ - 2016,Comfort Bicycles,Electra,2,599.99,0.05,1139.981,2
1255,19-11-2017,4,Baldwin Bikes,Yan Trevino,NY,Electra Amsterdam Original 3i Ladies' - 2017,Cruisers Bicycles,Electra,1,659.99,0.05,626.9905,4
1256,19-11-2017,4,Baldwin Bikes,Everett Vega,NY,Haro SR 1.1 - 2017,Mountain Bikes,Haro,2,539.99,0.2,863.984,24
1256,19-11-2017,4,Baldwin Bikes,Everett Vega,NY,Electra Townie 3i EQ (20-inch) - Boys' - 2017,Children Bicycles,Electra,1,489.99,0.1,440.991,12
1257,19-11-2017,4,Baldwin Bikes,Kallie Best,NY,Surly Ice Cream Truck Frameset - 2017,Mountain Bikes,Surly,2,999.99,0.05,1899.981,17
1257,19-11-2017,4,Baldwin Bikes,Kallie Best,NY,Trek Powerfly 8 FS Plus - 2017,Electric Bikes,Trek,1,4999.99,0.05,4749.9905,20
1257,19-11-2017,4,Baldwin Bikes,Kallie Best,NY,Pure Cycles Vine 8-Speed - 2016,Cruisers Bicycles,Pure Cycles,2,429,0.1,772.2,3
1257,19-11-2017,4,Baldwin Bikes,Kallie Best,NY,Haro Shift R3 - 2017,Mountain Bikes,Haro,1,1469.99,0.05,1396.4905,6
1257,19-11-2017,4,Baldwin Bikes,Kallie Best,NY,Trek Fuel EX 8 29 - 2016,Mountain Bikes,Trek,1,2899.99,0.1,2609.991,2
1258,20-11-2017,4,Baldwin Bikes,Jewell Reyes,NY,Haro Shredder Pro 20 - 2017,Children Bicycles,Haro,2,249.99,0.1,449.982,2
1258,20-11-2017,4,Baldwin Bikes,Jewell Reyes,NY,Electra Sugar Skulls 1 (20-inch) - Girl's - 2017,Children Bicycles,Electra,2,299.99,0.05,569.981,24
1259,21-11-2017,3,Baldwin Bikes,Daryl Spence,NY,Sun Bicycles ElectroLite - 2017,Electric Bikes,Sun Bicycles,1,1559.99,0.1,1403.991,1
1259,21-11-2017,3,Baldwin Bikes,Daryl Spence,NY,Pure Cycles William 3-Speed - 2016,Cruisers Bicycles,Pure Cycles,1,449,0.2,359.2,15
1260,22-11-2017,4,Baldwin Bikes,Jeffrey Hill,NY,Trek Remedy 29 Carbon Frameset - 2016,Mountain Bikes,Trek,1,1799.99,0.1,1619.991,1
1260,22-11-2017,4,Baldwin Bikes,Jeffrey Hill,NY,Sun Bicycles Revolutions 24 - 2017,Cruisers Bicycles,Sun Bicycles,1,250.99,0.1,225.891,22
1261,23-11-2017,4,Baldwin Bikes,Izola Hobbs,NY,Sun Bicycles Brickell Tandem 7 - 2017,Cruisers Bicycles,Sun Bicycles,1,749.99,0.2,599.992,20
1261,23-11-2017,4,Baldwin Bikes,Izola Hobbs,NY,Trek Precaliber 12 Girls - 2017,Children Bicycles,Trek,2,189.99,0.2,303.984,8
1261,23-11-2017,4,Baldwin Bikes,Izola Hobbs,NY,Electra Townie 3i EQ (20-inch) - Boys' - 2017,Children Bicycles,Electra,1,489.99,0.05,465.4905,12
1261,23-11-2017,4,Baldwin Bikes,Izola Hobbs,NY,Trek Fuel EX 5 27.5 Plus - 2017,Mountain Bikes,Trek,1,2299.99,0.1,2069.991,16
1262,23-11-2017,4,Baldwin Bikes,Terra Pickett,NY,Haro Flightline One ST - 2017,Mountain Bikes,Haro,1,379.99,0.07,353.3907,5
1262,23-11-2017,4,Baldwin Bikes,Terra Pickett,NY,Surly Steamroller - 2017,Road Bikes,Surly,1,875.99,0.05,832.1905,23
1262,23-11-2017,4,Baldwin Bikes,Terra Pickett,NY,Trek Fuel EX 9.8 27.5 Plus - 2017,Mountain Bikes,Trek,2,5299.99,0.07,9857.9814,2
1262,23-11-2017,4,Baldwin Bikes,Terra Pickett,NY,Electra Glam Punk 3i Ladies' - 2017,Cruisers Bicycles,Electra,1,799.99,0.07,743.9907,25
1263,23-11-2017,4,Baldwin Bikes,Eleanor Mendez,NY,Haro SR 1.2 - 2017,Mountain Bikes,Haro,1,869.99,0.2,695.992,13
1263,23-11-2017,4,Baldwin Bikes,Eleanor Mendez,NY,Trek Boone 7 - 2017,Cyclocross Bicycles,Trek,1,3499.99,0.05,3324.9905,4
1263,23-11-2017,4,Baldwin Bikes,Eleanor Mendez,NY,Pure Cycles William 3-Speed - 2016,Cruisers Bicycles,Pure Cycles,2,449,0.1,808.2,15
1264,24-11-2017,4,Baldwin Bikes,Eliana Silva,NY,Electra Townie 7D (20-inch) - Boys' - 2017,Children Bicycles,Electra,1,339.99,0.07,316.1907,4
1264,24-11-2017,4,Baldwin Bikes,Eliana Silva,NY,Electra Glam Punk 3i Ladies' - 2017,Cruisers Bicycles,Electra,2,799.99,0.07,1487.9814,25
1264,24-11-2017,4,Baldwin Bikes,Eliana Silva,NY,Trek X-Caliber 8 - 2017,Mountain Bikes,Trek,2,999.99,0.2,1599.984,29
1264,24-11-2017,4,Baldwin Bikes,Eliana Silva,NY,Surly Steamroller - 2017,Road Bikes,Surly,1,875.99,0.05,832.1905,23
1265,24-11-2017,4,Baldwin Bikes,Verna Solis,NY,Haro Shift R3 - 2017,Mountain Bikes,Haro,2,1469.99,0.1,2645.982,6
1265,24-11-2017,4,Baldwin Bikes,Verna Solis,NY,Sun Bicycles Biscayne Tandem 7 - 2017,Cruisers Bicycles,Sun Bicycles,2,619.99,0.07,1153.1814,1
1266,25-11-2017,4,Baldwin Bikes,Kaila Walters,NY,Trek Precaliber 16 Girls - 2017,Children Bicycles,Trek,1,209.99,0.2,167.992,26
1266,25-11-2017,4,Baldwin Bikes,Kaila Walters,NY,Trek Emonda S 4 - 2017,Road Bikes,Trek,1,1499.99,0.2,1199.992,20
1267,25-11-2017,4,Baldwin Bikes,Clare Neal,NY,Haro SR 1.2 - 2017,Mountain Bikes,Haro,1,869.99,0.1,782.991,13
1267,25-11-2017,4,Baldwin Bikes,Clare Neal,NY,Surly Big Dummy Frameset - 2017,Mountain Bikes,Surly,1,999.99,0.07,929.9907,10
1267,25-11-2017,4,Baldwin Bikes,Clare Neal,NY,Sun Bicycles Cruz 3 - Women's - 2017,Comfort Bicycles,Sun Bicycles,1,449.99,0.2,359.992,29
1267,25-11-2017,4,Baldwin Bikes,Clare Neal,NY,"Electra Girl's Hawaii 1 16"" - 2017",Children Bicycles,Electra,1,299.99,0.05,284.9905,10
1268,26-11-2017,4,Santa Cruz Bikes,Nenita Mooney,CA,Sun Bicycles Cruz 3 - 2017,Cruisers Bicycles,Sun Bicycles,2,449.99,0.07,836.9814,30
1268,26-11-2017,4,Santa Cruz Bikes,Nenita Mooney,CA,Trek Precaliber 12 Boys - 2017,Children Bicycles,Trek,2,189.99,0.07,353.3814,27
1268,26-11-2017,4,Santa Cruz Bikes,Nenita Mooney,CA,Trek Domane S 5 Disc - 2017,Road Bikes,Trek,2,2599.99,0.2,4159.984,22
1268,26-11-2017,4,Santa Cruz Bikes,Nenita Mooney,CA,Electra Townie 3i EQ (20-inch) - Boys' - 2017,Children Bicycles,Electra,1,489.99,0.07,455.6907,15
1269,26-11-2017,4,Baldwin Bikes,Rudolph Velez,NY,Trek Fuel EX 8 29 - 2016,Mountain Bikes,Trek,2,2899.99,0.2,4639.984,2
1269,26-11-2017,4,Baldwin Bikes,Rudolph Velez,NY,Trek Slash 8 27.5 - 2016,Mountain Bikes,Trek,1,3999.99,0.2,3199.992,8
1269,26-11-2017,4,Baldwin Bikes,Rudolph Velez,NY,Sun Bicycles Drifter 7 - Women's - 2017,Comfort Bicycles,Sun Bicycles,1,470.99,0.1,423.891,6
1270,26-11-2017,4,Baldwin Bikes,Nanette Harris,NY,Trek Domane SL Disc Frameset - 2017,Road Bikes,Trek,1,3199.99,0.2,2559.992,6
1271,27-11-2017,4,Baldwin Bikes,Alina Mcleod,NY,Electra Townie Original 7D - 2015/2016,Comfort Bicycles,Electra,2,499.99,0.1,899.982,18
1271,27-11-2017,4,Baldwin Bikes,Alina Mcleod,NY,Trek Silque SLR 7 Women's - 2017,Road Bikes,Trek,2,5999.99,0.07,11159.9814,7
1271,27-11-2017,4,Baldwin Bikes,Alina Mcleod,NY,Trek Precaliber 12 Boys - 2017,Children Bicycles,Trek,2,189.99,0.07,353.3814,14
1271,27-11-2017,4,Baldwin Bikes,Alina Mcleod,NY,Trek Farley Alloy Frameset - 2017,Mountain Bikes,Trek,2,469.99,0.07,874.1814,13
1272,27-11-2017,4,Baldwin Bikes,Genevie Miles,NY,Electra Townie Original 7D EQ - 2016,Cruisers Bicycles,Electra,2,599.99,0.2,959.984,20
1272,27-11-2017,4,Baldwin Bikes,Genevie Miles,NY,Sun Bicycles Atlas X-Type - 2017,Cruisers Bicycles,Sun Bicycles,2,416.99,0.1,750.582,30
1272,27-11-2017,4,Baldwin Bikes,Genevie Miles,NY,Trek Girl's Kickster - 2017,Children Bicycles,Trek,1,149.99,0.07,139.4907,24
1273,27-11-2017,4,Baldwin Bikes,Sung Chambers,NY,"Electra Girl's Hawaii 1 16"" - 2017",Children Bicycles,Electra,2,299.99,0.07,557.9814,10
1273,27-11-2017,4,Baldwin Bikes,Sung Chambers,NY,Electra Townie Original 7D EQ - Women's - 2016,Cruisers Bicycles,Electra,1,599.99,0.07,557.9907,20
1273,27-11-2017,4,Baldwin Bikes,Sung Chambers,NY,Trek Madone 9.2 - 2017,Road Bikes,Trek,1,4999.99,0.2,3999.992,15
1274,28-11-2017,4,Baldwin Bikes,Grisel Maynard,NY,Electra Amsterdam Fashion 7i Ladies' - 2017,Cruisers Bicycles,Electra,1,1099.99,0.1,989.991,19
1275,29-11-2017,4,Santa Cruz Bikes,Jeromy Burch,CA,Trek Madone 9.2 - 2017,Road Bikes,Trek,1,4999.99,0.07,4649.9907,1
1275,29-11-2017,4,Santa Cruz Bikes,Jeromy Burch,CA,Surly Ice Cream Truck Frameset - 2017,Mountain Bikes,Surly,1,999.99,0.1,899.991,30
1276,30-11-2017,4,Baldwin Bikes,Letty Cobb,NY,Pure Cycles Western 3-Speed - Women's - 2015/2016,Cruisers Bicycles,Pure Cycles,2,449,0.2,718.4,13
1276,30-11-2017,4,Baldwin Bikes,Letty Cobb,NY,Trek Madone 9.2 - 2017,Road Bikes,Trek,1,4999.99,0.2,3999.992,15
1276,30-11-2017,4,Baldwin Bikes,Letty Cobb,NY,Trek Fuel EX 5 27.5 Plus - 2017,Mountain Bikes,Trek,1,2299.99,0.05,2184.9905,16
1276,30-11-2017,4,Baldwin Bikes,Letty Cobb,NY,Electra Townie Original 21D - 2016,Comfort Bicycles,Electra,2,549.99,0.2,879.984,16
1276,30-11-2017,4,Baldwin Bikes,Letty Cobb,NY,Sun Bicycles Biscayne Tandem CB - 2017,Cruisers Bicycles,Sun Bicycles,2,647.99,0.2,1036.784,4
1277,01-12-2017,4,Baldwin Bikes,Danielle Bond,NY,Trek Domane SLR 6 Disc - 2017,Road Bikes,Trek,2,5499.99,0.2,8799.984,20
1277,01-12-2017,4,Baldwin Bikes,Danielle Bond,NY,Haro Shredder 20 Girls - 2017,Children Bicycles,Haro,2,209.99,0.05,398.981,22
1277,01-12-2017,4,Baldwin Bikes,Danielle Bond,NY,Trek Conduit+ - 2016,Electric Bikes,Trek,2,2999.99,0.1,5399.982,17
1277,01-12-2017,4,Baldwin Bikes,Danielle Bond,NY,Trek Fuel EX 8 29 - 2016,Mountain Bikes,Trek,1,2899.99,0.1,2609.991,2
1277,01-12-2017,4,Baldwin Bikes,Danielle Bond,NY,Surly Straggler 650b - 2016,Cyclocross Bicycles,Surly,1,1680.99,0.2,1344.792,21
1278,01-12-2017,4,Baldwin Bikes,Carter Booth,NY,Sun Bicycles Streamway 3 - 2017,Comfort Bicycles,Sun Bicycles,2,551.99,0.1,993.582,1
1278,01-12-2017,4,Baldwin Bikes,Carter Booth,NY,Trek Farley Alloy Frameset - 2017,Mountain Bikes,Trek,1,469.99,0.1,422.991,13
1279,01-12-2017,4,Baldwin Bikes,Ling Newman,NY,Trek Conduit+ - 2016,Electric Bikes,Trek,2,2999.99,0.05,5699.981,17
1280,01-12-2017,4,Rowlett Bikes,Robena Hill,TX,Sun Bicycles Biscayne Tandem 7 - 2017,Cruisers Bicycles,Sun Bicycles,2,619.99,0.07,1153.1814,6
1280,01-12-2017,4,Rowlett Bikes,Robena Hill,TX,Electra Cruiser Lux 1 - 2017,Cruisers Bicycles,Electra,1,439.99,0.05,417.9905,17
1280,01-12-2017,4,Rowlett Bikes,Robena Hill,TX,Surly Steamroller - 2017,Road Bikes,Surly,1,875.99,0.07,814.6707,8
1280,01-12-2017,4,Rowlett Bikes,Robena Hill,TX,Trek Boone Race Shop Limited - 2017,Cyclocross Bicycles,Trek,1,3499.99,0.2,2799.992,8
1281,02-12-2017,4,Baldwin Bikes,Tommie Cooley,NY,Surly Troll Frameset - 2017,Mountain Bikes,Surly,1,832.99,0.05,791.3405,15
1281,02-12-2017,4,Baldwin Bikes,Tommie Cooley,NY,Trek Domane SL 6 - 2017,Road Bikes,Trek,2,3499.99,0.05,6649.981,4
1281,02-12-2017,4,Baldwin Bikes,Tommie Cooley,NY,Electra Cruiser Lux Fat Tire 1 Ladies - 2017,Cruisers Bicycles,Electra,1,599.99,0.05,569.9905,11
1282,03-12-2017,4,Baldwin Bikes,Aron Wiggins,NY,Sun Bicycles Drifter 7 - Women's - 2017,Comfort Bicycles,Sun Bicycles,1,470.99,0.05,447.4405,6
1282,03-12-2017,4,Baldwin Bikes,Aron Wiggins,NY,Trek Silque SLR 7 Women's - 2017,Road Bikes,Trek,2,5999.99,0.2,9599.984,7
1283,04-12-2017,4,Baldwin Bikes,Teofila Fischer,NY,Trek Powerfly 8 FS Plus - 2017,Electric Bikes,Trek,2,4999.99,0.05,9499.981,20
1283,04-12-2017,4,Baldwin Bikes,Teofila Fischer,NY,Electra Amsterdam Fashion 7i Ladies' - 2017,Cruisers Bicycles,Electra,1,1099.99,0.2,879.992,19
1283,04-12-2017,4,Baldwin Bikes,Teofila Fischer,NY,Trek Slash 8 27.5 - 2016,Mountain Bikes,Trek,1,3999.99,0.1,3599.991,8
1283,04-12-2017,4,Baldwin Bikes,Teofila Fischer,NY,Trek Farley Alloy Frameset - 2017,Mountain Bikes,Trek,1,469.99,0.1,422.991,13
1283,04-12-2017,4,Baldwin Bikes,Teofila Fischer,NY,Surly Straggler 650b - 2016,Cyclocross Bicycles,Surly,1,1680.99,0.2,1344.792,21
1284,04-12-2017,4,Baldwin Bikes,Terrance Lynn,NY,Electra Townie 7D (20-inch) - Boys' - 2017,Children Bicycles,Electra,1,339.99,0.07,316.1907,4
1284,04-12-2017,4,Baldwin Bikes,Terrance Lynn,NY,Trek Remedy 29 Carbon Frameset - 2016,Mountain Bikes,Trek,1,1799.99,0.05,1709.9905,1
1284,04-12-2017,4,Baldwin Bikes,Terrance Lynn,NY,Trek Fuel EX 8 29 - 2016,Mountain Bikes,Trek,2,2899.99,0.05,5509.981,2
1285,04-12-2017,4,Baldwin Bikes,Rubin Decker,NY,Sun Bicycles Biscayne Tandem CB - 2017,Cruisers Bicycles,Sun Bicycles,2,647.99,0.07,1205.2614,4
1285,04-12-2017,4,Baldwin Bikes,Rubin Decker,NY,Haro Shredder 20 Girls - 2017,Children Bicycles,Haro,1,209.99,0.1,188.991,22
1285,04-12-2017,4,Baldwin Bikes,Rubin Decker,NY,Sun Bicycles Cruz 7 - 2017,Cruisers Bicycles,Sun Bicycles,2,416.99,0.2,667.184,22
1285,04-12-2017,4,Baldwin Bikes,Rubin Decker,NY,Surly Ice Cream Truck Frameset - 2016,Mountain Bikes,Surly,1,469.99,0.1,422.991,11
1286,04-12-2017,4,Baldwin Bikes,Jeannette Skinner,NY,Sun Bicycles Cruz 7 - Women's - 2017,Comfort Bicycles,Sun Bicycles,2,416.99,0.2,667.184,25
1286,04-12-2017,4,Baldwin Bikes,Jeannette Skinner,NY,Electra Amsterdam Fashion 7i Ladies' - 2017,Cruisers Bicycles,Electra,2,1099.99,0.07,2045.9814,19
1286,04-12-2017,4,Baldwin Bikes,Jeannette Skinner,NY,Trek Precaliber 12 Boys - 2017,Children Bicycles,Trek,1,189.99,0.07,176.6907,14
1287,07-12-2017,4,Santa Cruz Bikes,Justina Long,CA,Surly Big Dummy Frameset - 2017,Mountain Bikes,Surly,2,999.99,0.2,1599.984,21
1287,07-12-2017,4,Santa Cruz Bikes,Justina Long,CA,Trek Boone 7 - 2017,Cyclocross Bicycles,Trek,2,3499.99,0.1,6299.982,21
1287,07-12-2017,4,Santa Cruz Bikes,Justina Long,CA,Sun Bicycles Streamway 3 - 2017,Comfort Bicycles,Sun Bicycles,1,551.99,0.1,496.791,13
1287,07-12-2017,4,Santa Cruz Bikes,Justina Long,CA,Electra Townie 3i EQ (20-inch) - Boys' - 2017,Children Bicycles,Electra,2,489.99,0.05,930.981,15
1288,07-12-2017,4,Rowlett Bikes,Corrinne Garrison,TX,Sun Bicycles Brickell Tandem 7 - 2017,Cruisers Bicycles,Sun Bicycles,1,749.99,0.2,599.992,3
1288,07-12-2017,4,Rowlett Bikes,Corrinne Garrison,TX,Electra Townie Original 7D - 2017,Cruisers Bicycles,Electra,2,489.99,0.2,783.984,22
1288,07-12-2017,4,Rowlett Bikes,Corrinne Garrison,TX,Trek Boone 7 - 2017,Cyclocross Bicycles,Trek,2,3499.99,0.1,6299.982,4
1288,07-12-2017,4,Rowlett Bikes,Corrinne Garrison,TX,Pure Cycles Vine 8-Speed - 2016,Cruisers Bicycles,Pure Cycles,2,429,0.07,797.94,22
1289,08-12-2017,4,Santa Cruz Bikes,Lakenya Oliver,CA,Trek Precaliber 16 Boys - 2017,Children Bicycles,Trek,1,209.99,0.05,199.4905,9
1289,08-12-2017,4,Santa Cruz Bikes,Lakenya Oliver,CA,Surly Wednesday Frameset - 2016,Mountain Bikes,Surly,1,999.99,0.1,899.991,6
1290,08-12-2017,4,Baldwin Bikes,Laurette Hebert,NY,Electra Cruiser Lux Fat Tire 1 Ladies - 2017,Cruisers Bicycles,Electra,2,599.99,0.05,1139.981,11
1290,08-12-2017,4,Baldwin Bikes,Laurette Hebert,NY,Surly Troll Frameset - 2017,Mountain Bikes,Surly,1,832.99,0.05,791.3405,15
1290,08-12-2017,4,Baldwin Bikes,Laurette Hebert,NY,Haro Shredder 20 - 2017,Children Bicycles,Haro,2,209.99,0.1,377.982,22
1291,09-12-2017,4,Baldwin Bikes,Shanice Spears,NY,Trek Emonda S 5 - 2017,Road Bikes,Trek,1,1999.99,0.1,1799.991,27
1291,09-12-2017,4,Baldwin Bikes,Shanice Spears,NY,Trek Madone 9.2 - 2017,Road Bikes,Trek,2,4999.99,0.05,9499.981,15
1292,10-12-2017,4,Baldwin Bikes,Leola Gould,NY,Electra Amsterdam Original 3i - 2015/2017,Cruisers Bicycles,Electra,1,659.99,0.07,613.7907,6
1293,10-12-2017,4,Baldwin Bikes,Willetta Murphy,NY,Trek Precaliber 12 Girls - 2017,Children Bicycles,Trek,2,189.99,0.1,341.982,8
1293,10-12-2017,4,Baldwin Bikes,Willetta Murphy,NY,Electra Cruiser Lux 1 - 2017,Cruisers Bicycles,Electra,2,439.99,0.05,835.981,23
1293,10-12-2017,4,Baldwin Bikes,Willetta Murphy,NY,Haro Flightline Two 26 Plus - 2017,Mountain Bikes,Haro,2,549.99,0.07,1022.9814,18
1294,11-12-2017,4,Santa Cruz Bikes,Angele Castro,CA,"Electra Girl's Hawaii 1 16"" - 2017",Children Bicycles,Electra,2,299.99,0.05,569.981,25
1294,11-12-2017,4,Santa Cruz Bikes,Angele Castro,CA,Haro SR 1.1 - 2017,Mountain Bikes,Haro,1,539.99,0.05,512.9905,1
1295,11-12-2017,4,Baldwin Bikes,Melia Brady,NY,Heller Shagamaw Frame - 2016,Mountain Bikes,Heller,2,1320.99,0.2,2113.584,1
1295,11-12-2017,4,Baldwin Bikes,Melia Brady,NY,Trek Powerfly 8 FS Plus - 2017,Electric Bikes,Trek,1,4999.99,0.2,3999.992,20
1295,11-12-2017,4,Baldwin Bikes,Melia Brady,NY,Surly Steamroller - 2017,Road Bikes,Surly,1,875.99,0.05,832.1905,23
1296,14-12-2017,4,Santa Cruz Bikes,Jenee Rasmussen,CA,Electra Townie Original 7D - 2015/2016,Comfort Bicycles,Electra,2,499.99,0.05,949.981,10
1296,14-12-2017,4,Santa Cruz Bikes,Jenee Rasmussen,CA,Trek Precaliber 16 Girls - 2017,Children Bicycles,Trek,1,209.99,0.1,188.991,4
1296,14-12-2017,4,Santa Cruz Bikes,Jenee Rasmussen,CA,Electra Townie Original 7D EQ - 2016,Cruisers Bicycles,Electra,1,599.99,0.05,569.9905,4
1296,14-12-2017,4,Santa Cruz Bikes,Jenee Rasmussen,CA,Ritchey Timberwolf Frameset - 2016,Mountain Bikes,Ritchey,2,749.99,0.1,1349.982,5
1297,14-12-2017,4,Baldwin Bikes,Shae Hickman,NY,Sun Bicycles Streamway - 2017,Comfort Bicycles,Sun Bicycles,2,481.99,0.07,896.5014,26
1297,14-12-2017,4,Baldwin Bikes,Shae Hickman,NY,Trek Fuel EX 9.8 27.5 Plus - 2017,Mountain Bikes,Trek,1,5299.99,0.05,5034.9905,2
1297,14-12-2017,4,Baldwin Bikes,Shae Hickman,NY,Trek Silque SLR 8 Women's - 2017,Road Bikes,Trek,2,6499.99,0.05,12349.981,8
1298,14-12-2017,4,Rowlett Bikes,Garret Clay,TX,Trek Domane S 5 Disc - 2017,Road Bikes,Trek,1,2599.99,0.05,2469.9905,0
1298,14-12-2017,4,Rowlett Bikes,Garret Clay,TX,Sun Bicycles Drifter 7 - 2017,Comfort Bicycles,Sun Bicycles,2,470.99,0.07,876.0414,11
1299,15-12-2017,4,Santa Cruz Bikes,Elvina Gates,CA,Electra Girl's Hawaii 1 (16-inch) - 2015/2016,Cruisers Bicycles,Electra,2,269.99,0.1,485.982,8
1299,15-12-2017,4,Santa Cruz Bikes,Elvina Gates,CA,Electra Townie 7D (20-inch) - Boys' - 2017,Children Bicycles,Electra,1,339.99,0.05,322.9905,17
1299,15-12-2017,4,Santa Cruz Bikes,Elvina Gates,CA,Electra Cruiser Lux Fat Tire 1 Ladies - 2017,Cruisers Bicycles,Electra,1,599.99,0.05,569.9905,23
1299,15-12-2017,4,Santa Cruz Bikes,Elvina Gates,CA,Surly Steamroller - 2017,Road Bikes,Surly,2,875.99,0.2,1401.584,18
1300,15-12-2017,4,Baldwin Bikes,Veronika Rollins,NY,Electra Townie 7D (20-inch) - Boys' - 2017,Children Bicycles,Electra,2,339.99,0.07,632.3814,4
1300,15-12-2017,4,Baldwin Bikes,Veronika Rollins,NY,Trek Madone 9.2 - 2017,Road Bikes,Trek,2,4999.99,0.05,9499.981,15
1301,16-12-2017,4,Santa Cruz Bikes,Jane Henderson,CA,Haro SR 1.2 - 2017,Mountain Bikes,Haro,2,869.99,0.2,1391.984,15
1301,16-12-2017,4,Santa Cruz Bikes,Jane Henderson,CA,Sun Bicycles Streamway 7 - 2017,Comfort Bicycles,Sun Bicycles,2,533.99,0.1,961.182,7
1301,16-12-2017,4,Santa Cruz Bikes,Jane Henderson,CA,Trek Remedy 29 Carbon Frameset - 2016,Mountain Bikes,Trek,1,1799.99,0.2,1439.992,0
1302,16-12-2017,4,Baldwin Bikes,Merideth Preston,NY,Haro Flightline Two 26 Plus - 2017,Mountain Bikes,Haro,1,549.99,0.05,522.4905,18
1302,16-12-2017,4,Baldwin Bikes,Merideth Preston,NY,Electra Townie Original 7D EQ - Women's - 2016,Cruisers Bicycles,Electra,2,599.99,0.1,1079.982,20
1302,16-12-2017,4,Baldwin Bikes,Merideth Preston,NY,Trek Domane SLR 6 Disc - 2017,Road Bikes,Trek,2,5499.99,0.07,10229.9814,20
1303,16-12-2017,4,Baldwin Bikes,Melodie Melton,NY,Electra Moto 3i (20-inch) - Boy's - 2017,Children Bicycles,Electra,1,349.99,0.1,314.991,22
1303,16-12-2017,4,Baldwin Bikes,Melodie Melton,NY,Trek Boone Race Shop Limited - 2017,Cyclocross Bicycles,Trek,2,3499.99,0.2,5599.984,5
1303,16-12-2017,4,Baldwin Bikes,Melodie Melton,NY,Sun Bicycles Cruz 3 - Women's - 2017,Comfort Bicycles,Sun Bicycles,1,449.99,0.1,404.991,29
1303,16-12-2017,4,Baldwin Bikes,Melodie Melton,NY,Sun Bicycles Brickell Tandem 7 - 2017,Cruisers Bicycles,Sun Bicycles,1,749.99,0.1,674.991,20
1303,16-12-2017,4,Baldwin Bikes,Melodie Melton,NY,Electra Townie Original 21D - 2016,Comfort Bicycles,Electra,2,549.99,0.1,989.982,16
1304,16-12-2017,4,Baldwin Bikes,Lamar Bush,NY,Sun Bicycles Brickell Tandem CB - 2017,Cruisers Bicycles,Sun Bicycles,1,761.99,0.05,723.8905,27
1304,16-12-2017,4,Baldwin Bikes,Lamar Bush,NY,Electra Sugar Skulls 1 (20-inch) - Girl's - 2017,Children Bicycles,Electra,2,299.99,0.05,569.981,24
1304,16-12-2017,4,Baldwin Bikes,Lamar Bush,NY,Electra Townie Original 7D - 2017,Comfort Bicycles,Electra,1,489.99,0.2,391.992,12
1304,16-12-2017,4,Baldwin Bikes,Lamar Bush,NY,Pure Cycles Vine 8-Speed - 2016,Cruisers Bicycles,Pure Cycles,1,429,0.05,407.55,3
1305,17-12-2017,4,Baldwin Bikes,Earl Stanley,NY,Haro Downtown 16 - 2017,Children Bicycles,Haro,1,329.99,0.2,263.992,6
1305,17-12-2017,4,Baldwin Bikes,Earl Stanley,NY,Trek Conduit+ - 2016,Electric Bikes,Trek,1,2999.99,0.07,2789.9907,17
1305,17-12-2017,4,Baldwin Bikes,Earl Stanley,NY,Surly Straggler 650b - 2016,Cyclocross Bicycles,Surly,1,1680.99,0.05,1596.9405,21
1305,17-12-2017,4,Baldwin Bikes,Earl Stanley,NY,Trek Precaliber 24 (21-Speed) - Girls - 2017,Children Bicycles,Trek,2,349.99,0.05,664.981,0
1306,20-12-2017,4,Baldwin Bikes,Jeanice Frost,NY,Sun Bicycles Streamway 3 - 2017,Comfort Bicycles,Sun Bicycles,2,551.99,0.05,1048.781,1
1306,20-12-2017,4,Baldwin Bikes,Jeanice Frost,NY,Electra Amsterdam Fashion 7i Ladies' - 2017,Cruisers Bicycles,Electra,2,1099.99,0.07,2045.9814,19
1306,20-12-2017,4,Baldwin Bikes,Jeanice Frost,NY,Haro SR 1.2 - 2017,Mountain Bikes,Haro,1,869.99,0.2,695.992,13
1306,20-12-2017,4,Baldwin Bikes,Jeanice Frost,NY,Trek Fuel EX 5 27.5 Plus - 2017,Mountain Bikes,Trek,1,2299.99,0.2,1839.992,16
1306,20-12-2017,4,Baldwin Bikes,Jeanice Frost,NY,Trek Conduit+ - 2016,Electric Bikes,Trek,2,2999.99,0.07,5579.9814,17
1307,22-12-2017,4,Santa Cruz Bikes,Elmo Sweeney,CA,Electra Moto 3i (20-inch) - Boy's - 2017,Children Bicycles,Electra,2,349.99,0.07,650.9814,20
1307,22-12-2017,4,Santa Cruz Bikes,Elmo Sweeney,CA,Surly Ogre Frameset - 2017,Road Bikes,Surly,2,749.99,0.2,1199.984,17
1307,22-12-2017,4,Santa Cruz Bikes,Elmo Sweeney,CA,Sun Bicycles Cruz 7 - 2017,Cruisers Bicycles,Sun Bicycles,2,416.99,0.2,667.184,4
1308,22-12-2017,4,Baldwin Bikes,Ilona Spears,NY,Trek Domane SL Disc Frameset - 2017,Road Bikes,Trek,1,3199.99,0.05,3039.9905,6
1308,22-12-2017,4,Baldwin Bikes,Ilona Spears,NY,Sun Bicycles Cruz 7 - 2017,Cruisers Bicycles,Sun Bicycles,1,416.99,0.2,333.592,22
1308,22-12-2017,4,Baldwin Bikes,Ilona Spears,NY,Electra Girl's Hawaii 1 (16-inch) - 2015/2016,Cruisers Bicycles,Electra,2,269.99,0.07,502.1814,18
1308,22-12-2017,4,Baldwin Bikes,Ilona Spears,NY,Trek Domane SLR 6 Disc - 2017,Road Bikes,Trek,1,5499.99,0.2,4399.992,20
1308,22-12-2017,4,Baldwin Bikes,Ilona Spears,NY,Trek Farley Alloy Frameset - 2017,Mountain Bikes,Trek,1,469.99,0.07,437.0907,13
1309,22-12-2017,4,Baldwin Bikes,Cassidy Clark,NY,Sun Bicycles Lil Bolt Type-R - 2017,Cruisers Bicycles,Sun Bicycles,1,346.99,0.05,329.6405,16
1309,22-12-2017,4,Baldwin Bikes,Cassidy Clark,NY,Trek Precaliber 12 Boys - 2017,Children Bicycles,Trek,2,189.99,0.2,303.984,14
1310,24-12-2017,4,Santa Cruz Bikes,Caridad Compton,CA,Trek Domane S 5 Disc - 2017,Road Bikes,Trek,1,2599.99,0.2,2079.992,22
1310,24-12-2017,4,Santa Cruz Bikes,Caridad Compton,CA,Electra Glam Punk 3i Ladies' - 2017,Cruisers Bicycles,Electra,2,799.99,0.2,1279.984,16
1310,24-12-2017,4,Santa Cruz Bikes,Caridad Compton,CA,Surly Straggler 650b - 2016,Cyclocross Bicycles,Surly,2,1680.99,0.1,3025.782,8
1310,24-12-2017,4,Santa Cruz Bikes,Caridad Compton,CA,Trek Domane SL Disc Frameset - 2017,Road Bikes,Trek,1,3199.99,0.2,2559.992,11
1311,24-12-2017,4,Baldwin Bikes,Nicolas Carlson,NY,Sun Bicycles Cruz 7 - 2017,Cruisers Bicycles,Sun Bicycles,1,416.99,0.1,375.291,22
1311,24-12-2017,4,Baldwin Bikes,Nicolas Carlson,NY,Haro SR 1.2 - 2017,Mountain Bikes,Haro,2,869.99,0.07,1618.1814,13
1311,24-12-2017,4,Baldwin Bikes,Nicolas Carlson,NY,Surly Big Dummy Frameset - 2017,Mountain Bikes,Surly,2,999.99,0.1,1799.982,10
1311,24-12-2017,4,Baldwin Bikes,Nicolas Carlson,NY,Trek Fuel EX 5 27.5 Plus - 2017,Mountain Bikes,Trek,1,2299.99,0.1,2069.991,16
1312,25-12-2017,4,Santa Cruz Bikes,Charise Burt,CA,Sun Bicycles Revolutions 24 - Girl's - 2017,Cruisers Bicycles,Sun Bicycles,2,250.99,0.05,476.881,19
1312,25-12-2017,4,Santa Cruz Bikes,Charise Burt,CA,Electra Girl's Hawaii 1 (16-inch) - 2015/2016,Cruisers Bicycles,Electra,1,269.99,0.2,215.992,8
1312,25-12-2017,4,Santa Cruz Bikes,Charise Burt,CA,Electra Townie Original 7D EQ - Women's - 2016,Cruisers Bicycles,Electra,1,599.99,0.07,557.9907,26
1313,25-12-2017,4,Santa Cruz Bikes,Edith Davenport,CA,Electra Cruiser Lux Fat Tire 1 Ladies - 2017,Cruisers Bicycles,Electra,1,599.99,0.2,479.992,23
1313,25-12-2017,4,Santa Cruz Bikes,Edith Davenport,CA,Surly Wednesday Frameset - 2017,Mountain Bikes,Surly,1,469.99,0.2,375.992,10
1313,25-12-2017,4,Santa Cruz Bikes,Edith Davenport,CA,Sun Bicycles Cruz 7 - 2017,Cruisers Bicycles,Sun Bicycles,1,416.99,0.07,387.8007,4
1314,25-12-2017,4,Baldwin Bikes,Shanita Wiley,NY,Surly Steamroller - 2017,Road Bikes,Surly,1,875.99,0.07,814.6707,23
1314,25-12-2017,4,Baldwin Bikes,Shanita Wiley,NY,Sun Bicycles Biscayne Tandem 7 - 2017,Cruisers Bicycles,Sun Bicycles,2,619.99,0.05,1177.981,1
1314,25-12-2017,4,Baldwin Bikes,Shanita Wiley,NY,Haro Shredder Pro 20 - 2017,Children Bicycles,Haro,1,249.99,0.1,224.991,2
1315,25-12-2017,4,Rowlett Bikes,Porter Bass,TX,Sun Bicycles Streamway - 2017,Comfort Bicycles,Sun Bicycles,2,481.99,0.07,896.5014,22
1315,25-12-2017,4,Rowlett Bikes,Porter Bass,TX,Haro Shift R3 - 2017,Mountain Bikes,Haro,1,1469.99,0.05,1396.4905,25
1315,25-12-2017,4,Rowlett Bikes,Porter Bass,TX,Electra Townie Original 21D - 2016,Comfort Bicycles,Electra,1,549.99,0.1,494.991,18
1315,25-12-2017,4,Rowlett Bikes,Porter Bass,TX,Electra Townie Original 7D EQ - 2016,Comfort Bicycles,Electra,1,599.99,0.07,557.9907,27
1315,25-12-2017,4,Rowlett Bikes,Porter Bass,TX,Electra Townie Original 7D EQ - 2016,Cruisers Bicycles,Electra,2,599.99,0.2,959.984,19
1316,26-12-2017,4,Santa Cruz Bikes,Sylvester Chan,CA,"Electra Girl's Hawaii 1 16"" - 2017",Cruisers Bicycles,Electra,2,299.99,0.1,539.982,15
1316,26-12-2017,4,Santa Cruz Bikes,Sylvester Chan,CA,Trek Precaliber 16 Girls - 2017,Children Bicycles,Trek,1,209.99,0.1,188.991,4
1317,27-12-2017,4,Santa Cruz Bikes,Georgeanna Webster,CA,Electra Amsterdam Original 3i Ladies' - 2017,Cruisers Bicycles,Electra,1,659.99,0.1,593.991,1
1318,27-12-2017,4,Baldwin Bikes,Abby Gamble,NY,Electra Amsterdam Original 3i Ladies' - 2017,Cruisers Bicycles,Electra,2,659.99,0.2,1055.984,4
1318,27-12-2017,4,Baldwin Bikes,Abby Gamble,NY,Trek Boone 7 - 2017,Cyclocross Bicycles,Trek,2,3499.99,0.2,5599.984,4
1318,27-12-2017,4,Baldwin Bikes,Abby Gamble,NY,Sun Bicycles Drifter 7 - Women's - 2017,Comfort Bicycles,Sun Bicycles,1,470.99,0.2,376.792,6
1318,27-12-2017,4,Baldwin Bikes,Abby Gamble,NY,Haro Shredder 20 - 2017,Children Bicycles,Haro,1,209.99,0.07,195.2907,22
1319,27-12-2017,4,Baldwin Bikes,Kylee Dickson,NY,Electra Cruiser Lux Fat Tire 1 Ladies - 2017,Cruisers Bicycles,Electra,1,599.99,0.07,557.9907,11
1319,27-12-2017,4,Baldwin Bikes,Kylee Dickson,NY,Trek Precaliber 24 (21-Speed) - Girls - 2017,Children Bicycles,Trek,1,349.99,0.2,279.992,0
1320,28-12-2017,4,Santa Cruz Bikes,Jessika Bray,CA,Sun Bicycles Streamway - 2017,Comfort Bicycles,Sun Bicycles,1,481.99,0.1,433.791,25
1320,28-12-2017,4,Santa Cruz Bikes,Jessika Bray,CA,Haro Shredder 20 Girls - 2017,Children Bicycles,Haro,1,209.99,0.05,199.4905,22
1320,28-12-2017,4,Santa Cruz Bikes,Jessika Bray,CA,Electra Sugar Skulls 1 (20-inch) - Girl's - 2017,Children Bicycles,Electra,2,299.99,0.2,479.984,28
1321,30-12-2017,4,Santa Cruz Bikes,Carline Collier,CA,Trek Session DH 27.5 Carbon Frameset - 2017,Mountain Bikes,Trek,1,469.99,0.1,422.991,2
1321,30-12-2017,4,Santa Cruz Bikes,Carline Collier,CA,Sun Bicycles Cruz 7 - 2017,Comfort Bicycles,Sun Bicycles,1,416.99,0.1,375.291,20
1321,30-12-2017,4,Santa Cruz Bikes,Carline Collier,CA,Surly Straggler 650b - 2016,Cyclocross Bicycles,Surly,2,1680.99,0.1,3025.782,8
1322,31-12-2017,4,Baldwin Bikes,Janetta Aguirre,NY,Surly Karate Monkey 27.5+ Frameset - 2017,Mountain Bikes,Surly,2,2499.99,0.05,4749.981,25
1322,31-12-2017,4,Baldwin Bikes,Janetta Aguirre,NY,Sun Bicycles Streamway - 2017,Comfort Bicycles,Sun Bicycles,2,481.99,0.05,915.781,26
1323,31-12-2017,4,Baldwin Bikes,Queenie Vance,NY,Surly Big Dummy Frameset - 2017,Mountain Bikes,Surly,2,999.99,0.07,1859.9814,10
1323,31-12-2017,4,Baldwin Bikes,Queenie Vance,NY,Electra Townie Original 7D EQ - Women's - 2016,Cruisers Bicycles,Electra,1,599.99,0.05,569.9905,20
1323,31-12-2017,4,Baldwin Bikes,Queenie Vance,NY,Electra Amsterdam Original 3i - 2015/2017,Cruisers Bicycles,Electra,1,659.99,0.05,626.9905,6
1324,01-01-2018,4,Baldwin Bikes,Mellie Puckett,NY,Sun Bicycles Revolutions 24 - 2017,Cruisers Bicycles,Sun Bicycles,1,250.99,0.1,225.891,22
1324,01-01-2018,4,Baldwin Bikes,Mellie Puckett,NY,Trek Fuel EX 7 29 - 2018,Mountain Bikes,Trek,2,2499.99,0.2,3999.984,16
1324,01-01-2018,4,Baldwin Bikes,Mellie Puckett,NY,Electra Koa 3i Ladies' - 2018,Cruisers Bicycles,Electra,1,899.99,0.1,809.991,4
1324,01-01-2018,4,Baldwin Bikes,Mellie Puckett,NY,Surly Wednesday Frameset - 2016,Mountain Bikes,Surly,1,999.99,0.2,799.992,28
1325,01-01-2018,4,Rowlett Bikes,Jayne Kirkland,TX,Trek Remedy 7 27.5 - 2018,Mountain Bikes,Trek,1,2999.99,0.05,2849.9905,21
1325,01-01-2018,4,Rowlett Bikes,Jayne Kirkland,TX,Electra Amsterdam Fashion 3i Ladies' - 2017/2018,Cruisers Bicycles,Electra,1,899.99,0.05,854.9905,25
1325,01-01-2018,4,Rowlett Bikes,Jayne Kirkland,TX,Trek Crockett 7 Disc - 2018,Cyclocross Bicycles,Trek,1,2999.99,0.1,2699.991,1
1325,01-01-2018,4,Rowlett Bikes,Jayne Kirkland,TX,Surly Karate Monkey 27.5+ Frameset - 2017,Mountain Bikes,Surly,1,2499.99,0.07,2324.9907,20
1326,01-01-2018,4,Rowlett Bikes,Sheila Travis,TX,Trek Dual Sport+ - 2018,Electric Bikes,Trek,2,2799.99,0.07,5207.9814,20
1326,01-01-2018,4,Rowlett Bikes,Sheila Travis,TX,Trek Precaliber 12 Boy's - 2018,Children Bicycles,Trek,2,199.99,0.07,371.9814,26
1327,02-01-2018,4,Baldwin Bikes,Jenine Dawson,NY,Trek Domane ALR 4 Disc Women's - 2018,Road Bikes,Trek,2,1549.99,0.07,2882.9814,2
1327,02-01-2018,4,Baldwin Bikes,Jenine Dawson,NY,Electra Koa 3i Ladies' - 2018,Cruisers Bicycles,Electra,2,899.99,0.1,1619.982,4
1327,02-01-2018,4,Baldwin Bikes,Jenine Dawson,NY,Trek Emonda S 4 - 2017,Road Bikes,Trek,2,1499.99,0.1,2699.982,20
1327,02-01-2018,4,Baldwin Bikes,Jenine Dawson,NY,Trek Domane AL 3 Women's - 2018,Road Bikes,Trek,1,919.99,0.2,735.992,3
1328,02-01-2018,4,Baldwin Bikes,Cher Alston,NY,Electra Townie Commute 8D - 2018,Cruisers Bicycles,Electra,1,749.99,0.07,697.4907,24
1328,02-01-2018,4,Baldwin Bikes,Cher Alston,NY,Trek X-Caliber 7 - 2018,Mountain Bikes,Trek,2,919.99,0.1,1655.982,21
1328,02-01-2018,4,Baldwin Bikes,Cher Alston,NY,Electra Cruiser 7D Tall - 2016/2018,Cruisers Bicycles,Electra,1,319.99,0.07,297.5907,7
1328,02-01-2018,4,Baldwin Bikes,Cher Alston,NY,Electra Townie Commute 8D - 2018,Comfort Bicycles,Electra,1,749.99,0.1,674.991,27
1328,02-01-2018,4,Baldwin Bikes,Cher Alston,NY,Electra Townie Original 7D EQ - 2018,Cruisers Bicycles,Electra,1,599.99,0.1,539.991,16
1329,04-01-2018,4,Santa Cruz Bikes,Ayana Keith,CA,Trek Domane ALR 3 - 2018,Road Bikes,Trek,1,1099.99,0.07,1022.9907,19
1329,04-01-2018,4,Santa Cruz Bikes,Ayana Keith,CA,Sun Bicycles Cruz 7 - 2017,Comfort Bicycles,Sun Bicycles,1,416.99,0.05,396.1405,20
1329,04-01-2018,4,Santa Cruz Bikes,Ayana Keith,CA,Trek Domane S 6 - 2017,Road Bikes,Trek,1,2699.99,0.07,2510.9907,11
1329,04-01-2018,4,Santa Cruz Bikes,Ayana Keith,CA,Electra Heartchya 1 (20-inch) - Girl's - 2018,Children Bicycles,Electra,2,319.99,0.2,511.984,10
1329,04-01-2018,4,Santa Cruz Bikes,Ayana Keith,CA,Electra Cruiser 1 (24-Inch) - 2016,Cruisers Bicycles,Electra,1,269.99,0.1,242.991,13
1330,04-01-2018,4,Baldwin Bikes,Rod Hatfield,NY,Electra Cruiser Lux 7D Ladies' - 2018,Cruisers Bicycles,Electra,1,479.99,0.2,383.992,11
1330,04-01-2018,4,Baldwin Bikes,Rod Hatfield,NY,Electra Townie Original 21D EQ Ladies' - 2018,Cruisers Bicycles,Electra,2,679.99,0.05,1291.981,18
1330,04-01-2018,4,Baldwin Bikes,Rod Hatfield,NY,Electra Cruiser Lux 1 Ladies' - 2018,Cruisers Bicycles,Electra,2,429.99,0.2,687.984,25
1330,04-01-2018,4,Baldwin Bikes,Rod Hatfield,NY,Electra Townie Original 7D - 2017,Comfort Bicycles,Electra,2,489.99,0.05,930.981,12
1330,04-01-2018,4,Baldwin Bikes,Rod Hatfield,NY,Electra Cyclosaurus 1 (16-inch) - Boy's - 2018,Children Bicycles,Electra,1,279.99,0.1,251.991,8
1331,05-01-2018,4,Baldwin Bikes,Cicely Deleon,NY,Electra Townie Go! 8i Ladies' - 2018,Cruisers Bicycles,Electra,1,2599.99,0.05,2469.9905,29
1331,05-01-2018,4,Baldwin Bikes,Cicely Deleon,NY,"Electra Superbolt 3i 20"" - 2018",Children Bicycles,Electra,1,369.99,0.05,351.4905,29
1331,05-01-2018,4,Baldwin Bikes,Cicely Deleon,NY,Trek Domane ALR 5 Disc - 2018,Road Bikes,Trek,2,1799.99,0.1,3239.982,23
1331,05-01-2018,4,Baldwin Bikes,Cicely Deleon,NY,Electra Townie Balloon 3i EQ Ladies' - 2018,Comfort Bicycles,Electra,1,799.99,0.2,639.992,13
1332,06-01-2018,4,Baldwin Bikes,Erma Salinas,NY,"Electra Treasure 3i 20"" - 2018",Children Bicycles,Electra,1,369.99,0.2,295.992,8
1332,06-01-2018,4,Baldwin Bikes,Erma Salinas,NY,Haro Shredder 20 Girls - 2017,Children Bicycles,Haro,2,209.99,0.05,398.981,22
1332,06-01-2018,4,Baldwin Bikes,Erma Salinas,NY,Trek Domane AL 3 - 2018,Road Bikes,Trek,2,919.99,0.07,1711.1814,16
1332,06-01-2018,4,Baldwin Bikes,Erma Salinas,NY,Electra Water Lily 1 (16-inch) - Girl's - 2018,Children Bicycles,Electra,1,279.99,0.1,251.991,27
1333,06-01-2018,4,Rowlett Bikes,Minerva Decker,TX,Trek Super Commuter+ 8S - 2018,Electric Bikes,Trek,2,4999.99,0.05,9499.981,3
1333,06-01-2018,4,Rowlett Bikes,Minerva Decker,TX,Electra Townie Original 21D EQ - 2017/2018,Comfort Bicycles,Electra,2,679.99,0.1,1223.982,23
1333,06-01-2018,4,Rowlett Bikes,Minerva Decker,TX,Electra Sugar Skulls 1 (20-inch) - Girl's - 2017,Children Bicycles,Electra,2,299.99,0.1,539.982,19
1333,06-01-2018,4,Rowlett Bikes,Minerva Decker,TX,Electra Townie Original 21D - 2016,Cruisers Bicycles,Electra,1,549.99,0.05,522.4905,30
1333,06-01-2018,4,Rowlett Bikes,Minerva Decker,TX,Sun Bicycles Biscayne Tandem CB - 2017,Cruisers Bicycles,Sun Bicycles,1,647.99,0.1,583.191,19
1334,07-01-2018,4,Baldwin Bikes,Augustina Joyner,NY,Trek Powerfly 7 FS - 2018,Electric Bikes,Trek,2,4999.99,0.05,9499.981,7
1334,07-01-2018,4,Baldwin Bikes,Augustina Joyner,NY,Trek Emonda SLR 6 - 2018,Road Bikes,Trek,2,4499.99,0.07,8369.9814,4
1334,07-01-2018,4,Baldwin Bikes,Augustina Joyner,NY,Sun Bicycles Lil Kitt'n - 2017,Children Bicycles,Sun Bicycles,2,109.99,0.1,197.982,22
1334,07-01-2018,4,Baldwin Bikes,Augustina Joyner,NY,Electra Cruiser 1 (24-Inch) - 2016,Cruisers Bicycles,Electra,1,269.99,0.05,256.4905,1
1334,07-01-2018,4,Baldwin Bikes,Augustina Joyner,NY,Trek Fuel EX 5 27.5 Plus - 2017,Mountain Bikes,Trek,1,2299.99,0.05,2184.9905,16
1335,07-01-2018,4,Baldwin Bikes,Delfina Gilliam,NY,Trek Fuel EX 5 Plus - 2018,Mountain Bikes,Trek,2,2249.99,0.05,4274.981,16
1336,09-01-2018,4,Santa Cruz Bikes,Jana Thomas,CA,Trek X-Caliber 8 - 2017,Mountain Bikes,Trek,2,999.99,0.2,1599.984,13
1336,09-01-2018,4,Santa Cruz Bikes,Jana Thomas,CA,Trek Domane SL Frameset Women's - 2018,Road Bikes,Trek,1,6499.99,0.05,6174.9905,25
1336,09-01-2018,4,Santa Cruz Bikes,Jana Thomas,CA,Electra Cruiser 1 (24-Inch) - 2016,Children Bicycles,Electra,2,269.99,0.07,502.1814,24
1336,09-01-2018,4,Santa Cruz Bikes,Jana Thomas,CA,Trek Boone 7 Disc - 2018,Cyclocross Bicycles,Trek,1,3999.99,0.1,3599.991,27
1336,09-01-2018,4,Santa Cruz Bikes,Jana Thomas,CA,Trek Conduit+ - 2018,Electric Bikes,Trek,1,2799.99,0.1,2519.991,3
1337,09-01-2018,4,Baldwin Bikes,Ruth Horton,NY,Trek Domane SL 7 Women's - 2018,Road Bikes,Trek,1,4999.99,0.1,4499.991,21
1338,10-01-2018,4,Baldwin Bikes,Hae Ramirez,NY,Trek Emonda SLR 8 - 2018,Road Bikes,Trek,2,6499.99,0.07,12089.9814,1
1339,11-01-2018,4,Santa Cruz Bikes,Mellisa Kim,CA,Trek Domane SLR Frameset - 2018,Road Bikes,Trek,1,3199.99,0.07,2975.9907,2
1340,12-01-2018,4,Santa Cruz Bikes,Raeann Duncan,CA,Electra Townie Go! 8i Ladies' - 2018,Cruisers Bicycles,Electra,1,2599.99,0.2,2079.992,16
1340,12-01-2018,4,Santa Cruz Bikes,Raeann Duncan,CA,Haro Shredder 20 - 2017,Children Bicycles,Haro,2,209.99,0.2,335.984,0
1340,12-01-2018,4,Santa Cruz Bikes,Raeann Duncan,CA,Electra Relic 3i - 2018,Cruisers Bicycles,Electra,2,849.99,0.05,1614.981,26
1341,12-01-2018,4,Baldwin Bikes,Todd Waters,NY,Electra Queen of Hearts 3i - 2018,Cruisers Bicycles,Electra,2,749.99,0.07,1394.9814,11
1341,12-01-2018,4,Baldwin Bikes,Todd Waters,NY,Trek Domane SLR 6 Disc - 2017,Road Bikes,Trek,2,5499.99,0.2,8799.984,20
1341,12-01-2018,4,Baldwin Bikes,Todd Waters,NY,Electra Daydreamer 3i Ladies' - 2018,Cruisers Bicycles,Electra,2,899.99,0.05,1709.981,12
1341,12-01-2018,4,Baldwin Bikes,Todd Waters,NY,Sun Bicycles Revolutions 24 - 2017,Cruisers Bicycles,Sun Bicycles,2,250.99,0.05,476.881,22
1342,12-01-2018,4,Baldwin Bikes,Vivian Deleon,NY,Sun Bicycles ElectroLite - 2017,Electric Bikes,Sun Bicycles,1,1559.99,0.05,1481.9905,1
1342,12-01-2018,4,Baldwin Bikes,Vivian Deleon,NY,Trek Precaliber 16 Boy's - 2018,Children Bicycles,Trek,1,209.99,0.05,199.4905,15
1343,13-01-2018,4,Baldwin Bikes,Deanne Parsons,NY,Electra Townie Original 21D Ladies' - 2018,Cruisers Bicycles,Electra,1,559.99,0.05,531.9905,1
1343,13-01-2018,4,Baldwin Bikes,Deanne Parsons,NY,Electra Sugar Skulls 1 (20-inch) - Girl's - 2017,Children Bicycles,Electra,1,299.99,0.05,284.9905,24
1343,13-01-2018,4,Baldwin Bikes,Deanne Parsons,NY,Trek Domane SL 6 Disc - 2018,Road Bikes,Trek,2,3499.99,0.2,5599.984,0
1343,13-01-2018,4,Baldwin Bikes,Deanne Parsons,NY,Sun Bicycles Lil Bolt Type-R - 2017,Cruisers Bicycles,Sun Bicycles,2,346.99,0.2,555.184,16
1343,13-01-2018,4,Baldwin Bikes,Deanne Parsons,NY,Trek Boone 5 Disc - 2018,Cyclocross Bicycles,Trek,1,3299.99,0.1,2969.991,9
1344,13-01-2018,4,Baldwin Bikes,Alishia Elliott,NY,Electra Glam Punk 3i Ladies' - 2017,Cruisers Bicycles,Electra,2,799.99,0.07,1487.9814,25
1344,13-01-2018,4,Baldwin Bikes,Alishia Elliott,NY,Sun Bicycles Streamway 3 - 2017,Comfort Bicycles,Sun Bicycles,2,551.99,0.2,883.184,1
1344,13-01-2018,4,Baldwin Bikes,Alishia Elliott,NY,Surly Wednesday Frameset - 2016,Mountain Bikes,Surly,1,999.99,0.07,929.9907,28
1344,13-01-2018,4,Baldwin Bikes,Alishia Elliott,NY,Trek Powerfly 8 FS Plus - 2017,Electric Bikes,Trek,1,4999.99,0.07,4649.9907,20
1345,14-01-2018,4,Baldwin Bikes,Ashanti Hammond,NY,Trek Fuel EX 9.8 29 - 2017,Mountain Bikes,Trek,2,4999.99,0.2,7999.984,15
1345,14-01-2018,4,Baldwin Bikes,Ashanti Hammond,NY,Trek Domane ALR Disc Frameset - 2018,Road Bikes,Trek,2,3199.99,0.05,6079.981,16
1345,14-01-2018,4,Baldwin Bikes,Ashanti Hammond,NY,Surly Straggler 650b - 2018,Road Bikes,Surly,2,1549,0.2,2478.4,9
1345,14-01-2018,4,Baldwin Bikes,Ashanti Hammond,NY,Ritchey Timberwolf Frameset - 2016,Mountain Bikes,Ritchey,2,749.99,0.2,1199.984,16
1346,14-01-2018,4,Rowlett Bikes,Sarita Parks,TX,Trek Remedy 27.5 C Frameset - 2018,Mountain Bikes,Trek,2,1499.99,0.05,2849.981,17
1346,14-01-2018,4,Rowlett Bikes,Sarita Parks,TX,Trek Emonda SL 7 - 2018,Road Bikes,Trek,1,4499.99,0.05,4274.9905,21
1346,14-01-2018,4,Rowlett Bikes,Sarita Parks,TX,Pure Cycles Western 3-Speed - Women's - 2015/2016,Cruisers Bicycles,Pure Cycles,2,449,0.05,853.1,5
1346,14-01-2018,4,Rowlett Bikes,Sarita Parks,TX,Electra White Water 3i - 2018,Cruisers Bicycles,Electra,1,749.99,0.1,674.991,6
1346,14-01-2018,4,Rowlett Bikes,Sarita Parks,TX,Strider Classic 12 Balance Bike - 2018,Children Bicycles,Strider,2,89.99,0.2,143.984,21
1347,15-01-2018,4,Santa Cruz Bikes,Muriel Juarez,CA,Trek Fuel EX 9.8 27.5 Plus - 2017,Mountain Bikes,Trek,2,5299.99,0.07,9857.9814,2
1347,15-01-2018,4,Santa Cruz Bikes,Muriel Juarez,CA,Surly Ogre Frameset - 2017,Road Bikes,Surly,1,749.99,0.05,712.4905,17
1348,15-01-2018,4,Santa Cruz Bikes,Brigid Sharp,CA,Trek Powerfly 7 FS - 2018,Electric Bikes,Trek,1,4999.99,0.05,4749.9905,4
1348,15-01-2018,4,Santa Cruz Bikes,Brigid Sharp,CA,Trek Domane SL 8 Disc - 2018,Road Bikes,Trek,1,5499.99,0.05,5224.9905,6
1348,15-01-2018,4,Santa Cruz Bikes,Brigid Sharp,CA,Trek Madone 9.2 - 2017,Road Bikes,Trek,2,4999.99,0.1,8999.982,1
1348,15-01-2018,4,Santa Cruz Bikes,Brigid Sharp,CA,Trek Domane ALR 5 Gravel - 2018,Road Bikes,Trek,1,1799.99,0.07,1673.9907,8
1349,15-01-2018,4,Baldwin Bikes,Bess Mcbride,NY,Trek Fuel EX 5 Plus - 2018,Mountain Bikes,Trek,2,2249.99,0.05,4274.981,16
1349,15-01-2018,4,Baldwin Bikes,Bess Mcbride,NY,Trek Super Commuter+ 8S - 2018,Electric Bikes,Trek,2,4999.99,0.07,9299.9814,13
1349,15-01-2018,4,Baldwin Bikes,Bess Mcbride,NY,Surly Straggler - 2018,Road Bikes,Surly,2,1549,0.2,2478.4,29
1349,15-01-2018,4,Baldwin Bikes,Bess Mcbride,NY,Trek Domane SL 6 Disc - 2018,Road Bikes,Trek,1,3499.99,0.2,2799.992,0
1350,15-01-2018,4,Baldwin Bikes,Kara Higgins,NY,Electra Townie Balloon 3i EQ - 2017/2018,Comfort Bicycles,Electra,1,749.99,0.1,674.991,21
1350,15-01-2018,4,Baldwin Bikes,Kara Higgins,NY,Electra Townie Go! 8i - 2017/2018,Cruisers Bicycles,Electra,1,2599.99,0.07,2417.9907,23
1350,15-01-2018,4,Baldwin Bikes,Kara Higgins,NY,Electra Townie Go! 8i Ladies' - 2018,Cruisers Bicycles,Electra,1,2599.99,0.07,2417.9907,29
1350,15-01-2018,4,Baldwin Bikes,Kara Higgins,NY,Trek Emonda ALR 6 - 2018,Road Bikes,Trek,1,2299.99,0.05,2184.9905,30
1350,15-01-2018,4,Baldwin Bikes,Kara Higgins,NY,Electra Cruiser 1 (24-Inch) - 2016,Cruisers Bicycles,Electra,2,269.99,0.2,431.984,1
1351,16-01-2018,4,Baldwin Bikes,Shenna Benton,NY,"Electra Under-The-Sea 1 16"" - 2018",Children Bicycles,Electra,2,279.99,0.2,447.984,7
1351,16-01-2018,4,Baldwin Bikes,Shenna Benton,NY,Trek Procaliber Frameset - 2018,Mountain Bikes,Trek,1,1499.99,0.1,1349.991,28
1352,16-01-2018,4,Baldwin Bikes,Nicola Knight,NY,Trek Procaliber 6 - 2018,Mountain Bikes,Trek,1,1799.99,0.2,1439.992,8
1352,16-01-2018,4,Baldwin Bikes,Nicola Knight,NY,Surly Steamroller - 2017,Road Bikes,Surly,2,875.99,0.1,1576.782,23
1352,16-01-2018,4,Baldwin Bikes,Nicola Knight,NY,Electra Cyclosaurus 1 (16-inch) - Boy's - 2018,Children Bicycles,Electra,2,279.99,0.1,503.982,8
1352,16-01-2018,4,Baldwin Bikes,Nicola Knight,NY,Trek Girl's Kickster - 2017,Children Bicycles,Trek,2,149.99,0.2,239.984,24
1352,16-01-2018,4,Baldwin Bikes,Nicola Knight,NY,Electra Townie 3i EQ (20-inch) - Boys' - 2017,Children Bicycles,Electra,1,489.99,0.05,465.4905,12
1353,17-01-2018,4,Baldwin Bikes,Malinda Baxter,NY,Sun Bicycles Cruz 7 - 2017,Comfort Bicycles,Sun Bicycles,2,416.99,0.05,792.281,29
1353,17-01-2018,4,Baldwin Bikes,Malinda Baxter,NY,Electra Cruiser Lux Fat Tire 7D - 2018,Cruisers Bicycles,Electra,1,639.99,0.07,595.1907,25
1353,17-01-2018,4,Baldwin Bikes,Malinda Baxter,NY,Electra Townie Balloon 3i EQ Ladies' - 2018,Comfort Bicycles,Electra,1,799.99,0.2,639.992,13
1353,17-01-2018,4,Baldwin Bikes,Malinda Baxter,NY,Trek Girl's Kickster - 2017,Children Bicycles,Trek,2,149.99,0.05,284.981,24
1354,19-01-2018,4,Santa Cruz Bikes,Christopher Richardson,CA,Trek Domane AL 2 Women's - 2018,Road Bikes,Trek,2,749.99,0.07,1394.9814,23
1355,19-01-2018,4,Baldwin Bikes,Katia Henry,NY,"Electra Under-The-Sea 1 16"" - 2018",Children Bicycles,Electra,1,279.99,0.1,251.991,7
1355,19-01-2018,4,Baldwin Bikes,Katia Henry,NY,Electra Townie Go! 8i Ladies' - 2018,Cruisers Bicycles,Electra,1,2599.99,0.07,2417.9907,29
1355,19-01-2018,4,Baldwin Bikes,Katia Henry,NY,Trek Domane SLR 8 Disc - 2018,Road Bikes,Trek,1,7499.99,0.2,5999.992,22
1355,19-01-2018,4,Baldwin Bikes,Katia Henry,NY,Electra Townie Original 1 Ladies' - 2018,Comfort Bicycles,Electra,2,449.99,0.1,809.982,24
1356,19-01-2018,4,Baldwin Bikes,Santa Larson,NY,Electra Townie Go! 8i - 2017/2018,Electric Bikes,Electra,1,2599.99,0.05,2469.9905,0
1356,19-01-2018,4,Baldwin Bikes,Santa Larson,NY,Electra Townie Commute Go! Ladies' - 2018,Electric Bikes,Electra,2,2999.99,0.1,5399.982,13
1356,19-01-2018,4,Baldwin Bikes,Santa Larson,NY,Trek Precaliber 24 (7-Speed) - Boys - 2018,Children Bicycles,Trek,2,319.99,0.1,575.982,9
1357,20-01-2018,4,Baldwin Bikes,Yevette Todd,NY,Trek Domane ALR 5 Disc - 2018,Road Bikes,Trek,2,1799.99,0.2,2879.984,23
1357,20-01-2018,4,Baldwin Bikes,Yevette Todd,NY,Sun Bicycles ElectroLite - 2017,Electric Bikes,Sun Bicycles,1,1559.99,0.2,1247.992,1
1357,20-01-2018,4,Baldwin Bikes,Yevette Todd,NY,Trek Stache Carbon Frameset - 2018,Mountain Bikes,Trek,1,919.99,0.2,735.992,17
1358,21-01-2018,4,Santa Cruz Bikes,Maurice Norton,CA,Electra Amsterdam Fashion 3i Ladies' - 2017/2018,Cruisers Bicycles,Electra,2,899.99,0.2,1439.984,17
1359,21-01-2018,4,Rowlett Bikes,Berneice Pollard,TX,Electra Cyclosaurus 1 (16-inch) - Boy's - 2018,Children Bicycles,Electra,1,279.99,0.05,265.9905,18
1359,21-01-2018,4,Rowlett Bikes,Berneice Pollard,TX,Electra Amsterdam Original 3i Ladies' - 2017,Cruisers Bicycles,Electra,1,659.99,0.05,626.9905,7
1360,22-01-2018,4,Baldwin Bikes,Takako Casey,NY,Surly Wednesday - 2017,Mountain Bikes,Surly,1,1632.99,0.05,1551.3405,10
1361,22-01-2018,4,Baldwin Bikes,Regine Odom,NY,Electra Townie Balloon 8D EQ - 2016/2017/2018,Comfort Bicycles,Electra,2,749.99,0.07,1394.9814,18
1361,22-01-2018,4,Baldwin Bikes,Regine Odom,NY,Trek Domane SL 7 Women's - 2018,Road Bikes,Trek,1,4999.99,0.05,4749.9905,21
1361,22-01-2018,4,Baldwin Bikes,Regine Odom,NY,Surly Pack Rat - 2018,Road Bikes,Surly,2,1349,0.2,2158.4,30
1362,23-01-2018,4,Baldwin Bikes,Gilberto Parsons,NY,Surly Big Dummy Frameset - 2017,Mountain Bikes,Surly,2,999.99,0.2,1599.984,10
1362,23-01-2018,4,Baldwin Bikes,Gilberto Parsons,NY,Trek Super Commuter+ 7 - 2018,Electric Bikes,Trek,2,3599.99,0.07,6695.9814,25
1362,23-01-2018,4,Baldwin Bikes,Gilberto Parsons,NY,Trek Fuel EX 8 29 - 2016,Mountain Bikes,Trek,2,2899.99,0.2,4639.984,2
1363,24-01-2018,4,Baldwin Bikes,Loni Mullen,NY,Sun Bicycles Revolutions 24 - 2017,Cruisers Bicycles,Sun Bicycles,2,250.99,0.1,451.782,22
1364,25-01-2018,4,Baldwin Bikes,Shena Carter,NY,Sun Bicycles Biscayne Tandem CB - 2017,Cruisers Bicycles,Sun Bicycles,1,647.99,0.07,602.6307,4
1364,25-01-2018,4,Baldwin Bikes,Shena Carter,NY,Trek Domane SLR 9 Disc - 2018,Road Bikes,Trek,2,11999.99,0.1,21599.982,21
1364,25-01-2018,4,Baldwin Bikes,Shena Carter,NY,Trek Domane SL 5 Disc Women's - 2018,Road Bikes,Trek,1,2499.99,0.1,2249.991,21
1364,25-01-2018,4,Baldwin Bikes,Shena Carter,NY,Sun Bicycles Drifter 7 - 2017,Comfort Bicycles,Sun Bicycles,1,470.99,0.07,438.0207,7
1365,25-01-2018,4,Baldwin Bikes,Deirdre Ryan,NY,Trek Domane ALR 4 Disc - 2018,Road Bikes,Trek,1,1549.99,0.07,1441.4907,4
1365,25-01-2018,4,Baldwin Bikes,Deirdre Ryan,NY,Trek Madone 9.2 - 2017,Road Bikes,Trek,1,4999.99,0.07,4649.9907,15
1365,25-01-2018,4,Baldwin Bikes,Deirdre Ryan,NY,Electra Morningstar 3i Ladies' - 2018,Cruisers Bicycles,Electra,1,749.99,0.05,712.4905,7
1366,26-01-2018,4,Baldwin Bikes,Jamaal Morrison,NY,Trek Fuel EX 8 29 - 2018,Mountain Bikes,Trek,1,3199.99,0.1,2879.991,19
1366,26-01-2018,4,Baldwin Bikes,Jamaal Morrison,NY,Surly ECR 27.5 - 2018,Mountain Bikes,Surly,2,1899,0.2,3038.4,28
1366,26-01-2018,4,Baldwin Bikes,Jamaal Morrison,NY,Trek Powerfly 5 - 2018,Electric Bikes,Trek,1,3499.99,0.07,3254.9907,11
1367,27-01-2018,4,Santa Cruz Bikes,Ja Dillard,CA,Trek Procal AL Frameset - 2018,Mountain Bikes,Trek,1,1499.99,0.1,1349.991,1
1367,27-01-2018,4,Santa Cruz Bikes,Ja Dillard,CA,Heller Bloodhound Trail - 2018,Mountain Bikes,Heller,2,2599,0.2,4158.4,20
1367,27-01-2018,4,Santa Cruz Bikes,Ja Dillard,CA,Surly Krampus - 2018,Mountain Bikes,Surly,1,1499,0.07,1394.07,23
1367,27-01-2018,4,Santa Cruz Bikes,Ja Dillard,CA,Electra Townie Original 21D - 2016,Comfort Bicycles,Electra,2,549.99,0.05,1044.981,10
1368,27-01-2018,4,Baldwin Bikes,Spring Hayes,NY,Sun Bicycles Revolutions 24 - 2017,Cruisers Bicycles,Sun Bicycles,1,250.99,0.1,225.891,22
1368,27-01-2018,4,Baldwin Bikes,Spring Hayes,NY,Trek Marlin 5 - 2018,Mountain Bikes,Trek,2,489.99,0.07,911.3814,7
1368,27-01-2018,4,Baldwin Bikes,Spring Hayes,NY,Trek CrossRip+ - 2018,Electric Bikes,Trek,1,4499.99,0.2,3599.992,16
1369,28-01-2018,4,Baldwin Bikes,Tena Cruz,NY,Electra Cruiser 1 - 2016/2017/2018,Cruisers Bicycles,Electra,2,269.99,0.05,512.981,10
1370,28-01-2018,4,Baldwin Bikes,Rey Lindsay,NY,Trek Slash 8 27.5 - 2016,Mountain Bikes,Trek,1,3999.99,0.07,3719.9907,8
1370,28-01-2018,4,Baldwin Bikes,Rey Lindsay,NY,Trek Precaliber 16 Boys - 2017,Children Bicycles,Trek,2,209.99,0.1,377.982,8
1370,28-01-2018,4,Baldwin Bikes,Rey Lindsay,NY,Trek Crockett 5 Disc - 2018,Cyclocross Bicycles,Trek,2,1799.99,0.2,2879.984,12
1370,28-01-2018,4,Baldwin Bikes,Rey Lindsay,NY,Trek Remedy 27.5 C Frameset - 2018,Mountain Bikes,Trek,1,1499.99,0.1,1349.991,13
1371,29-01-2018,4,Baldwin Bikes,Aida Koch,NY,Electra Cruiser Lux 3i - 2018,Cruisers Bicycles,Electra,2,529.99,0.07,985.7814,7
1371,29-01-2018,4,Baldwin Bikes,Aida Koch,NY,Trek Remedy 29 Carbon Frameset - 2016,Mountain Bikes,Trek,2,1799.99,0.2,2879.984,1
1372,29-01-2018,4,Baldwin Bikes,Alma Peck,NY,Electra Townie Balloon 8D EQ - 2016/2017/2018,Comfort Bicycles,Electra,1,749.99,0.07,697.4907,18
1372,29-01-2018,4,Baldwin Bikes,Alma Peck,NY,Electra Heartchya 1 (20-inch) - Girl's - 2018,Children Bicycles,Electra,2,319.99,0.2,511.984,28
1373,29-01-2018,4,Rowlett Bikes,Latonya Dixon,TX,Trek Boone Race Shop Limited - 2017,Cyclocross Bicycles,Trek,1,3499.99,0.1,3149.991,8
1374,30-01-2018,4,Santa Cruz Bikes,Karren Stevenson,CA,Trek Domane SL 5 - 2018,Road Bikes,Trek,2,2199.99,0.05,4179.981,19
1374,30-01-2018,4,Santa Cruz Bikes,Karren Stevenson,CA,Trek Stache Carbon Frameset - 2018,Mountain Bikes,Trek,2,919.99,0.07,1711.1814,22
1375,30-01-2018,4,Rowlett Bikes,Cameron Carroll,TX,Trek Domane ALR 5 Gravel - 2018,Road Bikes,Trek,2,1799.99,0.05,3419.981,3
1375,30-01-2018,4,Rowlett Bikes,Cameron Carroll,TX,Trek Domane SL 5 Disc - 2018,Road Bikes,Trek,1,2499.99,0.2,1999.992,28
1376,01-02-2018,4,Santa Cruz Bikes,Kiesha Bond,CA,Heller Shagamaw Frame - 2016,Mountain Bikes,Heller,1,1320.99,0.07,1228.5207,22
1377,01-02-2018,4,Baldwin Bikes,Jimmy Russell,NY,Trek Domane SL 7 Women's - 2018,Road Bikes,Trek,2,4999.99,0.05,9499.981,21
1377,01-02-2018,4,Baldwin Bikes,Jimmy Russell,NY,Trek Stache Carbon Frameset - 2018,Mountain Bikes,Trek,1,919.99,0.05,873.9905,17
1377,01-02-2018,4,Baldwin Bikes,Jimmy Russell,NY,Trek Emonda S 4 - 2017,Road Bikes,Trek,1,1499.99,0.07,1394.9907,20
1377,01-02-2018,4,Baldwin Bikes,Jimmy Russell,NY,Trek XM700+ Lowstep - 2018,Electric Bikes,Trek,2,3499.99,0.07,6509.9814,27
1378,02-02-2018,4,Santa Cruz Bikes,Marguerite Berger,CA,Electra Moto 3i (20-inch) - Boy's - 2017,Children Bicycles,Electra,2,349.99,0.07,650.9814,20
1378,02-02-2018,4,Santa Cruz Bikes,Marguerite Berger,CA,Trek Fuel EX 8 29 XT - 2018,Mountain Bikes,Trek,2,3199.99,0.07,5951.9814,22
1378,02-02-2018,4,Santa Cruz Bikes,Marguerite Berger,CA,Ritchey Timberwolf Frameset - 2016,Mountain Bikes,Ritchey,2,749.99,0.2,1199.984,5
1378,02-02-2018,4,Santa Cruz Bikes,Marguerite Berger,CA,Sun Bicycles Drifter 7 - 2017,Comfort Bicycles,Sun Bicycles,1,470.99,0.07,438.0207,1
1378,02-02-2018,4,Santa Cruz Bikes,Marguerite Berger,CA,Trek X-Caliber 7 - 2018,Mountain Bikes,Trek,2,919.99,0.2,1471.984,21
1379,02-02-2018,4,Baldwin Bikes,Nubia Anderson,NY,Electra Moto 1 - 2016,Cruisers Bicycles,Electra,1,529.99,0.1,476.991,6
1379,02-02-2018,4,Baldwin Bikes,Nubia Anderson,NY,Trek X-Caliber 8 - 2018,Mountain Bikes,Trek,1,999.99,0.1,899.991,25
1379,02-02-2018,4,Baldwin Bikes,Nubia Anderson,NY,Strider Classic 12 Balance Bike - 2018,Children Bicycles,Strider,2,89.99,0.1,161.982,4
1380,05-02-2018,4,Santa Cruz Bikes,Joel Wynn,CA,Electra Townie Balloon 7i EQ Ladies' - 2017/2018,Cruisers Bicycles,Electra,2,899.99,0.1,1619.982,13
1380,05-02-2018,4,Santa Cruz Bikes,Joel Wynn,CA,Electra Cruiser Lux 1 - 2016/2018,Cruisers Bicycles,Electra,2,429.99,0.07,799.7814,27
1381,05-02-2018,4,Baldwin Bikes,Mathilda Pennington,NY,Trek Precaliber 20 Boy's - 2018,Children Bicycles,Trek,2,229.99,0.2,367.984,15
1381,05-02-2018,4,Baldwin Bikes,Mathilda Pennington,NY,Electra Tiger Shark 3i - 2018,Cruisers Bicycles,Electra,2,899.99,0.1,1619.982,7
1382,06-02-2018,4,Baldwin Bikes,Renay Atkins,NY,Electra Cruiser Lux 7D Ladies' - 2018,Cruisers Bicycles,Electra,1,479.99,0.2,383.992,11
1382,06-02-2018,4,Baldwin Bikes,Renay Atkins,NY,Electra Amsterdam Fashion 7i Ladies' - 2017,Cruisers Bicycles,Electra,2,1099.99,0.05,2089.981,19
1382,06-02-2018,4,Baldwin Bikes,Renay Atkins,NY,Electra Delivery 3i - 2016/2017/2018,Cruisers Bicycles,Electra,1,959.99,0.1,863.991,11
1382,06-02-2018,4,Baldwin Bikes,Renay Atkins,NY,Trek X-Caliber Frameset - 2018,Mountain Bikes,Trek,1,1499.99,0.07,1394.9907,30
1382,06-02-2018,4,Baldwin Bikes,Renay Atkins,NY,Electra Townie Balloon 8D EQ - 2016/2017/2018,Cruisers Bicycles,Electra,1,749.99,0.2,599.992,6
1383,07-02-2018,4,Santa Cruz Bikes,Joaquin Hawkins,CA,Trek XM700+ Lowstep - 2018,Electric Bikes,Trek,2,3499.99,0.2,5599.984,30
1383,07-02-2018,4,Santa Cruz Bikes,Joaquin Hawkins,CA,Sun Bicycles Lil Bolt Type-R - 2017,Cruisers Bicycles,Sun Bicycles,2,346.99,0.05,659.281,10
1384,08-02-2018,4,Baldwin Bikes,Elmira Levy,NY,Trek Farley Alloy Frameset - 2017,Mountain Bikes,Trek,1,469.99,0.07,437.0907,13
1384,08-02-2018,4,Baldwin Bikes,Elmira Levy,NY,Trek Fuel EX 8 29 XT - 2018,Mountain Bikes,Trek,2,3199.99,0.1,5759.982,24
1384,08-02-2018,4,Baldwin Bikes,Elmira Levy,NY,Trek Precaliber 16 Boys - 2017,Children Bicycles,Trek,1,209.99,0.1,188.991,8
1384,08-02-2018,4,Baldwin Bikes,Elmira Levy,NY,Electra Savannah 3i (20-inch) - Girl's - 2017,Children Bicycles,Electra,1,349.99,0.05,332.4905,15
1385,08-02-2018,4,Rowlett Bikes,Lynwood Jackson,TX,Electra Townie Original 21D - 2016,Comfort Bicycles,Electra,2,549.99,0.05,1044.981,18
1385,08-02-2018,4,Rowlett Bikes,Lynwood Jackson,TX,Trek Domane ALR 5 Disc - 2018,Road Bikes,Trek,1,1799.99,0.07,1673.9907,11
1385,08-02-2018,4,Rowlett Bikes,Lynwood Jackson,TX,Trek Stache 5 - 2017,Mountain Bikes,Trek,2,1499.99,0.1,2699.982,22
1385,08-02-2018,4,Rowlett Bikes,Lynwood Jackson,TX,Trek X-Caliber Frameset - 2018,Mountain Bikes,Trek,1,1499.99,0.05,1424.9905,15
1386,09-02-2018,4,Santa Cruz Bikes,Dung Reid,CA,Electra Sweet Ride 3i (20-inch) - Girls' - 2018,Children Bicycles,Electra,1,369.99,0.2,295.992,30
1386,09-02-2018,4,Santa Cruz Bikes,Dung Reid,CA,Trek MT 201 - 2018,Children Bicycles,Trek,1,249.99,0.1,224.991,6
1386,09-02-2018,4,Santa Cruz Bikes,Dung Reid,CA,Electra Townie Balloon 7i EQ Ladies' - 2017/2018,Comfort Bicycles,Electra,1,899.99,0.1,809.991,21
1386,09-02-2018,4,Santa Cruz Bikes,Dung Reid,CA,Trek Emonda SL 7 - 2018,Road Bikes,Trek,1,4499.99,0.07,4184.9907,22
1387,09-02-2018,4,Baldwin Bikes,Deshawn Mendoza,NY,Sun Bicycles Cruz 3 - 2017,Comfort Bicycles,Sun Bicycles,1,449.99,0.1,404.991,7
1388,09-02-2018,4,Baldwin Bikes,Jeniffer Slater,NY,Electra Townie Commute Go! - 2018,Cruisers Bicycles,Electra,1,2999.99,0.1,2699.991,0
1389,11-02-2018,4,Baldwin Bikes,Celestine Jacobs,NY,Haro Downtown 16 - 2017,Children Bicycles,Haro,2,329.99,0.1,593.982,6
1389,11-02-2018,4,Baldwin Bikes,Celestine Jacobs,NY,Trek Domane SL 6 - 2018,Road Bikes,Trek,2,3199.99,0.05,6079.981,28
1389,11-02-2018,4,Baldwin Bikes,Celestine Jacobs,NY,Electra Cruiser 7D (24-Inch) Ladies' - 2016/2018,Cruisers Bicycles,Electra,1,319.99,0.07,297.5907,12
1390,12-02-2018,4,Baldwin Bikes,Tenisha Lyons,NY,Haro Shift R3 - 2017,Mountain Bikes,Haro,2,1469.99,0.05,2792.981,6
1390,12-02-2018,4,Baldwin Bikes,Tenisha Lyons,NY,Surly Big Dummy Frameset - 2017,Mountain Bikes,Surly,2,999.99,0.05,1899.981,10
1390,12-02-2018,4,Baldwin Bikes,Tenisha Lyons,NY,Electra Townie Balloon 7i EQ Ladies' - 2017/2018,Comfort Bicycles,Electra,1,899.99,0.1,809.991,17
1390,12-02-2018,4,Baldwin Bikes,Tenisha Lyons,NY,Sun Bicycles Streamway - 2017,Comfort Bicycles,Sun Bicycles,1,481.99,0.05,457.8905,26
1390,12-02-2018,4,Baldwin Bikes,Tenisha Lyons,NY,Trek Domane ALR 5 Gravel - 2018,Road Bikes,Trek,2,1799.99,0.1,3239.982,13
1391,13-02-2018,4,Baldwin Bikes,Hortencia O'neil,NY,Electra Cruiser Lux 3i - 2018,Cruisers Bicycles,Electra,2,529.99,0.07,985.7814,7
1391,13-02-2018,4,Baldwin Bikes,Hortencia O'neil,NY,"Electra Treasure 1 20"" - 2018",Children Bicycles,Electra,2,319.99,0.2,511.984,15
1391,13-02-2018,4,Baldwin Bikes,Hortencia O'neil,NY,Trek Precaliber 24 21-speed Boy's - 2018,Children Bicycles,Trek,1,369.99,0.2,295.992,4
1392,13-02-2018,4,Baldwin Bikes,Kenyetta Mason,NY,Trek Precaliber 12 Boys - 2017,Children Bicycles,Trek,2,189.99,0.2,303.984,14
1392,13-02-2018,4,Baldwin Bikes,Kenyetta Mason,NY,Electra Townie Commute 27D Ladies - 2018,Cruisers Bicycles,Electra,2,899.99,0.05,1709.981,19
1393,14-02-2018,4,Baldwin Bikes,Tena Huber,NY,Haro Shredder 20 - 2017,Children Bicycles,Haro,1,209.99,0.07,195.2907,22
1393,14-02-2018,4,Baldwin Bikes,Tena Huber,NY,Electra Amsterdam Original 3i Ladies' - 2017,Cruisers Bicycles,Electra,1,659.99,0.07,613.7907,4
1393,14-02-2018,4,Baldwin Bikes,Tena Huber,NY,Trek Remedy 9.8 - 2017,Mountain Bikes,Trek,2,5299.99,0.05,10069.981,0
1393,14-02-2018,4,Baldwin Bikes,Tena Huber,NY,Trek Kickster - 2018,Children Bicycles,Trek,2,159.99,0.05,303.981,3
1394,14-02-2018,4,Rowlett Bikes,Erik Leblanc,TX,Trek 1120 - 2018,Road Bikes,Trek,2,2499.99,0.05,4749.981,19
1395,15-02-2018,4,Santa Cruz Bikes,Zora Ford,CA,Trek Super Commuter+ 7 - 2018,Electric Bikes,Trek,1,3599.99,0.2,2879.992,23
1395,15-02-2018,4,Santa Cruz Bikes,Zora Ford,CA,Trek Emonda S 4 - 2017,Road Bikes,Trek,2,1499.99,0.1,2699.982,5
1395,15-02-2018,4,Santa Cruz Bikes,Zora Ford,CA,Trek Domane AL 3 Women's - 2018,Road Bikes,Trek,2,919.99,0.2,1471.984,5
1395,15-02-2018,4,Santa Cruz Bikes,Zora Ford,CA,Electra Townie Original 21D EQ - 2017/2018,Cruisers Bicycles,Electra,1,679.99,0.1,611.991,18
1396,15-02-2018,4,Baldwin Bikes,Lara Guy,NY,Trek Emonda S 5 - 2017,Road Bikes,Trek,1,1999.99,0.05,1899.9905,27
1396,15-02-2018,4,Baldwin Bikes,Lara Guy,NY,Trek Domane SL 5 - 2018,Road Bikes,Trek,1,2199.99,0.2,1759.992,29
1397,15-02-2018,4,Baldwin Bikes,James Robles,NY,Surly Pack Rat Frameset - 2018,Mountain Bikes,Surly,2,469.99,0.1,845.982,12
1397,15-02-2018,4,Baldwin Bikes,James Robles,NY,Trek Remedy 7 27.5 - 2018,Mountain Bikes,Trek,1,2999.99,0.07,2789.9907,24
1397,15-02-2018,4,Baldwin Bikes,James Robles,NY,Trek Slash 8 27.5 - 2016,Mountain Bikes,Trek,1,3999.99,0.05,3799.9905,8
1397,15-02-2018,4,Baldwin Bikes,James Robles,NY,Electra White Water 3i - 2018,Cruisers Bicycles,Electra,1,749.99,0.05,712.4905,10
1397,15-02-2018,4,Baldwin Bikes,James Robles,NY,Sun Bicycles Biscayne Tandem CB - 2017,Cruisers Bicycles,Sun Bicycles,2,647.99,0.1,1166.382,4
1398,16-02-2018,4,Santa Cruz Bikes,Desire Mcgowan,CA,Sun Bicycles Cruz 7 - 2017,Cruisers Bicycles,Sun Bicycles,2,416.99,0.05,792.281,4
1398,16-02-2018,4,Santa Cruz Bikes,Desire Mcgowan,CA,Surly Ogre Frameset - 2017,Road Bikes,Surly,1,749.99,0.2,599.992,17
1399,16-02-2018,4,Baldwin Bikes,Stefany Potter,NY,Surly Straggler - 2018,Cyclocross Bicycles,Surly,2,1549,0.2,2478.4,10
1399,16-02-2018,4,Baldwin Bikes,Stefany Potter,NY,Electra Cruiser Lux 7D - 2018,Cruisers Bicycles,Electra,1,479.99,0.05,455.9905,4
1399,16-02-2018,4,Baldwin Bikes,Stefany Potter,NY,Surly Pack Rat Frameset - 2018,Mountain Bikes,Surly,2,469.99,0.07,874.1814,12
1399,16-02-2018,4,Baldwin Bikes,Stefany Potter,NY,Surly Karate Monkey 27.5+ Frameset - 2017,Mountain Bikes,Surly,1,2499.99,0.05,2374.9905,25
1400,17-02-2018,4,Baldwin Bikes,Louis Powell,NY,Electra Townie Original 21D - 2016,Comfort Bicycles,Electra,2,549.99,0.2,879.984,16
1400,17-02-2018,4,Baldwin Bikes,Louis Powell,NY,Electra Straight 8 3i - 2018,Cruisers Bicycles,Electra,2,909.99,0.2,1455.984,22
1400,17-02-2018,4,Baldwin Bikes,Louis Powell,NY,Trek Precaliber 20 Girl's - 2018,Children Bicycles,Trek,1,229.99,0.1,206.991,3
1400,17-02-2018,4,Baldwin Bikes,Louis Powell,NY,Trek Precaliber 16 Girls - 2017,Children Bicycles,Trek,1,209.99,0.07,195.2907,26
1401,18-02-2018,4,Baldwin Bikes,Linnie Branch,NY,Trek 820 - 2018,Mountain Bikes,Trek,1,379.99,0.07,353.3907,1
1401,18-02-2018,4,Baldwin Bikes,Linnie Branch,NY,Electra Cruiser Lux 1 Ladies' - 2018,Cruisers Bicycles,Electra,1,429.99,0.05,408.4905,25
1401,18-02-2018,4,Baldwin Bikes,Linnie Branch,NY,Electra Townie Balloon 3i EQ - 2017/2018,Cruisers Bicycles,Electra,2,749.99,0.2,1199.984,7
1402,19-02-2018,4,Baldwin Bikes,Earlean Pena,NY,Trek Lift+ Lowstep - 2018,Electric Bikes,Trek,2,2799.99,0.2,4479.984,13
1402,19-02-2018,4,Baldwin Bikes,Earlean Pena,NY,Surly Karate Monkey 27.5+ Frameset - 2017,Mountain Bikes,Surly,2,2499.99,0.05,4749.981,25
1402,19-02-2018,4,Baldwin Bikes,Earlean Pena,NY,Trek Powerfly 7 FS - 2018,Electric Bikes,Trek,1,4999.99,0.05,4749.9905,7
1402,19-02-2018,4,Baldwin Bikes,Earlean Pena,NY,Trek Precaliber 20 6-speed Girl's - 2018,Children Bicycles,Trek,1,289.99,0.07,269.6907,28
1403,21-02-2018,4,Baldwin Bikes,Cassandra Nichols,NY,Haro Shredder 20 Girls - 2017,Children Bicycles,Haro,2,209.99,0.1,377.982,22
1404,23-02-2018,4,Santa Cruz Bikes,Bella Perez,CA,Trek 820 - 2018,Mountain Bikes,Trek,2,379.99,0.05,721.981,17
1404,23-02-2018,4,Santa Cruz Bikes,Bella Perez,CA,Electra Cruiser 1 Ladies' - 2018,Cruisers Bicycles,Electra,1,269.99,0.1,242.991,4
1404,23-02-2018,4,Santa Cruz Bikes,Bella Perez,CA,Trek Lift+ - 2018,Electric Bikes,Trek,2,2799.99,0.2,4479.984,30
1405,25-02-2018,4,Baldwin Bikes,Kellie Franco,NY,Trek Emonda SL 6 Disc - 2018,Road Bikes,Trek,2,2999.99,0.1,5399.982,18
1406,25-02-2018,4,Baldwin Bikes,Parthenia Figueroa,NY,Electra Cruiser Lux 1 Ladies' - 2018,Cruisers Bicycles,Electra,2,429.99,0.05,816.981,25
1406,25-02-2018,4,Baldwin Bikes,Parthenia Figueroa,NY,Trek Marlin 5 - 2018,Mountain Bikes,Trek,1,489.99,0.1,440.991,7
1407,26-02-2018,3,Baldwin Bikes,Georgetta Hardin,NY,Electra Townie Balloon 3i EQ Ladies' - 2018,Comfort Bicycles,Electra,1,799.99,0.05,759.9905,13
1407,26-02-2018,3,Baldwin Bikes,Georgetta Hardin,NY,Surly Troll Frameset - 2017,Mountain Bikes,Surly,2,832.99,0.1,1499.382,15
1407,26-02-2018,3,Baldwin Bikes,Georgetta Hardin,NY,Trek Superfly 20 - 2018,Children Bicycles,Trek,1,399.99,0.1,359.991,18
1407,26-02-2018,3,Baldwin Bikes,Georgetta Hardin,NY,Sun Bicycles Spider 3i - 2017,Mountain Bikes,Sun Bicycles,1,832.99,0.2,666.392,25
1408,26-02-2018,4,Baldwin Bikes,Katherin Clark,NY,Electra Girl's Hawaii 1 (20-inch) - 2015/2016,Children Bicycles,Electra,2,299.99,0.2,479.984,12
1408,26-02-2018,4,Baldwin Bikes,Katherin Clark,NY,Trek Domane AL 2 Women's - 2018,Road Bikes,Trek,1,749.99,0.2,599.992,27
1408,26-02-2018,4,Baldwin Bikes,Katherin Clark,NY,Trek Marlin 6 - 2018,Mountain Bikes,Trek,1,579.99,0.07,539.3907,12
1408,26-02-2018,4,Baldwin Bikes,Katherin Clark,NY,Heller Shagamaw GX1 - 2018,Mountain Bikes,Heller,2,2599,0.2,4158.4,1
1409,26-02-2018,4,Rowlett Bikes,Tobie Little,TX,Electra Townie Balloon 7i EQ - 2018,Comfort Bicycles,Electra,2,899.99,0.07,1673.9814,29
1409,26-02-2018,4,Rowlett Bikes,Tobie Little,TX,Trek CrossRip 2 - 2018,Road Bikes,Trek,1,1299.99,0.07,1208.9907,13
1409,26-02-2018,4,Rowlett Bikes,Tobie Little,TX,Trek Domane SL 6 - 2018,Road Bikes,Trek,2,3199.99,0.05,6079.981,11
1409,26-02-2018,4,Rowlett Bikes,Tobie Little,TX,Strider Strider 20 Sport - 2018,Children Bicycles,Strider,1,289.99,0.05,275.4905,22
1409,26-02-2018,4,Rowlett Bikes,Tobie Little,TX,Electra Cruiser 1 Tall - 2016/2018,Cruisers Bicycles,Electra,1,269.99,0.1,242.991,12
1410,27-02-2018,4,Baldwin Bikes,Ruthanne Franco,NY,Trek Super Commuter+ 8S - 2018,Electric Bikes,Trek,2,4999.99,0.1,8999.982,13
1410,27-02-2018,4,Baldwin Bikes,Ruthanne Franco,NY,Trek Powerfly 7 FS - 2018,Electric Bikes,Trek,2,4999.99,0.2,7999.984,7
1410,27-02-2018,4,Baldwin Bikes,Ruthanne Franco,NY,Electra Townie Original 21D EQ - 2017/2018,Comfort Bicycles,Electra,1,679.99,0.1,611.991,6
1411,01-03-2018,4,Santa Cruz Bikes,Monica Sears,CA,Trek Conduit+ - 2016,Electric Bikes,Trek,1,2999.99,0.1,2699.991,11
1411,01-03-2018,4,Santa Cruz Bikes,Monica Sears,CA,Electra Townie Balloon 8D EQ Ladies' - 2016/2017/2018,Comfort Bicycles,Electra,2,749.99,0.2,1199.984,23
1412,01-03-2018,4,Baldwin Bikes,Diane Jones,NY,Trek Domane AL 3 Women's - 2018,Road Bikes,Trek,2,919.99,0.07,1711.1814,3
1412,01-03-2018,4,Baldwin Bikes,Diane Jones,NY,Trek Fuel EX 9.8 27.5 Plus - 2017,Mountain Bikes,Trek,1,5299.99,0.1,4769.991,2
1412,01-03-2018,4,Baldwin Bikes,Diane Jones,NY,Sun Bicycles Cruz 7 - Women's - 2017,Comfort Bicycles,Sun Bicycles,2,416.99,0.07,775.6014,25
1413,01-03-2018,4,Rowlett Bikes,Lolita Mosley,TX,"Electra Under-The-Sea 1 16"" - 2018",Children Bicycles,Electra,2,279.99,0.05,531.981,22
1414,03-03-2018,4,Baldwin Bikes,Tiny French,NY,Trek Emonda SL 6 Disc - 2018,Road Bikes,Trek,2,2999.99,0.1,5399.982,18
1414,03-03-2018,4,Baldwin Bikes,Tiny French,NY,Electra Sweet Ride 3i (20-inch) - Girls' - 2018,Children Bicycles,Electra,2,369.99,0.05,702.981,22
1415,03-03-2018,4,Baldwin Bikes,Carolann Russell,NY,Surly Wednesday - 2017,Mountain Bikes,Surly,2,1632.99,0.07,3037.3614,10
1415,03-03-2018,4,Baldwin Bikes,Carolann Russell,NY,Pure Cycles Vine 8-Speed - 2016,Cruisers Bicycles,Pure Cycles,1,429,0.05,407.55,3
1415,03-03-2018,4,Baldwin Bikes,Carolann Russell,NY,Strider Sport 16 - 2018,Children Bicycles,Strider,2,249.99,0.1,449.982,13
1415,03-03-2018,4,Baldwin Bikes,Carolann Russell,NY,Electra Townie Original 3i EQ - 2017/2018,Cruisers Bicycles,Electra,1,659.99,0.05,626.9905,18
1416,03-03-2018,4,Rowlett Bikes,Cinthia Poole,TX,Trek XM700+ - 2018,Electric Bikes,Trek,1,3499.99,0.2,2799.992,20
1416,03-03-2018,4,Rowlett Bikes,Cinthia Poole,TX,Electra Townie Commute 8D Ladies' - 2018,Cruisers Bicycles,Electra,2,699.99,0.1,1259.982,5
1416,03-03-2018,4,Rowlett Bikes,Cinthia Poole,TX,Haro Shredder 20 - 2017,Children Bicycles,Haro,2,209.99,0.05,398.981,28
1417,04-03-2018,4,Santa Cruz Bikes,Rayford Simon,CA,Electra Moto 3i - 2018,Cruisers Bicycles,Electra,2,639.99,0.2,1023.984,30
1418,04-03-2018,4,Baldwin Bikes,Bev Chang,NY,Trek Fuel EX 7 29 - 2018,Mountain Bikes,Trek,2,2499.99,0.2,3999.984,16
1418,04-03-2018,4,Baldwin Bikes,Bev Chang,NY,Electra Townie Original 21D EQ Ladies' - 2018,Cruisers Bicycles,Electra,2,679.99,0.05,1291.981,18
1419,04-03-2018,4,Baldwin Bikes,Lavern Orr,NY,Surly Krampus - 2018,Mountain Bikes,Surly,1,1499,0.07,1394.07,4
1419,04-03-2018,4,Baldwin Bikes,Lavern Orr,NY,Electra Koa 3i Ladies' - 2018,Cruisers Bicycles,Electra,2,899.99,0.2,1439.984,4
1419,04-03-2018,4,Baldwin Bikes,Lavern Orr,NY,Electra Daydreamer 3i Ladies' - 2018,Cruisers Bicycles,Electra,1,899.99,0.1,809.991,12
1420,04-03-2018,4,Baldwin Bikes,Erna Sloan,NY,Trek Verve+ Lowstep - 2018,Electric Bikes,Trek,1,2299.99,0.2,1839.992,10
1420,04-03-2018,4,Baldwin Bikes,Erna Sloan,NY,Trek XM700+ - 2018,Electric Bikes,Trek,2,3499.99,0.1,6299.982,15
1420,04-03-2018,4,Baldwin Bikes,Erna Sloan,NY,Surly ECR 27.5 - 2018,Mountain Bikes,Surly,1,1899,0.1,1709.1,28
1421,05-03-2018,4,Baldwin Bikes,Sheree Blanchard,NY,Electra Water Lily 1 (16-inch) - Girl's - 2018,Children Bicycles,Electra,2,279.99,0.05,531.981,27
1422,05-03-2018,4,Rowlett Bikes,Jonell Rivas,TX,Sun Bicycles Brickell Tandem CB - 2017,Cruisers Bicycles,Sun Bicycles,2,761.99,0.07,1417.3014,22
1422,05-03-2018,4,Rowlett Bikes,Jonell Rivas,TX,Trek Domane AL 3 Women's - 2018,Road Bikes,Trek,2,919.99,0.2,1471.984,6
1422,05-03-2018,4,Rowlett Bikes,Jonell Rivas,TX,Electra Townie Original 21D EQ Ladies' - 2018,Cruisers Bicycles,Electra,1,679.99,0.05,645.9905,7
1423,06-03-2018,4,Santa Cruz Bikes,Selene Vega,CA,Electra White Water 3i - 2018,Cruisers Bicycles,Electra,1,749.99,0.2,599.992,27
1423,06-03-2018,4,Santa Cruz Bikes,Selene Vega,CA,Sun Bicycles Atlas X-Type - 2017,Cruisers Bicycles,Sun Bicycles,1,416.99,0.1,375.291,25
1423,06-03-2018,4,Santa Cruz Bikes,Selene Vega,CA,Electra Townie Original 1 - 2018,Comfort Bicycles,Electra,1,449.99,0.2,359.992,0
1423,06-03-2018,4,Santa Cruz Bikes,Selene Vega,CA,Trek Marlin 5 - 2018,Mountain Bikes,Trek,2,489.99,0.2,783.984,24
1424,07-03-2018,4,Santa Cruz Bikes,Ester Acevedo,CA,Trek Remedy 9.8 27.5 - 2018,Mountain Bikes,Trek,2,4999.99,0.2,7999.984,3
1425,07-03-2018,4,Baldwin Bikes,Lavina Dejesus,NY,Electra Cruiser 7D (24-Inch) Ladies' - 2016/2018,Cruisers Bicycles,Electra,2,319.99,0.05,607.981,12
1425,07-03-2018,4,Baldwin Bikes,Lavina Dejesus,NY,Strider Classic 12 Balance Bike - 2018,Children Bicycles,Strider,1,89.99,0.07,83.6907,4
1425,07-03-2018,4,Baldwin Bikes,Lavina Dejesus,NY,Haro Shredder 20 Girls - 2017,Children Bicycles,Haro,1,209.99,0.07,195.2907,22
1425,07-03-2018,4,Baldwin Bikes,Lavina Dejesus,NY,Trek Domane SL Disc Frameset - 2017,Road Bikes,Trek,2,3199.99,0.05,6079.981,6
1425,07-03-2018,4,Baldwin Bikes,Lavina Dejesus,NY,Trek Domane ALR 5 Disc - 2018,Road Bikes,Trek,2,1799.99,0.07,3347.9814,23
1426,07-03-2018,4,Baldwin Bikes,Emory O'connor,NY,Electra Queen of Hearts 3i - 2018,Cruisers Bicycles,Electra,1,749.99,0.07,697.4907,11
1426,07-03-2018,4,Baldwin Bikes,Emory O'connor,NY,Electra Townie Original 7D EQ - Women's - 2016,Cruisers Bicycles,Electra,2,599.99,0.05,1139.981,20
1426,07-03-2018,4,Baldwin Bikes,Emory O'connor,NY,Electra Cruiser 7D (24-Inch) Ladies' - 2016/2018,Children Bicycles,Electra,1,319.99,0.07,297.5907,3
1427,07-03-2018,4,Baldwin Bikes,Latoya Johns,NY,Electra Cruiser Lux 1 Ladies' - 2018,Cruisers Bicycles,Electra,2,429.99,0.07,799.7814,25
1427,07-03-2018,4,Baldwin Bikes,Latoya Johns,NY,Trek Remedy 7 27.5 - 2018,Mountain Bikes,Trek,1,2999.99,0.05,2849.9905,24
1427,07-03-2018,4,Baldwin Bikes,Latoya Johns,NY,Surly Straggler 650b - 2018,Road Bikes,Surly,2,1549,0.07,2881.14,9
1428,08-03-2018,4,Baldwin Bikes,Addie Hahn,NY,Electra Super Moto 8i - 2018,Cruisers Bicycles,Electra,2,899.99,0.2,1439.984,19
1428,08-03-2018,4,Baldwin Bikes,Addie Hahn,NY,Surly Big Fat Dummy Frameset - 2018,Mountain Bikes,Surly,1,469.99,0.07,437.0907,13
1428,08-03-2018,4,Baldwin Bikes,Addie Hahn,NY,Trek Neko+ - 2018,Electric Bikes,Trek,2,2799.99,0.07,5207.9814,10
1428,08-03-2018,4,Baldwin Bikes,Addie Hahn,NY,Surly Karate Monkey 27.5+ Frameset - 2017,Mountain Bikes,Surly,1,2499.99,0.1,2249.991,25
1428,08-03-2018,4,Baldwin Bikes,Addie Hahn,NY,Trek XM700+ - 2018,Electric Bikes,Trek,2,3499.99,0.2,5599.984,15
1429,08-03-2018,4,Baldwin Bikes,Patria Harper,NY,Electra Amsterdam Original 3i - 2015/2017,Cruisers Bicycles,Electra,2,659.99,0.2,1055.984,6
1430,10-03-2018,4,Baldwin Bikes,Tara Maynard,NY,Electra Cruiser 7D Ladies' - 2016/2018,Cruisers Bicycles,Electra,1,319.99,0.05,303.9905,12
1430,10-03-2018,4,Baldwin Bikes,Tara Maynard,NY,Electra Cruiser 7D (24-Inch) Ladies' - 2016/2018,Children Bicycles,Electra,1,319.99,0.07,297.5907,3
1431,11-03-2018,4,Baldwin Bikes,Mazie Fernandez,NY,Trek Boone 7 Disc - 2018,Cyclocross Bicycles,Trek,1,3999.99,0.1,3599.991,8
1431,11-03-2018,4,Baldwin Bikes,Mazie Fernandez,NY,Surly Ogre Frameset - 2017,Road Bikes,Surly,1,749.99,0.07,697.4907,19
1431,11-03-2018,4,Baldwin Bikes,Mazie Fernandez,NY,Electra Townie Commute Go! Ladies' - 2018,Cruisers Bicycles,Electra,1,2999.99,0.2,2399.992,20
1431,11-03-2018,4,Baldwin Bikes,Mazie Fernandez,NY,Electra Townie Balloon 3i EQ - 2017/2018,Cruisers Bicycles,Electra,1,749.99,0.07,697.4907,7
1432,11-03-2018,4,Baldwin Bikes,Gayla Sims,NY,Surly ECR - 2018,Road Bikes,Surly,1,1899,0.2,1519.2,9
1433,11-03-2018,4,Baldwin Bikes,Britteny Schroeder,NY,Strider Sport 16 - 2018,Children Bicycles,Strider,1,249.99,0.07,232.4907,13
1434,14-03-2018,4,Baldwin Bikes,Frederica Rojas,NY,Electra Cruiser Lux 1 - 2016/2018,Cruisers Bicycles,Electra,2,429.99,0.2,687.984,29
1434,14-03-2018,4,Baldwin Bikes,Frederica Rojas,NY,Electra Townie Commute Go! - 2018,Electric Bikes,Electra,1,2999.99,0.1,2699.991,0
1434,14-03-2018,4,Baldwin Bikes,Frederica Rojas,NY,"Electra Starship 1 16"" - 2018",Children Bicycles,Electra,2,279.99,0.1,503.982,3
1434,14-03-2018,4,Baldwin Bikes,Frederica Rojas,NY,Trek Powerfly 8 FS Plus - 2017,Electric Bikes,Trek,2,4999.99,0.07,9299.9814,20
1435,14-03-2018,4,Baldwin Bikes,Laurel Schultz,NY,Trek Stache 5 - 2018,Mountain Bikes,Trek,2,1599.99,0.07,2975.9814,28
1435,14-03-2018,4,Baldwin Bikes,Laurel Schultz,NY,Trek X-Caliber 8 - 2017,Mountain Bikes,Trek,1,999.99,0.2,799.992,29
1435,14-03-2018,4,Baldwin Bikes,Laurel Schultz,NY,Sun Bicycles ElectroLite - 2017,Electric Bikes,Sun Bicycles,1,1559.99,0.1,1403.991,1
1435,14-03-2018,4,Baldwin Bikes,Laurel Schultz,NY,Electra Townie Balloon 3i EQ Ladies' - 2018,Cruisers Bicycles,Electra,1,799.99,0.07,743.9907,20
1436,14-03-2018,4,Baldwin Bikes,Zenia Bruce,NY,Electra Townie Original 21D Ladies' - 2018,Cruisers Bicycles,Electra,2,559.99,0.07,1041.5814,1
1437,15-03-2018,4,Santa Cruz Bikes,Homer Powers,CA,Trek Stache 5 - 2018,Mountain Bikes,Trek,2,1599.99,0.05,3039.981,21
1438,15-03-2018,4,Baldwin Bikes,Dortha Jarvis,NY,Electra Delivery 3i - 2016/2017/2018,Cruisers Bicycles,Electra,1,959.99,0.2,767.992,11
1438,15-03-2018,4,Baldwin Bikes,Dortha Jarvis,NY,Trek Remedy 9.8 27.5 - 2018,Mountain Bikes,Trek,1,4999.99,0.2,3999.992,13
1438,15-03-2018,4,Baldwin Bikes,Dortha Jarvis,NY,Electra Amsterdam Fashion 7i Ladies' - 2017,Cruisers Bicycles,Electra,2,1099.99,0.05,2089.981,19
1438,15-03-2018,4,Baldwin Bikes,Dortha Jarvis,NY,Heller Shagamaw GX1 - 2018,Mountain Bikes,Heller,1,2599,0.1,2339.1,1
1438,15-03-2018,4,Baldwin Bikes,Dortha Jarvis,NY,Trek Dual Sport+ - 2018,Electric Bikes,Trek,2,2799.99,0.07,5207.9814,18
1439,15-03-2018,4,Baldwin Bikes,Jerlene Rios,NY,Trek Fuel EX 5 27.5 Plus - 2017,Mountain Bikes,Trek,1,2299.99,0.07,2138.9907,16
1439,15-03-2018,4,Baldwin Bikes,Jerlene Rios,NY,Strider Classic 12 Balance Bike - 2018,Children Bicycles,Strider,1,89.99,0.2,71.992,4
1439,15-03-2018,4,Baldwin Bikes,Jerlene Rios,NY,Electra Townie Original 7D - 2017,Comfort Bicycles,Electra,2,489.99,0.05,930.981,12
1439,15-03-2018,4,Baldwin Bikes,Jerlene Rios,NY,Trek Domane SLR 8 Disc - 2018,Road Bikes,Trek,1,7499.99,0.05,7124.9905,22
1440,15-03-2018,4,Rowlett Bikes,Julianne Shannon,TX,Trek Marlin 7 - 2017/2018,Mountain Bikes,Trek,2,749.99,0.07,1394.9814,30
1440,15-03-2018,4,Rowlett Bikes,Julianne Shannon,TX,Sun Bicycles Cruz 7 - Women's - 2017,Comfort Bicycles,Sun Bicycles,1,416.99,0.07,387.8007,24
1440,15-03-2018,4,Rowlett Bikes,Julianne Shannon,TX,Trek CrossRip+ - 2018,Electric Bikes,Trek,1,4499.99,0.1,4049.991,30
1440,15-03-2018,4,Rowlett Bikes,Julianne Shannon,TX,Trek Domane AL 2 - 2018,Road Bikes,Trek,2,749.99,0.05,1424.981,12
1440,15-03-2018,4,Rowlett Bikes,Julianne Shannon,TX,Sun Bicycles Revolutions 24 - Girl's - 2017,Cruisers Bicycles,Sun Bicycles,2,250.99,0.2,401.584,6
1441,15-03-2018,4,Rowlett Bikes,Orval Hunter,TX,Surly Ice Cream Truck Frameset - 2016,Mountain Bikes,Surly,1,469.99,0.05,446.4905,27
1441,15-03-2018,4,Rowlett Bikes,Orval Hunter,TX,Electra Townie Commute 8D Ladies' - 2018,Cruisers Bicycles,Electra,2,699.99,0.2,1119.984,5
1441,15-03-2018,4,Rowlett Bikes,Orval Hunter,TX,Haro SR 1.3 - 2017,Mountain Bikes,Haro,1,1409.99,0.07,1311.2907,16
1442,16-03-2018,4,Baldwin Bikes,Emmett Hahn,NY,Trek Emonda SLR 6 - 2018,Road Bikes,Trek,1,4499.99,0.1,4049.991,4
1442,16-03-2018,4,Baldwin Bikes,Emmett Hahn,NY,Electra Cruiser 1 Ladies' - 2018,Cruisers Bicycles,Electra,1,269.99,0.07,251.0907,6
1442,16-03-2018,4,Baldwin Bikes,Emmett Hahn,NY,Trek Precaliber 16 Girl's - 2018,Children Bicycles,Trek,2,209.99,0.05,398.981,26
1443,16-03-2018,4,Baldwin Bikes,Damian Mills,NY,Trek Emonda SLR 6 - 2018,Road Bikes,Trek,1,4499.99,0.07,4184.9907,4
1443,16-03-2018,4,Baldwin Bikes,Damian Mills,NY,Trek Emonda S 5 - 2017,Road Bikes,Trek,1,1999.99,0.2,1599.992,27
1443,16-03-2018,4,Baldwin Bikes,Damian Mills,NY,Electra Townie 7D (20-inch) - Boys' - 2017,Children Bicycles,Electra,2,339.99,0.1,611.982,4
1444,16-03-2018,4,Baldwin Bikes,Barry Albert,NY,Trek Precaliber 16 Girls - 2017,Children Bicycles,Trek,1,209.99,0.1,188.991,26
1444,16-03-2018,4,Baldwin Bikes,Barry Albert,NY,Surly ECR 27.5 - 2018,Mountain Bikes,Surly,2,1899,0.2,3038.4,28
1445,17-03-2018,4,Baldwin Bikes,Reita Dickson,NY,Electra Moto 3i - 2018,Cruisers Bicycles,Electra,2,639.99,0.1,1151.982,16
1445,17-03-2018,4,Baldwin Bikes,Reita Dickson,NY,Surly Steamroller - 2017,Road Bikes,Surly,1,875.99,0.07,814.6707,23
1445,17-03-2018,4,Baldwin Bikes,Reita Dickson,NY,Trek Farley Carbon Frameset - 2018,Mountain Bikes,Trek,2,999.99,0.1,1799.982,18
1446,17-03-2018,4,Baldwin Bikes,Sandy Mills,NY,Electra Cruiser 7D (24-Inch) Ladies' - 2016/2018,Cruisers Bicycles,Electra,1,319.99,0.05,303.9905,12
1446,17-03-2018,4,Baldwin Bikes,Sandy Mills,NY,Electra Cruiser Lux Fat Tire 7D - 2018,Cruisers Bicycles,Electra,2,639.99,0.05,1215.981,25
1446,17-03-2018,4,Baldwin Bikes,Sandy Mills,NY,Electra Daydreamer 3i Ladies' - 2018,Cruisers Bicycles,Electra,2,899.99,0.05,1709.981,12
1447,18-03-2018,4,Santa Cruz Bikes,Lurlene Cotton,CA,Trek Domane SL 8 Disc - 2018,Road Bikes,Trek,1,5499.99,0.2,4399.992,6
1448,18-03-2018,4,Baldwin Bikes,Whitney Estes,NY,Electra Townie Balloon 8D EQ Ladies' - 2016/2017/2018,Cruisers Bicycles,Electra,1,749.99,0.1,674.991,17
1449,18-03-2018,4,Baldwin Bikes,Sheba Knapp,NY,Trek Emonda ALR 6 - 2018,Road Bikes,Trek,1,2299.99,0.07,2138.9907,30
1449,18-03-2018,4,Baldwin Bikes,Sheba Knapp,NY,Trek Domane S 6 - 2017,Road Bikes,Trek,1,2699.99,0.2,2159.992,5
1449,18-03-2018,4,Baldwin Bikes,Sheba Knapp,NY,Electra Townie Balloon 3i EQ Ladies' - 2018,Cruisers Bicycles,Electra,2,799.99,0.07,1487.9814,20
1449,18-03-2018,4,Baldwin Bikes,Sheba Knapp,NY,Electra Townie Commute Go! Ladies' - 2018,Cruisers Bicycles,Electra,2,2999.99,0.05,5699.981,20
1449,18-03-2018,4,Baldwin Bikes,Sheba Knapp,NY,Electra Girl's Hawaii 1 (16-inch) - 2015/2016,Cruisers Bicycles,Electra,2,269.99,0.1,485.982,18
1450,19-03-2018,4,Baldwin Bikes,Sophia Mcmillan,NY,Electra Straight 8 3i (20-inch) - Boy's - 2017,Children Bicycles,Electra,1,489.99,0.07,455.6907,14
1450,19-03-2018,4,Baldwin Bikes,Sophia Mcmillan,NY,Trek Domane ALR Frameset - 2018,Road Bikes,Trek,2,3199.99,0.1,5759.982,17
1450,19-03-2018,4,Baldwin Bikes,Sophia Mcmillan,NY,Electra Townie Original 21D - 2018,Comfort Bicycles,Electra,1,559.99,0.2,447.992,0
1450,19-03-2018,4,Baldwin Bikes,Sophia Mcmillan,NY,Trek Crockett 7 Disc - 2018,Cyclocross Bicycles,Trek,2,2999.99,0.1,5399.982,11
1450,19-03-2018,4,Baldwin Bikes,Sophia Mcmillan,NY,Electra Koa 3i Ladies' - 2018,Cruisers Bicycles,Electra,2,899.99,0.05,1709.981,4
1451,19-03-2018,4,Baldwin Bikes,Kristy Watkins,NY,Trek Ticket S Frame - 2018,Mountain Bikes,Trek,1,1469.99,0.05,1396.4905,18
1452,20-03-2018,4,Santa Cruz Bikes,Mireille Puckett,CA,Electra Sugar Skulls 1 (20-inch) - Girl's - 2017,Children Bicycles,Electra,2,299.99,0.1,539.982,28
1452,20-03-2018,4,Santa Cruz Bikes,Mireille Puckett,CA,Electra Daydreamer 3i Ladies' - 2018,Cruisers Bicycles,Electra,1,899.99,0.2,719.992,13
1452,20-03-2018,4,Santa Cruz Bikes,Mireille Puckett,CA,Trek Girl's Kickster - 2017,Children Bicycles,Trek,2,149.99,0.05,284.981,19
1452,20-03-2018,4,Santa Cruz Bikes,Mireille Puckett,CA,Sun Bicycles Cruz 7 - Women's - 2017,Comfort Bicycles,Sun Bicycles,2,416.99,0.07,775.6014,30
1453,20-03-2018,4,Santa Cruz Bikes,Leland Mcdowell,CA,Trek Precaliber 16 Boys - 2017,Children Bicycles,Trek,2,209.99,0.1,377.982,9
1454,20-03-2018,4,Baldwin Bikes,Fairy Robinson,NY,Electra Heartchya 1 (20-inch) - Girl's - 2018,Children Bicycles,Electra,1,319.99,0.07,297.5907,28
1454,20-03-2018,4,Baldwin Bikes,Fairy Robinson,NY,Sun Bicycles Spider 3i - 2017,Mountain Bikes,Sun Bicycles,2,832.99,0.1,1499.382,25
1454,20-03-2018,4,Baldwin Bikes,Fairy Robinson,NY,Surly Krampus - 2018,Mountain Bikes,Surly,1,1499,0.2,1199.2,4
1454,20-03-2018,4,Baldwin Bikes,Fairy Robinson,NY,Haro Flightline Two 26 Plus - 2017,Mountain Bikes,Haro,2,549.99,0.05,1044.981,18
1455,20-03-2018,4,Baldwin Bikes,Greta Page,NY,Electra Townie 7D (20-inch) - Boys' - 2017,Children Bicycles,Electra,2,339.99,0.05,645.981,4
1455,20-03-2018,4,Baldwin Bikes,Greta Page,NY,Electra Townie Balloon 3i EQ - 2017/2018,Cruisers Bicycles,Electra,1,749.99,0.2,599.992,7
1456,20-03-2018,4,Baldwin Bikes,Hue May,NY,Trek Lift+ - 2018,Electric Bikes,Trek,2,2799.99,0.05,5319.981,21
1456,20-03-2018,4,Baldwin Bikes,Hue May,NY,Electra Townie Original 3i EQ Ladies' - 2018,Cruisers Bicycles,Electra,1,639.99,0.07,595.1907,10
1456,20-03-2018,4,Baldwin Bikes,Hue May,NY,Trek Kickster - 2018,Children Bicycles,Trek,2,159.99,0.1,287.982,3
1456,20-03-2018,4,Baldwin Bikes,Hue May,NY,Trek Precaliber 20 6-speed Boy's - 2018,Children Bicycles,Trek,1,289.99,0.1,260.991,1
1456,20-03-2018,4,Baldwin Bikes,Hue May,NY,Surly Big Fat Dummy Frameset - 2018,Mountain Bikes,Surly,1,469.99,0.1,422.991,13
1457,20-03-2018,4,Baldwin Bikes,Shanda Stevenson,NY,Trek Marlin 5 - 2018,Mountain Bikes,Trek,1,489.99,0.07,455.6907,7
1457,20-03-2018,4,Baldwin Bikes,Shanda Stevenson,NY,Sun Bicycles Drifter 7 - Women's - 2017,Comfort Bicycles,Sun Bicycles,1,470.99,0.2,376.792,6
1457,20-03-2018,4,Baldwin Bikes,Shanda Stevenson,NY,Trek Kickster - 2018,Children Bicycles,Trek,1,159.99,0.2,127.992,3
1457,20-03-2018,4,Baldwin Bikes,Shanda Stevenson,NY,Trek Domane SL 5 Disc Women's - 2018,Road Bikes,Trek,2,2499.99,0.2,3999.984,21
1458,20-03-2018,4,Rowlett Bikes,Ping Quinn,TX,"Electra Treasure 1 20"" - 2018",Children Bicycles,Electra,2,319.99,0.05,607.981,9
1458,20-03-2018,4,Rowlett Bikes,Ping Quinn,TX,Sun Bicycles Streamway 7 - 2017,Comfort Bicycles,Sun Bicycles,1,533.99,0.05,507.2905,1
1458,20-03-2018,4,Rowlett Bikes,Ping Quinn,TX,Electra Townie Original 21D - 2016,Cruisers Bicycles,Electra,1,549.99,0.05,522.4905,30
1458,20-03-2018,4,Rowlett Bikes,Ping Quinn,TX,Sun Bicycles Biscayne Tandem CB - 2017,Cruisers Bicycles,Sun Bicycles,2,647.99,0.1,1166.382,19
1459,21-03-2018,4,Baldwin Bikes,Genoveva Baldwin,NY,Electra Amsterdam Royal 8i - 2017/2018,Cruisers Bicycles,Electra,1,1259.9,0.1,1133.91,10
1460,21-03-2018,4,Baldwin Bikes,Desmond Rose,NY,Trek Powerfly 5 FS - 2018,Electric Bikes,Trek,1,4499.99,0.05,4274.9905,24
1460,21-03-2018,4,Baldwin Bikes,Desmond Rose,NY,"Electra Girl's Hawaii 1 16"" - 2017",Cruisers Bicycles,Electra,1,299.99,0.07,278.9907,20
1460,21-03-2018,4,Baldwin Bikes,Desmond Rose,NY,Surly ECR Frameset - 2018,Road Bikes,Surly,1,749.99,0.05,712.4905,1
1460,21-03-2018,4,Baldwin Bikes,Desmond Rose,NY,Trek Slash 8 27.5 - 2016,Mountain Bikes,Trek,2,3999.99,0.07,7439.9814,8
1460,21-03-2018,4,Baldwin Bikes,Desmond Rose,NY,Trek Farley Carbon Frameset - 2018,Mountain Bikes,Trek,2,999.99,0.07,1859.9814,18
1461,22-03-2018,4,Baldwin Bikes,Wanita Davenport,NY,Trek Emonda S 4 - 2017,Road Bikes,Trek,1,1499.99,0.2,1199.992,20
1461,22-03-2018,4,Baldwin Bikes,Wanita Davenport,NY,Electra Townie Commute 8D Ladies' - 2018,Cruisers Bicycles,Electra,2,699.99,0.2,1119.984,2
1462,22-03-2018,4,Baldwin Bikes,Louise Flowers,NY,Strider Classic 12 Balance Bike - 2018,Children Bicycles,Strider,1,89.99,0.2,71.992,4
1462,22-03-2018,4,Baldwin Bikes,Louise Flowers,NY,Electra Townie Original 7D - 2015/2016,Comfort Bicycles,Electra,1,499.99,0.07,464.9907,18
1462,22-03-2018,4,Baldwin Bikes,Louise Flowers,NY,Electra Cruiser Lux 3i - 2018,Cruisers Bicycles,Electra,1,529.99,0.1,476.991,7
1462,22-03-2018,4,Baldwin Bikes,Louise Flowers,NY,Electra Tiger Shark 3i (20-inch) - Boys' - 2018,Children Bicycles,Electra,1,369.99,0.1,332.991,7
1462,22-03-2018,4,Baldwin Bikes,Louise Flowers,NY,Electra Townie Commute Go! - 2018,Cruisers Bicycles,Electra,1,2999.99,0.05,2849.9905,0
1463,23-03-2018,4,Baldwin Bikes,Dorothea Chang,NY,Trek Silque SLR 8 Women's - 2017,Road Bikes,Trek,2,6499.99,0.05,12349.981,8
1463,23-03-2018,4,Baldwin Bikes,Dorothea Chang,NY,Surly Straggler - 2018,Road Bikes,Surly,1,1549,0.05,1471.55,29
1464,24-03-2018,4,Baldwin Bikes,Stan Saunders,NY,Sun Bicycles Cruz 7 - Women's - 2017,Comfort Bicycles,Sun Bicycles,2,416.99,0.05,792.281,25
1464,24-03-2018,4,Baldwin Bikes,Stan Saunders,NY,Surly Krampus - 2018,Mountain Bikes,Surly,1,1499,0.2,1199.2,4
1464,24-03-2018,4,Baldwin Bikes,Stan Saunders,NY,Trek 1120 - 2018,Road Bikes,Trek,2,2499.99,0.2,3999.984,6
1464,24-03-2018,4,Baldwin Bikes,Stan Saunders,NY,Trek Domane ALR 4 Disc Women's - 2018,Road Bikes,Trek,2,1549.99,0.05,2944.981,2
1465,25-03-2018,4,Baldwin Bikes,Cayla Johnson,NY,Electra Amsterdam Original 3i - 2015/2017,Cruisers Bicycles,Electra,2,659.99,0.05,1253.981,6
1466,26-03-2018,4,Santa Cruz Bikes,Fannie Jenkins,CA,Electra Townie Commute 27D Ladies - 2018,Comfort Bicycles,Electra,2,899.99,0.07,1673.9814,18
1466,26-03-2018,4,Santa Cruz Bikes,Fannie Jenkins,CA,Electra Townie Commute Go! - 2018,Cruisers Bicycles,Electra,1,2999.99,0.05,2849.9905,2
1466,26-03-2018,4,Santa Cruz Bikes,Fannie Jenkins,CA,Surly Pack Rat - 2018,Road Bikes,Surly,2,1349,0.2,2158.4,0
1466,26-03-2018,4,Santa Cruz Bikes,Fannie Jenkins,CA,Trek Stache 5 - 2017,Mountain Bikes,Trek,2,1499.99,0.05,2849.981,2
1467,26-03-2018,4,Baldwin Bikes,Katherina Odom,NY,Pure Cycles Western 3-Speed - Women's - 2015/2016,Cruisers Bicycles,Pure Cycles,1,449,0.07,417.57,13
1467,26-03-2018,4,Baldwin Bikes,Katherina Odom,NY,Trek Fuel EX 8 29 - 2018,Mountain Bikes,Trek,1,3199.99,0.2,2559.992,19
1467,26-03-2018,4,Baldwin Bikes,Katherina Odom,NY,Trek Precaliber 24 21-speed Girl's - 2018,Children Bicycles,Trek,2,369.99,0.1,665.982,8
1468,27-03-2018,4,Santa Cruz Bikes,Tameka Fisher,CA,Trek Precaliber 12 Boy's - 2018,Children Bicycles,Trek,1,199.99,0.05,189.9905,22
1468,27-03-2018,4,Santa Cruz Bikes,Tameka Fisher,CA,Trek Madone 9.2 - 2017,Road Bikes,Trek,1,4999.99,0.07,4649.9907,1
1468,27-03-2018,4,Santa Cruz Bikes,Tameka Fisher,CA,Trek Silque SLR 7 Women's - 2017,Road Bikes,Trek,2,5999.99,0.07,11159.9814,29
1469,27-03-2018,4,Rowlett Bikes,Alisia Albert,TX,Electra Glam Punk 3i Ladies' - 2017,Cruisers Bicycles,Electra,2,799.99,0.2,1279.984,23
1469,27-03-2018,4,Rowlett Bikes,Alisia Albert,TX,Electra Relic 3i - 2018,Cruisers Bicycles,Electra,2,849.99,0.05,1614.981,16
1469,27-03-2018,4,Rowlett Bikes,Alisia Albert,TX,Trek Domane SL 5 Disc - 2018,Road Bikes,Trek,1,2499.99,0.07,2324.9907,28
1469,27-03-2018,4,Rowlett Bikes,Alisia Albert,TX,Electra Townie 3i EQ (20-inch) - Boys' - 2017,Children Bicycles,Electra,2,489.99,0.05,930.981,28
1470,28-03-2018,4,Baldwin Bikes,Wilda Petersen,NY,Sun Bicycles Drifter 7 - 2017,Comfort Bicycles,Sun Bicycles,2,470.99,0.1,847.782,7
1470,28-03-2018,4,Baldwin Bikes,Wilda Petersen,NY,Electra Straight 8 1 (16-inch) - Boy's - 2018,Children Bicycles,Electra,1,279.99,0.05,265.9905,15
1470,28-03-2018,4,Baldwin Bikes,Wilda Petersen,NY,Electra Townie Commute Go! Ladies' - 2018,Cruisers Bicycles,Electra,2,2999.99,0.05,5699.981,20
1471,28-03-2018,4,Baldwin Bikes,Emanuel Mckee,NY,Trek Domane S 5 Disc - 2017,Road Bikes,Trek,2,2599.99,0.2,4159.984,17
1471,28-03-2018,4,Baldwin Bikes,Emanuel Mckee,NY,Trek Procaliber 6 - 2018,Mountain Bikes,Trek,1,1799.99,0.07,1673.9907,8
1472,29-03-2018,4,Baldwin Bikes,Thalia Horne,NY,Sun Bicycles Lil Kitt'n - 2017,Children Bicycles,Sun Bicycles,1,109.99,0.2,87.992,22
1472,29-03-2018,4,Baldwin Bikes,Thalia Horne,NY,Electra Townie Balloon 3i EQ Ladies' - 2018,Comfort Bicycles,Electra,1,799.99,0.2,639.992,13
1473,30-03-2018,4,Santa Cruz Bikes,Hayden Cross,CA,Sun Bicycles Lil Kitt'n - 2017,Children Bicycles,Sun Bicycles,2,109.99,0.2,175.984,11
1473,30-03-2018,4,Santa Cruz Bikes,Hayden Cross,CA,Electra Townie Original 7D - 2017,Comfort Bicycles,Electra,1,489.99,0.07,455.6907,9
1474,30-03-2018,4,Santa Cruz Bikes,Marshall Johnson,CA,Electra Townie Balloon 7i EQ - 2018,Comfort Bicycles,Electra,1,899.99,0.2,719.992,10
1474,30-03-2018,4,Santa Cruz Bikes,Marshall Johnson,CA,Trek Farley Carbon Frameset - 2018,Mountain Bikes,Trek,1,999.99,0.05,949.9905,8
1475,30-03-2018,4,Baldwin Bikes,Yuk Vega,NY,Electra Townie Balloon 7i EQ Ladies' - 2017/2018,Comfort Bicycles,Electra,2,899.99,0.05,1709.981,17
1475,30-03-2018,4,Baldwin Bikes,Yuk Vega,NY,Electra Townie Balloon 7i EQ - 2018,Cruisers Bicycles,Electra,2,899.99,0.07,1673.9814,4
1475,30-03-2018,4,Baldwin Bikes,Yuk Vega,NY,Surly ECR - 2018,Road Bikes,Surly,2,1899,0.05,3608.1,9
1475,30-03-2018,4,Baldwin Bikes,Yuk Vega,NY,Electra Townie Original 7D EQ Ladies' - 2017/2018,Cruisers Bicycles,Electra,2,599.99,0.2,959.984,26
1476,31-03-2018,4,Baldwin Bikes,Guillermina Noble,NY,Trek Fuel EX 8 29 XT - 2018,Mountain Bikes,Trek,2,3199.99,0.07,5951.9814,24
1476,31-03-2018,4,Baldwin Bikes,Guillermina Noble,NY,Trek Precaliber 24 (21-Speed) - Girls - 2017,Children Bicycles,Trek,2,349.99,0.07,650.9814,0
1476,31-03-2018,4,Baldwin Bikes,Guillermina Noble,NY,Trek Fuel EX 9.8 27.5 Plus - 2017,Mountain Bikes,Trek,1,5299.99,0.07,4928.9907,2
1476,31-03-2018,4,Baldwin Bikes,Guillermina Noble,NY,Electra Loft Go! 8i - 2018,Electric Bikes,Electra,1,2799.99,0.1,2519.991,15
1476,31-03-2018,4,Baldwin Bikes,Guillermina Noble,NY,Strider Strider 20 Sport - 2018,Children Bicycles,Strider,2,289.99,0.1,521.982,4
1477,31-03-2018,4,Baldwin Bikes,Karey Steele,NY,Surly Straggler - 2018,Cyclocross Bicycles,Surly,2,1549,0.2,2478.4,10
1478,31-03-2018,4,Baldwin Bikes,Cyndi Bush,NY,Electra Townie 3i EQ (20-inch) - Boys' - 2017,Children Bicycles,Electra,2,489.99,0.1,881.982,12
1478,31-03-2018,4,Baldwin Bikes,Cyndi Bush,NY,Trek Farley Carbon Frameset - 2018,Mountain Bikes,Trek,1,999.99,0.2,799.992,18
1479,01-04-2018,2,Baldwin Bikes,Kaylee English,NY,Electra Townie Commute Go! Ladies' - 2018,Cruisers Bicycles,Electra,1,2999.99,0.05,2849.9905,20
1479,01-04-2018,2,Baldwin Bikes,Kaylee English,NY,Electra Townie Commute 27D - 2018,Cruisers Bicycles,Electra,1,899.99,0.1,809.991,8
1480,01-04-2018,2,Baldwin Bikes,Santos Valencia,NY,Electra Townie Balloon 8D EQ Ladies' - 2016/2017/2018,Comfort Bicycles,Electra,2,749.99,0.1,1349.982,15
1480,01-04-2018,2,Baldwin Bikes,Santos Valencia,NY,Electra Amsterdam Original 3i Ladies' - 2017,Cruisers Bicycles,Electra,2,659.99,0.1,1187.982,4
1480,01-04-2018,2,Baldwin Bikes,Santos Valencia,NY,Haro Shredder 20 - 2017,Children Bicycles,Haro,2,209.99,0.07,390.5814,22
1480,01-04-2018,2,Baldwin Bikes,Santos Valencia,NY,Electra Delivery 3i - 2016/2017/2018,Cruisers Bicycles,Electra,2,959.99,0.07,1785.5814,11
1481,01-04-2018,1,Baldwin Bikes,Alica Hunter,NY,Surly Ogre Frameset - 2017,Road Bikes,Surly,2,749.99,0.07,1394.9814,19
1481,01-04-2018,1,Baldwin Bikes,Alica Hunter,NY,Trek Stache Carbon Frameset - 2018,Mountain Bikes,Trek,1,919.99,0.1,827.991,17
1482,01-04-2018,1,Baldwin Bikes,Sharyn Hopkins,NY,Trek Emonda S 4 - 2017,Road Bikes,Trek,1,1499.99,0.1,1349.991,20
1482,01-04-2018,1,Baldwin Bikes,Sharyn Hopkins,NY,Trek Marlin 5 - 2018,Mountain Bikes,Trek,1,489.99,0.05,465.4905,7
1482,01-04-2018,1,Baldwin Bikes,Sharyn Hopkins,NY,Trek Madone 9.2 - 2017,Road Bikes,Trek,2,4999.99,0.07,9299.9814,15
1482,01-04-2018,1,Baldwin Bikes,Sharyn Hopkins,NY,Trek Fuel EX 9.8 29 - 2017,Mountain Bikes,Trek,1,4999.99,0.05,4749.9905,15
1482,01-04-2018,1,Baldwin Bikes,Sharyn Hopkins,NY,Trek Super Commuter+ 8S - 2018,Electric Bikes,Trek,2,4999.99,0.05,9499.981,13
1483,02-04-2018,1,Baldwin Bikes,Linnie Branch,NY,Trek Superfly 24 - 2017/2018,Children Bicycles,Trek,1,489.99,0.05,465.4905,11
1483,02-04-2018,1,Baldwin Bikes,Linnie Branch,NY,Electra Townie Original 21D EQ - 2017/2018,Cruisers Bicycles,Electra,2,679.99,0.07,1264.7814,5
1484,02-04-2018,2,Baldwin Bikes,Guillermina Noble,NY,"Electra Treasure 1 20"" - 2018",Children Bicycles,Electra,2,319.99,0.07,595.1814,15
1484,02-04-2018,2,Baldwin Bikes,Guillermina Noble,NY,Trek Domane SL 6 - 2017,Road Bikes,Trek,2,3499.99,0.2,5599.984,4
1484,02-04-2018,2,Baldwin Bikes,Guillermina Noble,NY,Electra Townie Original 21D EQ - 2017/2018,Comfort Bicycles,Electra,2,679.99,0.05,1291.981,6
1485,02-04-2018,2,Baldwin Bikes,Gertrud Rhodes,NY,Surly Troll Frameset - 2018,Mountain Bikes,Surly,2,2499.99,0.2,3999.984,11
1485,02-04-2018,2,Baldwin Bikes,Gertrud Rhodes,NY,Trek Precaliber 24 (7-Speed) - Boys - 2018,Children Bicycles,Trek,1,319.99,0.2,255.992,9
1486,02-04-2018,2,Baldwin Bikes,Armand Whitehead,NY,Sun Bicycles ElectroLite - 2017,Electric Bikes,Sun Bicycles,2,1559.99,0.05,2963.981,1
1486,02-04-2018,2,Baldwin Bikes,Armand Whitehead,NY,Electra Straight 8 3i (20-inch) - Boy's - 2017,Children Bicycles,Electra,1,489.99,0.05,465.4905,14
1486,02-04-2018,2,Baldwin Bikes,Armand Whitehead,NY,Trek Marlin 5 - 2018,Mountain Bikes,Trek,1,489.99,0.1,440.991,7
1486,02-04-2018,2,Baldwin Bikes,Armand Whitehead,NY,Trek Precaliber 12 Boy's - 2018,Children Bicycles,Trek,1,199.99,0.1,179.991,4
1487,03-04-2018,1,Santa Cruz Bikes,Deloris Burke,CA,Trek Emonda SLR 6 - 2018,Road Bikes,Trek,1,4499.99,0.07,4184.9907,0
1487,03-04-2018,1,Santa Cruz Bikes,Deloris Burke,CA,Trek Domane ALR 4 Disc Women's - 2018,Road Bikes,Trek,2,1549.99,0.2,2479.984,24
1487,03-04-2018,1,Santa Cruz Bikes,Deloris Burke,CA,Electra Townie Commute Go! - 2018,Electric Bikes,Electra,1,2999.99,0.05,2849.9905,1
1487,03-04-2018,1,Santa Cruz Bikes,Deloris Burke,CA,Trek Verve+ - 2018,Electric Bikes,Trek,1,2299.99,0.05,2184.9905,26
1487,03-04-2018,1,Santa Cruz Bikes,Deloris Burke,CA,Electra Moto 3i (20-inch) - Boy's - 2017,Children Bicycles,Electra,2,349.99,0.2,559.984,20
1488,03-04-2018,2,Santa Cruz Bikes,Olevia Pitts,CA,Trek Fuel EX 5 27.5 Plus - 2017,Mountain Bikes,Trek,1,2299.99,0.07,2138.9907,0
1488,03-04-2018,2,Santa Cruz Bikes,Olevia Pitts,CA,Surly Troll Frameset - 2018,Mountain Bikes,Surly,1,2499.99,0.07,2324.9907,22
1489,03-04-2018,1,Santa Cruz Bikes,Dorine Roberson,CA,Electra Townie Commute Go! - 2018,Electric Bikes,Electra,1,2999.99,0.2,2399.992,1
1489,03-04-2018,1,Santa Cruz Bikes,Dorine Roberson,CA,Electra Cyclosaurus 1 (16-inch) - Boy's - 2018,Children Bicycles,Electra,2,279.99,0.2,447.984,6
1489,03-04-2018,1,Santa Cruz Bikes,Dorine Roberson,CA,Surly Steamroller - 2017,Road Bikes,Surly,1,875.99,0.1,788.391,18
1490,03-04-2018,2,Santa Cruz Bikes,Carline Collier,CA,Electra Sugar Skulls 1 (20-inch) - Girl's - 2017,Children Bicycles,Electra,1,299.99,0.1,269.991,28
1490,03-04-2018,2,Santa Cruz Bikes,Carline Collier,CA,Electra Townie Balloon 3i EQ - 2017/2018,Cruisers Bicycles,Electra,1,749.99,0.1,674.991,24
1490,03-04-2018,2,Santa Cruz Bikes,Carline Collier,CA,Electra Cruiser 7D - 2016/2017/2018,Cruisers Bicycles,Electra,1,319.99,0.05,303.9905,27
1491,04-04-2018,1,Santa Cruz Bikes,Lizzie Joyner,CA,"Electra Girl's Hawaii 1 16"" - 2017",Children Bicycles,Electra,2,299.99,0.2,479.984,25
1491,04-04-2018,1,Santa Cruz Bikes,Lizzie Joyner,CA,Electra Townie Original 1 - 2018,Comfort Bicycles,Electra,1,449.99,0.05,427.4905,0
1491,04-04-2018,1,Santa Cruz Bikes,Lizzie Joyner,CA,Sun Bicycles ElectroLite - 2017,Electric Bikes,Sun Bicycles,2,1559.99,0.07,2901.5814,19
1491,04-04-2018,1,Santa Cruz Bikes,Lizzie Joyner,CA,Trek Remedy 7 27.5 - 2018,Mountain Bikes,Trek,2,2999.99,0.07,5579.9814,17
1492,04-04-2018,1,Baldwin Bikes,Kathie Freeman,NY,Haro Flightline One ST - 2017,Mountain Bikes,Haro,2,379.99,0.1,683.982,5
1493,04-04-2018,2,Rowlett Bikes,Bobbie Foster,TX,Electra Cruiser Lux 1 Ladies' - 2018,Cruisers Bicycles,Electra,1,429.99,0.1,386.991,29
1494,05-04-2018,2,Santa Cruz Bikes,Katelin Kennedy,CA,Electra Cruiser Lux 1 Ladies' - 2018,Cruisers Bicycles,Electra,2,429.99,0.1,773.982,7
1494,05-04-2018,2,Santa Cruz Bikes,Katelin Kennedy,CA,Trek Domane AL 2 - 2018,Road Bikes,Trek,2,749.99,0.2,1199.984,23
1494,05-04-2018,2,Santa Cruz Bikes,Katelin Kennedy,CA,Strider Sport 16 - 2018,Children Bicycles,Strider,2,249.99,0.05,474.981,16
1495,05-04-2018,2,Baldwin Bikes,Lissa Vargas,NY,Electra Sweet Ride 3i (20-inch) - Girls' - 2018,Children Bicycles,Electra,2,369.99,0.05,702.981,22
1495,05-04-2018,2,Baldwin Bikes,Lissa Vargas,NY,Electra Townie Balloon 8D EQ Ladies' - 2016/2017/2018,Comfort Bicycles,Electra,2,749.99,0.2,1199.984,15
1495,05-04-2018,2,Baldwin Bikes,Lissa Vargas,NY,Heller Shagamaw GX1 - 2018,Mountain Bikes,Heller,1,2599,0.1,2339.1,1
1496,06-04-2018,1,Santa Cruz Bikes,Tameka Fisher,CA,Electra Townie Original 7D EQ Ladies' - 2017/2018,Cruisers Bicycles,Electra,1,599.99,0.07,557.9907,14
1496,06-04-2018,1,Santa Cruz Bikes,Tameka Fisher,CA,Electra Tiger Shark 3i - 2018,Cruisers Bicycles,Electra,1,899.99,0.07,836.9907,4
1496,06-04-2018,1,Santa Cruz Bikes,Tameka Fisher,CA,Electra Cruiser Lux 7D - 2018,Cruisers Bicycles,Electra,2,479.99,0.05,911.981,16
1496,06-04-2018,1,Santa Cruz Bikes,Tameka Fisher,CA,Electra Townie Original 1 - 2018,Comfort Bicycles,Electra,1,449.99,0.05,427.4905,0
1496,06-04-2018,1,Santa Cruz Bikes,Tameka Fisher,CA,Electra Delivery 3i - 2016/2017/2018,Cruisers Bicycles,Electra,2,959.99,0.2,1535.984,24
1497,06-04-2018,2,Santa Cruz Bikes,Williemae Holloway,CA,Trek Stache 5 - 2018,Mountain Bikes,Trek,2,1599.99,0.2,2559.984,21
1497,06-04-2018,2,Santa Cruz Bikes,Williemae Holloway,CA,Electra Townie Commute Go! - 2018,Electric Bikes,Electra,2,2999.99,0.1,5399.982,1
1497,06-04-2018,2,Santa Cruz Bikes,Williemae Holloway,CA,Trek Super Commuter+ 7 - 2018,Electric Bikes,Trek,2,3599.99,0.07,6695.9814,23
1498,06-04-2018,1,Santa Cruz Bikes,Zina Bonner,CA,Trek Domane ALR Disc Frameset - 2018,Road Bikes,Trek,1,3199.99,0.05,3039.9905,3
1498,06-04-2018,1,Santa Cruz Bikes,Zina Bonner,CA,Electra Townie Balloon 3i EQ Ladies' - 2018,Cruisers Bicycles,Electra,2,799.99,0.07,1487.9814,20
1499,06-04-2018,2,Santa Cruz Bikes,Luz House,CA,Sun Bicycles Drifter 7 - 2017,Comfort Bicycles,Sun Bicycles,1,470.99,0.05,447.4405,1
1499,06-04-2018,2,Santa Cruz Bikes,Luz House,CA,Trek Crockett 5 Disc - 2018,Cyclocross Bicycles,Trek,1,1799.99,0.07,1673.9907,13
1499,06-04-2018,2,Santa Cruz Bikes,Luz House,CA,Trek Kickster - 2018,Children Bicycles,Trek,2,159.99,0.05,303.981,23
1499,06-04-2018,2,Santa Cruz Bikes,Luz House,CA,Ritchey Timberwolf Frameset - 2016,Mountain Bikes,Ritchey,1,749.99,0.05,712.4905,5
1499,06-04-2018,2,Santa Cruz Bikes,Luz House,CA,Trek Domane SL 6 - 2018,Road Bikes,Trek,2,3199.99,0.1,5759.982,3
1500,06-04-2018,2,Santa Cruz Bikes,Joesph Delacruz,CA,Haro Shift R3 - 2017,Mountain Bikes,Haro,2,1469.99,0.07,2734.1814,10
1500,06-04-2018,2,Santa Cruz Bikes,Joesph Delacruz,CA,Electra Tiger Shark 1 (20-inch) - Boys' - 2018,Children Bicycles,Electra,1,319.99,0.07,297.5907,18
1501,06-04-2018,1,Baldwin Bikes,Tu Ramirez,NY,Electra Townie Original 7D EQ Ladies' - 2017/2018,Cruisers Bicycles,Electra,1,599.99,0.05,569.9905,26
1501,06-04-2018,1,Baldwin Bikes,Tu Ramirez,NY,Electra Moto 3i - 2018,Cruisers Bicycles,Electra,1,639.99,0.07,595.1907,16
1501,06-04-2018,1,Baldwin Bikes,Tu Ramirez,NY,Electra Moto 1 - 2016,Cruisers Bicycles,Electra,1,529.99,0.05,503.4905,6
1501,06-04-2018,1,Baldwin Bikes,Tu Ramirez,NY,Sun Bicycles Revolutions 24 - Girl's - 2017,Cruisers Bicycles,Sun Bicycles,1,250.99,0.2,200.792,8
1501,06-04-2018,1,Baldwin Bikes,Tu Ramirez,NY,Surly Straggler - 2018,Cyclocross Bicycles,Surly,1,1549,0.05,1471.55,10
1502,06-04-2018,2,Baldwin Bikes,Tiesha Daniel,NY,Electra Cruiser Lux 3i Ladies' - 2018,Cruisers Bicycles,Electra,2,529.99,0.2,847.984,8
1502,06-04-2018,2,Baldwin Bikes,Tiesha Daniel,NY,Pure Cycles William 3-Speed - 2016,Cruisers Bicycles,Pure Cycles,2,449,0.07,835.14,15
1502,06-04-2018,2,Baldwin Bikes,Tiesha Daniel,NY,Electra Townie Original 7D EQ - 2016,Comfort Bicycles,Electra,2,599.99,0.07,1115.9814,2
1502,06-04-2018,2,Baldwin Bikes,Tiesha Daniel,NY,Trek Kickster - 2018,Children Bicycles,Trek,1,159.99,0.2,127.992,3
1502,06-04-2018,2,Baldwin Bikes,Tiesha Daniel,NY,Electra Townie Balloon 7i EQ Ladies' - 2017/2018,Cruisers Bicycles,Electra,1,899.99,0.07,836.9907,12
1503,07-04-2018,2,Santa Cruz Bikes,Denis Logan,CA,Electra Straight 8 3i - 2018,Cruisers Bicycles,Electra,1,909.99,0.1,818.991,11
1503,07-04-2018,2,Santa Cruz Bikes,Denis Logan,CA,Electra Townie Original 1 - 2018,Comfort Bicycles,Electra,2,449.99,0.05,854.981,0
1504,08-04-2018,2,Santa Cruz Bikes,Elvera Peck,CA,Trek Precaliber 24 (7-Speed) - Boys - 2018,Children Bicycles,Trek,1,319.99,0.07,297.5907,7
1505,08-04-2018,1,Baldwin Bikes,Adelle Larsen,NY,Electra Cruiser Lux 3i - 2018,Cruisers Bicycles,Electra,2,529.99,0.05,1006.981,7
1505,08-04-2018,1,Baldwin Bikes,Adelle Larsen,NY,Electra Townie Original 21D - 2016,Comfort Bicycles,Electra,2,549.99,0.07,1022.9814,16
1505,08-04-2018,1,Baldwin Bikes,Adelle Larsen,NY,Trek Fuel EX 9.8 27.5 Plus - 2017,Mountain Bikes,Trek,2,5299.99,0.05,10069.981,2
1506,08-04-2018,1,Baldwin Bikes,Abby Gamble,NY,Trek Domane SL 6 Disc - 2018,Road Bikes,Trek,1,3499.99,0.05,3324.9905,0
1506,08-04-2018,1,Baldwin Bikes,Abby Gamble,NY,Trek Domane SL 7 Women's - 2018,Road Bikes,Trek,2,4999.99,0.2,7999.984,21
1506,08-04-2018,1,Baldwin Bikes,Abby Gamble,NY,Trek Domane SLR 8 Disc - 2018,Road Bikes,Trek,2,7499.99,0.05,14249.981,22
1507,08-04-2018,2,Baldwin Bikes,Teofila Fischer,NY,Trek Stache 5 - 2017,Mountain Bikes,Trek,2,1499.99,0.2,2399.984,28
1507,08-04-2018,2,Baldwin Bikes,Teofila Fischer,NY,Surly Straggler 650b - 2016,Cyclocross Bicycles,Surly,2,1680.99,0.1,3025.782,21
1507,08-04-2018,2,Baldwin Bikes,Teofila Fischer,NY,Electra Amsterdam Royal 8i Ladies - 2018,Cruisers Bicycles,Electra,1,1199.99,0.07,1115.9907,16
1507,08-04-2018,2,Baldwin Bikes,Teofila Fischer,NY,Electra Cruiser 7D (24-Inch) Ladies' - 2016/2018,Children Bicycles,Electra,1,319.99,0.07,297.5907,3
1507,08-04-2018,2,Baldwin Bikes,Teofila Fischer,NY,Electra Tiger Shark 1 (20-inch) - Boys' - 2018,Children Bicycles,Electra,2,319.99,0.05,607.981,12
1508,08-04-2018,2,Baldwin Bikes,Tena Cruz,NY,Haro Flightline One ST - 2017,Mountain Bikes,Haro,1,379.99,0.2,303.992,5
1508,08-04-2018,2,Baldwin Bikes,Tena Cruz,NY,Sun Bicycles Cruz 7 - Women's - 2017,Comfort Bicycles,Sun Bicycles,1,416.99,0.1,375.291,25
1508,08-04-2018,2,Baldwin Bikes,Tena Cruz,NY,Surly Steamroller - 2017,Road Bikes,Surly,2,875.99,0.05,1664.381,23
1508,08-04-2018,2,Baldwin Bikes,Tena Cruz,NY,Trek Precaliber 12 Girls - 2017,Children Bicycles,Trek,1,189.99,0.05,180.4905,8
1509,09-04-2018,1,Santa Cruz Bikes,Kasha Todd,CA,Electra Queen of Hearts 3i - 2018,Cruisers Bicycles,Electra,2,749.99,0.07,1394.9814,1
1510,09-04-2018,2,Baldwin Bikes,Emmitt Sanchez,NY,Trek Fuel EX 8 29 XT - 2018,Mountain Bikes,Trek,2,3199.99,0.05,6079.981,24
1510,09-04-2018,2,Baldwin Bikes,Emmitt Sanchez,NY,Sun Bicycles Cruz 3 - 2017,Cruisers Bicycles,Sun Bicycles,1,449.99,0.1,404.991,23
1510,09-04-2018,2,Baldwin Bikes,Emmitt Sanchez,NY,Electra Townie Commute Go! - 2018,Cruisers Bicycles,Electra,2,2999.99,0.1,5399.982,0
1510,09-04-2018,2,Baldwin Bikes,Emmitt Sanchez,NY,Electra Cruiser 1 Ladies' - 2018,Cruisers Bicycles,Electra,2,269.99,0.1,485.982,6
1510,09-04-2018,2,Baldwin Bikes,Emmitt Sanchez,NY,Heller Shagamaw GX1 - 2018,Mountain Bikes,Heller,1,2599,0.05,2469.05,1
1511,09-04-2018,1,Baldwin Bikes,Regenia Vaughan,NY,Trek Domane ALR 4 Disc - 2018,Road Bikes,Trek,2,1549.99,0.2,2479.984,4
1511,09-04-2018,1,Baldwin Bikes,Regenia Vaughan,NY,Electra Straight 8 1 (20-inch) - Boy's - 2018,Children Bicycles,Electra,1,389.99,0.07,362.6907,13
1511,09-04-2018,1,Baldwin Bikes,Regenia Vaughan,NY,Pure Cycles Vine 8-Speed - 2016,Cruisers Bicycles,Pure Cycles,2,429,0.07,797.94,3
1511,09-04-2018,1,Baldwin Bikes,Regenia Vaughan,NY,Haro Shift R3 - 2017,Mountain Bikes,Haro,1,1469.99,0.05,1396.4905,6
1511,09-04-2018,1,Baldwin Bikes,Regenia Vaughan,NY,Surly Krampus - 2018,Mountain Bikes,Surly,2,1499,0.2,2398.4,4
1512,09-04-2018,1,Rowlett Bikes,Jayne Kirkland,TX,Electra Straight 8 3i - 2018,Cruisers Bicycles,Electra,1,909.99,0.07,846.2907,4
1513,10-04-2018,2,Santa Cruz Bikes,Araceli Golden,CA,Trek Domane AL 2 Women's - 2018,Road Bikes,Trek,1,749.99,0.1,674.991,23
1513,10-04-2018,2,Santa Cruz Bikes,Araceli Golden,CA,Trek Powerfly 8 FS Plus - 2017,Electric Bikes,Trek,2,4999.99,0.05,9499.981,30
1513,10-04-2018,2,Santa Cruz Bikes,Araceli Golden,CA,Trek Emonda ALR 6 - 2018,Road Bikes,Trek,2,2299.99,0.05,4369.981,18
1514,10-04-2018,2,Santa Cruz Bikes,Yan Mcgowan,CA,Electra Townie Commute 27D Ladies - 2018,Cruisers Bicycles,Electra,2,899.99,0.1,1619.982,17
1514,10-04-2018,2,Santa Cruz Bikes,Yan Mcgowan,CA,Trek Powerfly 7 FS - 2018,Electric Bikes,Trek,2,4999.99,0.05,9499.981,4
1515,10-04-2018,1,Rowlett Bikes,Elinore Aguilar,TX,Surly Big Dummy Frameset - 2017,Mountain Bikes,Surly,2,999.99,0.2,1599.984,21
1515,10-04-2018,1,Rowlett Bikes,Elinore Aguilar,TX,Trek Powerfly 5 Women's - 2018,Electric Bikes,Trek,2,3499.99,0.1,6299.982,11
1515,10-04-2018,1,Rowlett Bikes,Elinore Aguilar,TX,Electra Townie Commute 27D Ladies - 2018,Comfort Bicycles,Electra,2,899.99,0.05,1709.981,8
1515,10-04-2018,1,Rowlett Bikes,Elinore Aguilar,TX,Trek Fuel EX 9.8 29 - 2017,Mountain Bikes,Trek,1,4999.99,0.1,4499.991,2
1515,10-04-2018,1,Rowlett Bikes,Elinore Aguilar,TX,Trek CrossRip 1 - 2018,Road Bikes,Trek,2,959.99,0.2,1535.984,17
1516,11-04-2018,2,Santa Cruz Bikes,Bridgette Guerra,CA,Trek Domane ALR Disc Frameset - 2018,Road Bikes,Trek,2,3199.99,0.1,5759.982,3
1516,11-04-2018,2,Santa Cruz Bikes,Bridgette Guerra,CA,Electra Townie Go! 8i Ladies' - 2018,Cruisers Bicycles,Electra,1,2599.99,0.1,2339.991,16
1516,11-04-2018,2,Santa Cruz Bikes,Bridgette Guerra,CA,Trek Verve+ - 2018,Electric Bikes,Trek,2,2299.99,0.2,3679.984,26
1516,11-04-2018,2,Santa Cruz Bikes,Bridgette Guerra,CA,Electra Amsterdam Royal 8i Ladies - 2018,Cruisers Bicycles,Electra,2,1199.99,0.2,1919.984,10
1516,11-04-2018,2,Santa Cruz Bikes,Bridgette Guerra,CA,Trek Precaliber 16 Girl's - 2018,Children Bicycles,Trek,2,209.99,0.2,335.984,6
1517,11-04-2018,1,Santa Cruz Bikes,Louanne Martin,CA,Electra Townie Go! 8i - 2017/2018,Comfort Bicycles,Electra,2,2599.99,0.07,4835.9814,12
1517,11-04-2018,1,Santa Cruz Bikes,Louanne Martin,CA,Electra Townie Original 21D EQ - 2017/2018,Cruisers Bicycles,Electra,2,679.99,0.05,1291.981,18
1518,11-04-2018,1,Santa Cruz Bikes,Nova Hess,CA,Electra Townie Original 21D EQ - 2017/2018,Comfort Bicycles,Electra,2,679.99,0.1,1223.982,15
1518,11-04-2018,1,Santa Cruz Bikes,Nova Hess,CA,Trek Domane SL 5 Disc - 2018,Road Bikes,Trek,2,2499.99,0.05,4749.981,28
1518,11-04-2018,1,Santa Cruz Bikes,Nova Hess,CA,Electra Townie Commute Go! Ladies' - 2018,Cruisers Bicycles,Electra,2,2999.99,0.05,5699.981,28
1519,11-04-2018,2,Baldwin Bikes,Theo Reese,NY,Trek Emonda SL 7 - 2018,Road Bikes,Trek,1,4499.99,0.2,3599.992,7
1519,11-04-2018,2,Baldwin Bikes,Theo Reese,NY,Haro Downtown 16 - 2017,Children Bicycles,Haro,2,329.99,0.2,527.984,6
1519,11-04-2018,2,Baldwin Bikes,Theo Reese,NY,Surly Krampus - 2018,Mountain Bikes,Surly,2,1499,0.07,2788.14,4
1519,11-04-2018,2,Baldwin Bikes,Theo Reese,NY,Sun Bicycles Lil Bolt Type-R - 2017,Cruisers Bicycles,Sun Bicycles,1,346.99,0.2,277.592,16
1519,11-04-2018,2,Baldwin Bikes,Theo Reese,NY,Strider Strider 20 Sport - 2018,Children Bicycles,Strider,2,289.99,0.05,550.981,4
1520,11-04-2018,2,Rowlett Bikes,Lorrie Becker,TX,Trek CrossRip+ - 2018,Electric Bikes,Trek,1,4499.99,0.05,4274.9905,30
1520,11-04-2018,2,Rowlett Bikes,Lorrie Becker,TX,Trek XM700+ Lowstep - 2018,Electric Bikes,Trek,2,3499.99,0.2,5599.984,29
1520,11-04-2018,2,Rowlett Bikes,Lorrie Becker,TX,Electra Townie Commute 27D Ladies - 2018,Comfort Bicycles,Electra,2,899.99,0.07,1673.9814,8
1520,11-04-2018,2,Rowlett Bikes,Lorrie Becker,TX,Strider Classic 12 Balance Bike - 2018,Children Bicycles,Strider,2,89.99,0.1,161.982,21
1521,12-04-2018,1,Santa Cruz Bikes,Saturnina Garner,CA,Electra Townie 3i EQ (20-inch) - Boys' - 2017,Children Bicycles,Electra,1,489.99,0.2,391.992,15
1521,12-04-2018,1,Santa Cruz Bikes,Saturnina Garner,CA,Electra Townie Original 21D EQ Ladies' - 2018,Comfort Bicycles,Electra,2,679.99,0.2,1087.984,NULL
1521,12-04-2018,1,Santa Cruz Bikes,Saturnina Garner,CA,Trek Farley Carbon Frameset - 2018,Mountain Bikes,Trek,1,999.99,0.1,899.991,8
1521,12-04-2018,1,Santa Cruz Bikes,Saturnina Garner,CA,Trek X-Caliber Frameset - 2018,Mountain Bikes,Trek,2,1499.99,0.2,2399.984,15
1522,12-04-2018,1,Santa Cruz Bikes,Chi Goff,CA,"Electra Girl's Hawaii 1 16"" - 2017",Children Bicycles,Electra,1,299.99,0.1,269.991,25
1522,12-04-2018,1,Santa Cruz Bikes,Chi Goff,CA,Trek Stache 5 - 2018,Mountain Bikes,Trek,1,1599.99,0.07,1487.9907,21
1522,12-04-2018,1,Santa Cruz Bikes,Chi Goff,CA,Trek Ticket S Frame - 2018,Mountain Bikes,Trek,1,1469.99,0.07,1367.0907,15
1523,12-04-2018,1,Baldwin Bikes,Jacquline Duncan,NY,Electra Townie Commute 8D - 2018,Comfort Bicycles,Electra,2,749.99,0.2,1199.984,27
1524,12-04-2018,1,Baldwin Bikes,Melia Brady,NY,Surly Straggler - 2018,Road Bikes,Surly,1,1549,0.1,1394.1,29
1524,12-04-2018,1,Baldwin Bikes,Melia Brady,NY,"Electra Treasure 1 20"" - 2018",Children Bicycles,Electra,2,319.99,0.2,511.984,15
1524,12-04-2018,1,Baldwin Bikes,Melia Brady,NY,Electra Townie Original 1 Ladies' - 2018,Comfort Bicycles,Electra,1,449.99,0.2,359.992,24
1524,12-04-2018,1,Baldwin Bikes,Melia Brady,NY,Electra Townie Commute Go! Ladies' - 2018,Cruisers Bicycles,Electra,2,2999.99,0.2,4799.984,20
1525,12-04-2018,2,Baldwin Bikes,Zelma Browning,NY,Trek Domane SL Frameset - 2018,Road Bikes,Trek,1,6499.99,0.1,5849.991,8
1525,12-04-2018,2,Baldwin Bikes,Zelma Browning,NY,Surly Pack Rat - 2018,Road Bikes,Surly,2,1349,0.07,2509.14,30
1525,12-04-2018,2,Baldwin Bikes,Zelma Browning,NY,Trek Lift+ - 2018,Electric Bikes,Trek,1,2799.99,0.07,2603.9907,21
1526,12-04-2018,2,Baldwin Bikes,Latasha Stanley,NY,Trek Domane ALR 4 Disc Women's - 2018,Road Bikes,Trek,1,1549.99,0.07,1441.4907,2
1526,12-04-2018,2,Baldwin Bikes,Latasha Stanley,NY,Trek Domane SLR 6 Disc - 2017,Road Bikes,Trek,1,5499.99,0.1,4949.991,20
1526,12-04-2018,2,Baldwin Bikes,Latasha Stanley,NY,Electra Townie Balloon 8D EQ - 2016/2017/2018,Cruisers Bicycles,Electra,1,749.99,0.1,674.991,6
1526,12-04-2018,2,Baldwin Bikes,Latasha Stanley,NY,Electra Townie Original 21D EQ Ladies' - 2018,Cruisers Bicycles,Electra,1,679.99,0.05,645.9905,18
1527,12-04-2018,2,Rowlett Bikes,Lashawn Ortiz,TX,Surly Wednesday Frameset - 2017,Mountain Bikes,Surly,1,469.99,0.1,422.991,14
1527,12-04-2018,2,Rowlett Bikes,Lashawn Ortiz,TX,Sun Bicycles Streamway 3 - 2017,Comfort Bicycles,Sun Bicycles,1,551.99,0.05,524.3905,10
1527,12-04-2018,2,Rowlett Bikes,Lashawn Ortiz,TX,Trek Emonda S 5 - 2017,Road Bikes,Trek,2,1999.99,0.05,3799.981,9
1528,12-04-2018,1,Rowlett Bikes,Aleta Shepard,TX,Electra Cruiser Lux 1 - 2016/2018,Cruisers Bicycles,Electra,2,429.99,0.2,687.984,7
1529,12-04-2018,1,Rowlett Bikes,Cleotilde Booth,TX,Electra Girl's Hawaii 1 (20-inch) - 2015/2016,Children Bicycles,Electra,1,299.99,0.05,284.9905,8
1529,12-04-2018,1,Rowlett Bikes,Cleotilde Booth,TX,Trek Silque SLR 7 Women's - 2017,Road Bikes,Trek,2,5999.99,0.1,10799.982,25
1530,13-04-2018,1,Santa Cruz Bikes,Ollie Zimmerman,CA,Electra Cruiser 1 - 2016/2017/2018,Cruisers Bicycles,Electra,2,269.99,0.1,485.982,14
1530,13-04-2018,1,Santa Cruz Bikes,Ollie Zimmerman,CA,Trek Marlin 7 - 2017/2018,Mountain Bikes,Trek,1,749.99,0.1,674.991,24
1531,13-04-2018,1,Santa Cruz Bikes,Mariana Strong,CA,Surly ECR 27.5 - 2018,Mountain Bikes,Surly,1,1899,0.1,1709.1,11
1532,13-04-2018,2,Baldwin Bikes,Latasha Hays,NY,Trek Crockett 7 Disc - 2018,Cyclocross Bicycles,Trek,2,2999.99,0.07,5579.9814,11
1533,13-04-2018,2,Baldwin Bikes,Jeanice Frost,NY,Trek Precaliber 20 Boy's - 2018,Children Bicycles,Trek,2,229.99,0.1,413.982,15
1533,13-04-2018,2,Baldwin Bikes,Jeanice Frost,NY,Sun Bicycles Biscayne Tandem CB - 2017,Cruisers Bicycles,Sun Bicycles,1,647.99,0.1,583.191,4
1533,13-04-2018,2,Baldwin Bikes,Jeanice Frost,NY,Electra Moto 3i (20-inch) - Boy's - 2017,Children Bicycles,Electra,1,349.99,0.1,314.991,22
1533,13-04-2018,2,Baldwin Bikes,Jeanice Frost,NY,Electra Koa 3i Ladies' - 2018,Cruisers Bicycles,Electra,2,899.99,0.1,1619.982,4
1533,13-04-2018,2,Baldwin Bikes,Jeanice Frost,NY,Trek Silque SLR 8 Women's - 2017,Road Bikes,Trek,1,6499.99,0.1,5849.991,8
1534,14-04-2018,2,Baldwin Bikes,Georgetta Hardin,NY,Trek XM700+ - 2018,Electric Bikes,Trek,1,3499.99,0.1,3149.991,15
1534,14-04-2018,2,Baldwin Bikes,Georgetta Hardin,NY,Trek Ticket S Frame - 2018,Mountain Bikes,Trek,1,1469.99,0.05,1396.4905,18
1534,14-04-2018,2,Baldwin Bikes,Georgetta Hardin,NY,Trek Precaliber 12 Boy's - 2018,Children Bicycles,Trek,2,199.99,0.2,319.984,4
1534,14-04-2018,2,Baldwin Bikes,Georgetta Hardin,NY,Trek Domane ALR Disc Frameset - 2018,Road Bikes,Trek,2,3199.99,0.2,5119.984,16
1535,14-04-2018,2,Baldwin Bikes,Lizzette Stein,NY,Haro Shredder 20 - 2017,Children Bicycles,Haro,1,209.99,0.05,199.4905,22
1535,14-04-2018,2,Baldwin Bikes,Lizzette Stein,NY,Electra Cruiser Lux Fat Tire 1 Ladies - 2017,Cruisers Bicycles,Electra,2,599.99,0.05,1139.981,11
1536,14-04-2018,2,Baldwin Bikes,Brittney Woodward,NY,Trek Domane SL 5 Women's - 2018,Road Bikes,Trek,1,2199.99,0.2,1759.992,26
1536,14-04-2018,2,Baldwin Bikes,Brittney Woodward,NY,Trek Conduit+ - 2018,Electric Bikes,Trek,2,2799.99,0.07,5207.9814,4
1536,14-04-2018,2,Baldwin Bikes,Brittney Woodward,NY,Trek Verve+ - 2018,Electric Bikes,Trek,2,2299.99,0.2,3679.984,28
1537,15-04-2018,1,Baldwin Bikes,Bernita Mcdaniel,NY,Electra Relic 3i - 2018,Cruisers Bicycles,Electra,2,849.99,0.05,1614.981,30
1538,15-04-2018,2,Baldwin Bikes,Ashanti Parks,NY,Trek Boone 5 Disc - 2018,Cyclocross Bicycles,Trek,1,3299.99,0.07,3068.9907,9
1538,15-04-2018,2,Baldwin Bikes,Ashanti Parks,NY,Haro SR 1.3 - 2017,Mountain Bikes,Haro,2,1409.99,0.07,2622.5814,18
1538,15-04-2018,2,Baldwin Bikes,Ashanti Parks,NY,Trek Ticket S Frame - 2018,Mountain Bikes,Trek,1,1469.99,0.07,1367.0907,18
1538,15-04-2018,2,Baldwin Bikes,Ashanti Parks,NY,Trek Verve+ Lowstep - 2018,Electric Bikes,Trek,1,2299.99,0.2,1839.992,10
1538,15-04-2018,2,Baldwin Bikes,Ashanti Parks,NY,Electra Townie Balloon 7i EQ Ladies' - 2017/2018,Comfort Bicycles,Electra,2,899.99,0.05,1709.981,17
1539,15-04-2018,1,Rowlett Bikes,Merlene Vinson,TX,Surly Ice Cream Truck Frameset - 2016,Mountain Bikes,Surly,2,469.99,0.05,892.981,27
1539,15-04-2018,1,Rowlett Bikes,Merlene Vinson,TX,Electra Townie Original 21D - 2016,Cruisers Bicycles,Electra,2,549.99,0.05,1044.981,30
1540,16-04-2018,1,Santa Cruz Bikes,Hedwig Paul,CA,Sun Bicycles Atlas X-Type - 2017,Cruisers Bicycles,Sun Bicycles,2,416.99,0.05,792.281,25
1540,16-04-2018,1,Santa Cruz Bikes,Hedwig Paul,CA,Electra Morningstar 3i Ladies' - 2018,Cruisers Bicycles,Electra,1,749.99,0.07,697.4907,18
1540,16-04-2018,1,Santa Cruz Bikes,Hedwig Paul,CA,Electra Cruiser Lux 7D - 2018,Cruisers Bicycles,Electra,1,479.99,0.05,455.9905,16
1540,16-04-2018,1,Santa Cruz Bikes,Hedwig Paul,CA,Trek Domane SLR 6 Disc - 2018,Road Bikes,Trek,2,5499.99,0.05,10449.981,19
1540,16-04-2018,1,Santa Cruz Bikes,Hedwig Paul,CA,Sun Bicycles Biscayne Tandem CB - 2017,Cruisers Bicycles,Sun Bicycles,1,647.99,0.2,518.392,13
1541,16-04-2018,2,Baldwin Bikes,Pamelia Newman,NY,Trek Domane SLR 9 Disc - 2018,Road Bikes,Trek,2,11999.99,0.1,21599.982,21
1541,16-04-2018,2,Baldwin Bikes,Pamelia Newman,NY,Electra Townie Original 7D EQ Ladies' - 2017/2018,Cruisers Bicycles,Electra,2,599.99,0.07,1115.9814,26
1541,16-04-2018,2,Baldwin Bikes,Pamelia Newman,NY,Trek Fuel EX 8 29 XT - 2018,Mountain Bikes,Trek,2,3199.99,0.1,5759.982,24
1541,16-04-2018,2,Baldwin Bikes,Pamelia Newman,NY,Pure Cycles Vine 8-Speed - 2016,Cruisers Bicycles,Pure Cycles,1,429,0.1,386.1,3
1541,16-04-2018,2,Baldwin Bikes,Pamelia Newman,NY,Trek Girl's Kickster - 2017,Children Bicycles,Trek,2,149.99,0.05,284.981,24
1542,16-04-2018,2,Baldwin Bikes,Damien Dorsey,NY,Sun Bicycles Boardwalk (24-inch Wheels) - 2017,Cruisers Bicycles,Sun Bicycles,1,402.99,0.2,322.392,29
1542,16-04-2018,2,Baldwin Bikes,Damien Dorsey,NY,Surly Troll Frameset - 2018,Mountain Bikes,Surly,2,2499.99,0.05,4749.981,11
1542,16-04-2018,2,Baldwin Bikes,Damien Dorsey,NY,Trek Domane SL 6 Disc - 2018,Road Bikes,Trek,2,3499.99,0.2,5599.984,0
1542,16-04-2018,2,Baldwin Bikes,Damien Dorsey,NY,Haro Flightline One ST - 2017,Mountain Bikes,Haro,2,379.99,0.1,683.982,5
1542,16-04-2018,2,Baldwin Bikes,Damien Dorsey,NY,"Electra Under-The-Sea 1 16"" - 2018",Children Bicycles,Electra,1,279.99,0.2,223.992,7
1543,16-04-2018,1,Baldwin Bikes,Parker Prince,NY,Sun Bicycles Cruz 3 - Women's - 2017,Comfort Bicycles,Sun Bicycles,2,449.99,0.1,809.982,29
1543,16-04-2018,1,Baldwin Bikes,Parker Prince,NY,Haro Shredder 20 Girls - 2017,Children Bicycles,Haro,1,209.99,0.2,167.992,22
1543,16-04-2018,1,Baldwin Bikes,Parker Prince,NY,Trek CrossRip 1 - 2018,Road Bikes,Trek,2,959.99,0.07,1785.5814,0
1543,16-04-2018,1,Baldwin Bikes,Parker Prince,NY,Electra Savannah 3i (20-inch) - Girl's - 2017,Children Bicycles,Electra,2,349.99,0.05,664.981,15
1543,16-04-2018,1,Baldwin Bikes,Parker Prince,NY,Trek Procaliber 6 - 2018,Mountain Bikes,Trek,1,1799.99,0.2,1439.992,8
1544,17-04-2018,1,Santa Cruz Bikes,Charolette Rice,CA,Trek XM700+ - 2018,Electric Bikes,Trek,2,3499.99,0.1,6299.982,24
1544,17-04-2018,1,Santa Cruz Bikes,Charolette Rice,CA,Sun Bicycles Cruz 7 - 2017,Comfort Bicycles,Sun Bicycles,2,416.99,0.2,667.184,20
1545,17-04-2018,1,Santa Cruz Bikes,Tommie Melton,CA,Haro SR 1.2 - 2017,Mountain Bikes,Haro,1,869.99,0.1,782.991,15
1546,17-04-2018,2,Santa Cruz Bikes,Marvin Mullins,CA,Trek Domane SL Frameset - 2018,Road Bikes,Trek,1,6499.99,0.1,5849.991,13
1546,17-04-2018,2,Santa Cruz Bikes,Marvin Mullins,CA,Trek Conduit+ - 2018,Electric Bikes,Trek,2,2799.99,0.1,5039.982,3
1546,17-04-2018,2,Santa Cruz Bikes,Marvin Mullins,CA,Electra Queen of Hearts 3i - 2018,Cruisers Bicycles,Electra,1,749.99,0.1,674.991,1
1546,17-04-2018,2,Santa Cruz Bikes,Marvin Mullins,CA,Electra Townie Original 7D - 2015/2016,Comfort Bicycles,Electra,1,499.99,0.05,474.9905,10
1547,17-04-2018,1,Santa Cruz Bikes,Karla Kirk,CA,Sun Bicycles Cruz 3 - 2017,Comfort Bicycles,Sun Bicycles,2,449.99,0.2,719.984,30
1547,17-04-2018,1,Santa Cruz Bikes,Karla Kirk,CA,Trek Super Commuter+ 7 - 2018,Electric Bikes,Trek,1,3599.99,0.2,2879.992,23
1548,17-04-2018,1,Santa Cruz Bikes,Regine Gonzales,CA,Trek Farley Alloy Frameset - 2017,Mountain Bikes,Trek,1,469.99,0.1,422.991,0
1548,17-04-2018,1,Santa Cruz Bikes,Regine Gonzales,CA,Trek Powerfly 5 Women's - 2018,Electric Bikes,Trek,1,3499.99,0.07,3254.9907,5
1548,17-04-2018,1,Santa Cruz Bikes,Regine Gonzales,CA,Trek Boone 7 - 2017,Cyclocross Bicycles,Trek,2,3499.99,0.2,5599.984,21
1549,17-04-2018,1,Baldwin Bikes,Caren Stephens,NY,Trek CrossRip 1 - 2018,Road Bikes,Trek,1,959.99,0.2,767.992,0
1549,17-04-2018,1,Baldwin Bikes,Caren Stephens,NY,Trek Kids' Neko - 2018,Mountain Bikes,Trek,1,469.99,0.05,446.4905,23
1549,17-04-2018,1,Baldwin Bikes,Caren Stephens,NY,Electra White Water 3i - 2018,Cruisers Bicycles,Electra,2,749.99,0.05,1424.981,10
1549,17-04-2018,1,Baldwin Bikes,Caren Stephens,NY,Electra Townie Commute 8D Ladies' - 2018,Cruisers Bicycles,Electra,2,699.99,0.1,1259.982,2
1550,17-04-2018,1,Baldwin Bikes,Janetta Aguirre,NY,Electra Townie Original 21D Ladies' - 2018,Comfort Bicycles,Electra,2,559.99,0.05,1063.981,NULL
1550,17-04-2018,1,Baldwin Bikes,Janetta Aguirre,NY,Electra Townie Original 3i EQ - 2017/2018,Cruisers Bicycles,Electra,1,659.99,0.07,613.7907,18
1550,17-04-2018,1,Baldwin Bikes,Janetta Aguirre,NY,Trek Conduit+ - 2018,Electric Bikes,Trek,2,2799.99,0.1,5039.982,4
1550,17-04-2018,1,Baldwin Bikes,Janetta Aguirre,NY,Trek Domane SL 8 Disc - 2018,Road Bikes,Trek,1,5499.99,0.07,5114.9907,27
1550,17-04-2018,1,Baldwin Bikes,Janetta Aguirre,NY,Trek Girl's Kickster - 2017,Children Bicycles,Trek,2,149.99,0.05,284.981,24
1551,17-04-2018,1,Baldwin Bikes,Tomasa Carson,NY,Trek Boone 7 Disc - 2018,Cyclocross Bicycles,Trek,2,3999.99,0.2,6399.984,8
1552,17-04-2018,1,Baldwin Bikes,Melanie Hayes,NY,Trek Verve+ Lowstep - 2018,Electric Bikes,Trek,1,2299.99,0.1,2069.991,10
1552,17-04-2018,1,Baldwin Bikes,Melanie Hayes,NY,Haro Shift R3 - 2017,Mountain Bikes,Haro,2,1469.99,0.05,2792.981,6
1553,18-04-2018,2,Santa Cruz Bikes,Jamaal Albert,CA,Electra Townie Original 7D - 2017,Comfort Bicycles,Electra,1,489.99,0.07,455.6907,9
1553,18-04-2018,2,Santa Cruz Bikes,Jamaal Albert,CA,Electra Townie Original 21D - 2016,Cruisers Bicycles,Electra,1,549.99,0.1,494.991,16
1553,18-04-2018,2,Santa Cruz Bikes,Jamaal Albert,CA,Electra Townie Commute Go! - 2018,Cruisers Bicycles,Electra,1,2999.99,0.05,2849.9905,2
1553,18-04-2018,2,Santa Cruz Bikes,Jamaal Albert,CA,Trek Precaliber 16 Boys - 2017,Children Bicycles,Trek,1,209.99,0.05,199.4905,9
1554,18-04-2018,1,Santa Cruz Bikes,Jeanie Kirkland,CA,Trek Domane AL 2 Women's - 2018,Road Bikes,Trek,1,749.99,0.05,712.4905,23
1554,18-04-2018,1,Santa Cruz Bikes,Jeanie Kirkland,CA,Electra Soft Serve 1 (16-inch) - Girl's - 2018,Children Bicycles,Electra,1,279.99,0.2,223.992,20
1555,18-04-2018,1,Baldwin Bikes,Debra Burks,NY,Electra Townie Original 21D - 2016,Comfort Bicycles,Electra,2,549.99,0.1,989.982,16
1555,18-04-2018,1,Baldwin Bikes,Debra Burks,NY,Trek Domane SL Frameset - 2018,Road Bikes,Trek,1,6499.99,0.1,5849.991,8
1555,18-04-2018,1,Baldwin Bikes,Debra Burks,NY,Surly Big Fat Dummy Frameset - 2018,Mountain Bikes,Surly,1,469.99,0.1,422.991,13
1555,18-04-2018,1,Baldwin Bikes,Debra Burks,NY,Surly ECR 27.5 - 2018,Mountain Bikes,Surly,2,1899,0.05,3608.1,28
1555,18-04-2018,1,Baldwin Bikes,Debra Burks,NY,Trek Domane SLR Disc Frameset - 2018,Road Bikes,Trek,1,3199.99,0.2,2559.992,8
1556,18-04-2018,2,Baldwin Bikes,Daryl Spence,NY,Trek Domane SL 6 - 2017,Road Bikes,Trek,2,3499.99,0.2,5599.984,4
1556,18-04-2018,2,Baldwin Bikes,Daryl Spence,NY,Electra Amsterdam Original 3i Ladies' - 2017,Cruisers Bicycles,Electra,1,659.99,0.07,613.7907,4
1556,18-04-2018,2,Baldwin Bikes,Daryl Spence,NY,Strider Strider 20 Sport - 2018,Children Bicycles,Strider,1,289.99,0.1,260.991,4
1556,18-04-2018,2,Baldwin Bikes,Daryl Spence,NY,Trek Kids' Neko - 2018,Mountain Bikes,Trek,2,469.99,0.05,892.981,23
1556,18-04-2018,2,Baldwin Bikes,Daryl Spence,NY,Electra Koa 3i Ladies' - 2018,Cruisers Bicycles,Electra,2,899.99,0.1,1619.982,4
1557,19-04-2018,2,Santa Cruz Bikes,Lucy Woods,CA,Surly Pack Rat - 2018,Road Bikes,Surly,2,1349,0.07,2509.14,0
1558,19-04-2018,1,Baldwin Bikes,Tenisha Lyons,NY,Haro SR 1.3 - 2017,Mountain Bikes,Haro,2,1409.99,0.07,2622.5814,18
1558,19-04-2018,1,Baldwin Bikes,Tenisha Lyons,NY,Trek Farley Carbon Frameset - 2018,Mountain Bikes,Trek,1,999.99,0.07,929.9907,18
1558,19-04-2018,1,Baldwin Bikes,Tenisha Lyons,NY,Trek Fuel EX 8 29 - 2016,Mountain Bikes,Trek,1,2899.99,0.05,2754.9905,2
1558,19-04-2018,1,Baldwin Bikes,Tenisha Lyons,NY,Trek Domane S 6 - 2017,Road Bikes,Trek,1,2699.99,0.2,2159.992,5
1558,19-04-2018,1,Baldwin Bikes,Tenisha Lyons,NY,Electra Townie Go! 8i Ladies' - 2018,Cruisers Bicycles,Electra,1,2599.99,0.07,2417.9907,29
1559,20-04-2018,2,Baldwin Bikes,Tangela Quinn,NY,Electra Townie 7D (20-inch) - Boys' - 2017,Children Bicycles,Electra,2,339.99,0.07,632.3814,4
1559,20-04-2018,2,Baldwin Bikes,Tangela Quinn,NY,Pure Cycles Western 3-Speed - Women's - 2015/2016,Cruisers Bicycles,Pure Cycles,1,449,0.1,404.1,13
1559,20-04-2018,2,Baldwin Bikes,Tangela Quinn,NY,Trek Domane SL Disc Frameset - 2017,Road Bikes,Trek,2,3199.99,0.1,5759.982,6
1559,20-04-2018,2,Baldwin Bikes,Tangela Quinn,NY,Electra Cruiser 7D Ladies' - 2016/2018,Cruisers Bicycles,Electra,1,319.99,0.1,287.991,12
1560,20-04-2018,1,Baldwin Bikes,Pamala Henry,NY,Trek X-Caliber 8 - 2018,Mountain Bikes,Trek,2,999.99,0.2,1599.984,25
1560,20-04-2018,1,Baldwin Bikes,Pamala Henry,NY,Haro Shift R3 - 2017,Mountain Bikes,Haro,1,1469.99,0.2,1175.992,6
1561,20-04-2018,2,Baldwin Bikes,Kanesha Vega,NY,Trek Domane SL 5 - 2018,Road Bikes,Trek,2,2199.99,0.07,4091.9814,29
1561,20-04-2018,2,Baldwin Bikes,Kanesha Vega,NY,"Electra Under-The-Sea 1 16"" - 2018",Children Bicycles,Electra,2,279.99,0.05,531.981,7
1562,20-04-2018,1,Baldwin Bikes,Titus Bullock,NY,Trek Domane SL Disc Frameset - 2017,Road Bikes,Trek,1,3199.99,0.2,2559.992,6
1562,20-04-2018,1,Baldwin Bikes,Titus Bullock,NY,Sun Bicycles Revolutions 24 - 2017,Cruisers Bicycles,Sun Bicycles,1,250.99,0.2,200.792,22
1562,20-04-2018,1,Baldwin Bikes,Titus Bullock,NY,Trek Fuel EX 8 29 - 2018,Mountain Bikes,Trek,2,3199.99,0.07,5951.9814,19
1563,20-04-2018,2,Rowlett Bikes,Keri Bridges,TX,Trek XM700+ Lowstep - 2018,Electric Bikes,Trek,1,3499.99,0.07,3254.9907,29
1564,21-04-2018,1,Santa Cruz Bikes,Monika Berg,CA,Electra Townie Commute 27D - 2018,Comfort Bicycles,Electra,1,899.99,0.07,836.9907,7
1564,21-04-2018,1,Santa Cruz Bikes,Monika Berg,CA,Electra Girl's Hawaii 1 (16-inch) - 2015/2016,Cruisers Bicycles,Electra,1,269.99,0.1,242.991,8
1565,21-04-2018,2,Santa Cruz Bikes,Neil Mccall,CA,Haro Flightline One ST - 2017,Mountain Bikes,Haro,1,379.99,0.07,353.3907,12
1565,21-04-2018,2,Santa Cruz Bikes,Neil Mccall,CA,Haro Shredder 20 - 2017,Children Bicycles,Haro,1,209.99,0.1,188.991,0
1565,21-04-2018,2,Santa Cruz Bikes,Neil Mccall,CA,Electra Townie Balloon 7i EQ - 2018,Cruisers Bicycles,Electra,1,899.99,0.1,809.991,3
1565,21-04-2018,2,Santa Cruz Bikes,Neil Mccall,CA,"Electra Girl's Hawaii 1 16"" - 2017",Children Bicycles,Electra,1,299.99,0.07,278.9907,25
1565,21-04-2018,2,Santa Cruz Bikes,Neil Mccall,CA,Electra Townie Original 21D EQ - 2017/2018,Cruisers Bicycles,Electra,2,679.99,0.2,1087.984,18
1566,21-04-2018,1,Santa Cruz Bikes,Petronila Norris,CA,Trek Domane AL 3 - 2018,Road Bikes,Trek,1,919.99,0.05,873.9905,16
1566,21-04-2018,1,Santa Cruz Bikes,Petronila Norris,CA,Trek Powerfly 8 FS Plus - 2017,Electric Bikes,Trek,2,4999.99,0.05,9499.981,30
1567,21-04-2018,2,Santa Cruz Bikes,Arvilla Osborn,CA,Trek Precaliber 24 7-speed Girl's - 2018,Children Bicycles,Trek,1,319.99,0.2,255.992,17
1568,21-04-2018,2,Santa Cruz Bikes,Bong Hebert,CA,Trek Domane SLR 6 - 2018,Road Bikes,Trek,1,4999.99,0.2,3999.992,6
1568,21-04-2018,2,Santa Cruz Bikes,Bong Hebert,CA,Sun Bicycles Streamway 7 - 2017,Comfort Bicycles,Sun Bicycles,1,533.99,0.07,496.6107,7
1568,21-04-2018,2,Santa Cruz Bikes,Bong Hebert,CA,Electra Townie Balloon 7i EQ - 2018,Comfort Bicycles,Electra,1,899.99,0.1,809.991,10
1569,22-04-2018,2,Baldwin Bikes,Syreeta Hendricks,NY,Electra Townie Commute Go! Ladies' - 2018,Cruisers Bicycles,Electra,1,2999.99,0.1,2699.991,20
1570,22-04-2018,2,Baldwin Bikes,Fran Yang,NY,Trek Domane SLR 9 Disc - 2018,Road Bikes,Trek,1,11999.99,0.07,11159.9907,21
1571,22-04-2018,1,Baldwin Bikes,Sarai Mckee,NY,Electra Townie Commute 8D Ladies' - 2018,Comfort Bicycles,Electra,2,699.99,0.1,1259.982,2
1571,22-04-2018,1,Baldwin Bikes,Sarai Mckee,NY,Electra Townie Original 21D - 2018,Cruisers Bicycles,Electra,1,559.99,0.07,520.7907,22
1571,22-04-2018,1,Baldwin Bikes,Sarai Mckee,NY,Electra Townie Original 7D EQ - Women's - 2016,Cruisers Bicycles,Electra,2,599.99,0.2,959.984,20
1572,22-04-2018,1,Rowlett Bikes,Garry Espinoza,TX,Electra Super Moto 8i - 2018,Cruisers Bicycles,Electra,2,899.99,0.05,1709.981,5
1572,22-04-2018,1,Rowlett Bikes,Garry Espinoza,TX,Electra Townie Commute Go! - 2018,Electric Bikes,Electra,1,2999.99,0.2,2399.992,27
1572,22-04-2018,1,Rowlett Bikes,Garry Espinoza,TX,Trek Fuel EX 8 29 - 2018,Mountain Bikes,Trek,1,3199.99,0.05,3039.9905,25
1572,22-04-2018,1,Rowlett Bikes,Garry Espinoza,TX,Electra Townie Original 21D EQ - 2017/2018,Comfort Bicycles,Electra,2,679.99,0.2,1087.984,23
1573,23-04-2018,2,Santa Cruz Bikes,Corene Wall,CA,Trek Conduit+ - 2016,Electric Bikes,Trek,1,2999.99,0.05,2849.9905,11
1573,23-04-2018,2,Santa Cruz Bikes,Corene Wall,CA,Trek X-Caliber 7 - 2018,Mountain Bikes,Trek,1,919.99,0.07,855.5907,21
1573,23-04-2018,2,Santa Cruz Bikes,Corene Wall,CA,Electra Moto 1 - 2016,Cruisers Bicycles,Electra,2,529.99,0.1,953.982,3
1573,23-04-2018,2,Santa Cruz Bikes,Corene Wall,CA,Electra Super Moto 8i - 2018,Cruisers Bicycles,Electra,2,899.99,0.07,1673.9814,11
1573,23-04-2018,2,Santa Cruz Bikes,Corene Wall,CA,Strider Classic 12 Balance Bike - 2018,Children Bicycles,Strider,2,89.99,0.1,161.982,21
1574,23-04-2018,1,Santa Cruz Bikes,Jeni Booker,CA,Surly Pack Rat Frameset - 2018,Mountain Bikes,Surly,1,469.99,0.1,422.991,12
1575,23-04-2018,2,Santa Cruz Bikes,Moses Pope,CA,Haro SR 1.1 - 2017,Mountain Bikes,Haro,1,539.99,0.07,502.1907,1
1575,23-04-2018,2,Santa Cruz Bikes,Moses Pope,CA,Trek Boone 7 Disc - 2018,Cyclocross Bicycles,Trek,2,3999.99,0.1,7199.982,27
1575,23-04-2018,2,Santa Cruz Bikes,Moses Pope,CA,Electra Cruiser 1 - 2016/2017/2018,Cruisers Bicycles,Electra,1,269.99,0.07,251.0907,14
1575,23-04-2018,2,Santa Cruz Bikes,Moses Pope,CA,Surly Big Fat Dummy Frameset - 2018,Mountain Bikes,Surly,2,469.99,0.05,892.981,28
1575,23-04-2018,2,Santa Cruz Bikes,Moses Pope,CA,Haro Shredder 20 - 2017,Children Bicycles,Haro,2,209.99,0.2,335.984,0
1576,23-04-2018,2,Baldwin Bikes,Robby Sykes,NY,Sun Bicycles Cruz 7 - 2017,Cruisers Bicycles,Sun Bicycles,1,416.99,0.05,396.1405,22
1576,23-04-2018,2,Baldwin Bikes,Robby Sykes,NY,Electra Tiger Shark 1 (20-inch) - Boys' - 2018,Children Bicycles,Electra,1,319.99,0.05,303.9905,12
1576,23-04-2018,2,Baldwin Bikes,Robby Sykes,NY,Trek Powerfly 5 Women's - 2018,Electric Bikes,Trek,2,3499.99,0.05,6649.981,1
1577,23-04-2018,1,Baldwin Bikes,Cesar Jackson,NY,Electra Water Lily 1 (16-inch) - Girl's - 2018,Children Bicycles,Electra,2,279.99,0.05,531.981,27
1577,23-04-2018,1,Baldwin Bikes,Cesar Jackson,NY,Sun Bicycles Drifter 7 - Women's - 2017,Comfort Bicycles,Sun Bicycles,2,470.99,0.1,847.782,6
1577,23-04-2018,1,Baldwin Bikes,Cesar Jackson,NY,Electra Townie Balloon 3i EQ Ladies' - 2018,Comfort Bicycles,Electra,2,799.99,0.2,1279.984,13
1577,23-04-2018,1,Baldwin Bikes,Cesar Jackson,NY,Heller Bloodhound Trail - 2018,Mountain Bikes,Heller,2,2599,0.07,4834.14,9
1577,23-04-2018,1,Baldwin Bikes,Cesar Jackson,NY,Electra Cyclosaurus 1 (16-inch) - Boy's - 2018,Children Bicycles,Electra,2,279.99,0.05,531.981,8
1578,23-04-2018,2,Baldwin Bikes,Corrina Sawyer,NY,Trek Super Commuter+ 7 - 2018,Electric Bikes,Trek,2,3599.99,0.07,6695.9814,25
1578,23-04-2018,2,Baldwin Bikes,Corrina Sawyer,NY,Electra Townie Commute 27D Ladies - 2018,Comfort Bicycles,Electra,1,899.99,0.05,854.9905,5
1578,23-04-2018,2,Baldwin Bikes,Corrina Sawyer,NY,Electra Townie Commute 8D - 2018,Cruisers Bicycles,Electra,2,749.99,0.2,1199.984,24
1579,24-04-2018,2,Santa Cruz Bikes,Katharina Bates,CA,Trek Domane SL 6 - 2017,Road Bikes,Trek,1,3499.99,0.05,3324.9905,8
1579,24-04-2018,2,Santa Cruz Bikes,Katharina Bates,CA,Electra Tiger Shark 3i - 2018,Cruisers Bicycles,Electra,1,899.99,0.1,809.991,4
1579,24-04-2018,2,Santa Cruz Bikes,Katharina Bates,CA,"Electra Starship 1 16"" - 2018",Children Bicycles,Electra,1,279.99,0.07,260.3907,28
1579,24-04-2018,2,Santa Cruz Bikes,Katharina Bates,CA,Sun Bicycles Lil Bolt Type-R - 2017,Cruisers Bicycles,Sun Bicycles,2,346.99,0.1,624.582,10
1580,24-04-2018,2,Santa Cruz Bikes,Graciela Barber,CA,Trek Kids' Neko - 2018,Mountain Bikes,Trek,2,469.99,0.07,874.1814,17
1580,24-04-2018,2,Santa Cruz Bikes,Graciela Barber,CA,Trek Girl's Kickster - 2017,Children Bicycles,Trek,2,149.99,0.2,239.984,19
1581,25-04-2018,2,Santa Cruz Bikes,Sharla Flynn,CA,Electra Townie Original 7D - 2017,Cruisers Bicycles,Electra,1,489.99,0.1,440.991,30
1581,25-04-2018,2,Santa Cruz Bikes,Sharla Flynn,CA,Trek Precaliber 20 6-speed Boy's - 2018,Children Bicycles,Trek,1,289.99,0.2,231.992,14
1582,25-04-2018,1,Santa Cruz Bikes,Le Deleon,CA,Electra Cruiser Lux Fat Tire 1 Ladies - 2017,Cruisers Bicycles,Electra,1,599.99,0.07,557.9907,23
1582,25-04-2018,1,Santa Cruz Bikes,Le Deleon,CA,Trek Procaliber Frameset - 2018,Mountain Bikes,Trek,2,1499.99,0.07,2789.9814,9
1583,25-04-2018,1,Baldwin Bikes,Onita Johns,NY,Electra Moto 1 - 2016,Cruisers Bicycles,Electra,1,529.99,0.05,503.4905,6
1583,25-04-2018,1,Baldwin Bikes,Onita Johns,NY,Strider Strider 20 Sport - 2018,Children Bicycles,Strider,2,289.99,0.2,463.984,4
1584,26-04-2018,2,Santa Cruz Bikes,Monica Sears,CA,Haro SR 1.2 - 2017,Mountain Bikes,Haro,2,869.99,0.1,1565.982,15
1584,26-04-2018,2,Santa Cruz Bikes,Monica Sears,CA,Electra Super Moto 8i - 2018,Cruisers Bicycles,Electra,2,899.99,0.1,1619.982,11
1584,26-04-2018,2,Santa Cruz Bikes,Monica Sears,CA,Trek Fuel EX 9.8 27.5 Plus - 2017,Mountain Bikes,Trek,1,5299.99,0.2,4239.992,2
1584,26-04-2018,2,Santa Cruz Bikes,Monica Sears,CA,Trek Neko+ - 2018,Electric Bikes,Trek,1,2799.99,0.1,2519.991,16
1584,26-04-2018,2,Santa Cruz Bikes,Monica Sears,CA,Trek Domane ALR 5 Gravel - 2018,Road Bikes,Trek,2,1799.99,0.07,3347.9814,8
1585,26-04-2018,1,Santa Cruz Bikes,Carola Rodriquez,CA,Electra Townie Original 1 Ladies' - 2018,Comfort Bicycles,Electra,1,449.99,0.1,404.991,14
1585,26-04-2018,1,Santa Cruz Bikes,Carola Rodriquez,CA,Sun Bicycles Cruz 3 - 2017,Comfort Bicycles,Sun Bicycles,2,449.99,0.1,809.982,30
1585,26-04-2018,1,Santa Cruz Bikes,Carola Rodriquez,CA,Trek Boone 7 Disc - 2018,Cyclocross Bicycles,Trek,2,3999.99,0.07,7439.9814,27
1585,26-04-2018,1,Santa Cruz Bikes,Carola Rodriquez,CA,"Electra Girl's Hawaii 1 16"" - 2017",Children Bicycles,Electra,1,299.99,0.1,269.991,25
1585,26-04-2018,1,Santa Cruz Bikes,Carola Rodriquez,CA,Electra Loft Go! 8i - 2018,Electric Bikes,Electra,1,2799.99,0.1,2519.991,21
1586,26-04-2018,1,Santa Cruz Bikes,Carley Reynolds,CA,Electra Girl's Hawaii 1 (16-inch) - 2015/2016,Children Bicycles,Electra,2,269.99,0.1,485.982,29
1586,26-04-2018,1,Santa Cruz Bikes,Carley Reynolds,CA,Trek Precaliber 24 21-speed Boy's - 2018,Children Bicycles,Trek,1,369.99,0.07,344.0907,13
1586,26-04-2018,1,Santa Cruz Bikes,Carley Reynolds,CA,"Electra Treasure 1 20"" - 2018",Children Bicycles,Electra,1,319.99,0.05,303.9905,24
1586,26-04-2018,1,Santa Cruz Bikes,Carley Reynolds,CA,Trek Domane ALR Frameset - 2018,Road Bikes,Trek,1,3199.99,0.2,2559.992,2
1586,26-04-2018,1,Santa Cruz Bikes,Carley Reynolds,CA,Surly Troll Frameset - 2017,Mountain Bikes,Surly,1,832.99,0.1,749.691,26
1587,26-04-2018,2,Santa Cruz Bikes,Jenee Rasmussen,CA,Sun Bicycles Streamway - 2017,Comfort Bicycles,Sun Bicycles,1,481.99,0.1,433.791,25
1587,26-04-2018,2,Santa Cruz Bikes,Jenee Rasmussen,CA,Trek Boone Race Shop Limited - 2017,Cyclocross Bicycles,Trek,2,3499.99,0.05,6649.981,4
1587,26-04-2018,2,Santa Cruz Bikes,Jenee Rasmussen,CA,Sun Bicycles Biscayne Tandem CB - 2017,Cruisers Bicycles,Sun Bicycles,2,647.99,0.05,1231.181,13
1587,26-04-2018,2,Santa Cruz Bikes,Jenee Rasmussen,CA,Electra Townie Balloon 3i EQ Ladies' - 2018,Comfort Bicycles,Electra,2,799.99,0.07,1487.9814,7
1588,26-04-2018,1,Baldwin Bikes,Deshawn Mendoza,NY,Haro Shredder 20 Girls - 2017,Children Bicycles,Haro,2,209.99,0.07,390.5814,22
1589,27-04-2018,2,Santa Cruz Bikes,Ronna Butler,CA,Electra Townie Original 3i EQ Ladies' - 2018,Cruisers Bicycles,Electra,2,639.99,0.05,1215.981,0
1589,27-04-2018,2,Santa Cruz Bikes,Ronna Butler,CA,Electra Townie Balloon 3i EQ Ladies' - 2018,Cruisers Bicycles,Electra,1,799.99,0.2,639.992,20
1589,27-04-2018,2,Santa Cruz Bikes,Ronna Butler,CA,Surly Karate Monkey 27.5+ Frameset - 2017,Mountain Bikes,Surly,2,2499.99,0.1,4499.982,20
1590,27-04-2018,1,Santa Cruz Bikes,Jone Bernard,CA,Trek Domane SLR Frameset - 2018,Road Bikes,Trek,2,3199.99,0.07,5951.9814,2
1590,27-04-2018,1,Santa Cruz Bikes,Jone Bernard,CA,Electra Townie Original 7D EQ Ladies' - 2017/2018,Cruisers Bicycles,Electra,1,599.99,0.2,479.992,14
1590,27-04-2018,1,Santa Cruz Bikes,Jone Bernard,CA,Electra Girl's Hawaii 1 (20-inch) - 2015/2016,Children Bicycles,Electra,1,299.99,0.07,278.9907,9
1591,27-04-2018,2,Santa Cruz Bikes,Jeromy Burch,CA,"Electra Starship 1 16"" - 2018",Children Bicycles,Electra,2,279.99,0.2,447.984,28
1591,27-04-2018,2,Santa Cruz Bikes,Jeromy Burch,CA,Surly Big Fat Dummy Frameset - 2018,Mountain Bikes,Surly,2,469.99,0.2,751.984,28
1591,27-04-2018,2,Santa Cruz Bikes,Jeromy Burch,CA,Electra Savannah 3i (20-inch) - Girl's - 2017,Children Bicycles,Electra,2,349.99,0.07,650.9814,20
1591,27-04-2018,2,Santa Cruz Bikes,Jeromy Burch,CA,Trek Fuel EX 5 Plus - 2018,Mountain Bikes,Trek,2,2249.99,0.05,4274.981,6
1591,27-04-2018,2,Santa Cruz Bikes,Jeromy Burch,CA,Strider Strider 20 Sport - 2018,Children Bicycles,Strider,1,289.99,0.2,231.992,28
1592,27-04-2018,2,Baldwin Bikes,Lyndsey Bean,NY,Surly Straggler 650b - 2018,Cyclocross Bicycles,Surly,2,1549,0.05,2943.1,4
1592,27-04-2018,2,Baldwin Bikes,Lyndsey Bean,NY,Trek Emonda ALR 6 - 2018,Road Bikes,Trek,1,2299.99,0.07,2138.9907,30
1592,27-04-2018,2,Baldwin Bikes,Lyndsey Bean,NY,Trek Fuel EX 9.8 29 - 2017,Mountain Bikes,Trek,2,4999.99,0.07,9299.9814,15
1592,27-04-2018,2,Baldwin Bikes,Lyndsey Bean,NY,Trek Conduit+ - 2016,Electric Bikes,Trek,1,2999.99,0.2,2399.992,17
1592,27-04-2018,2,Baldwin Bikes,Lyndsey Bean,NY,Trek Precaliber 16 Girl's - 2018,Children Bicycles,Trek,2,209.99,0.05,398.981,26
1593,27-04-2018,1,Baldwin Bikes,Genoveva Baldwin,NY,Electra Savannah 3i (20-inch) - Girl's - 2017,Children Bicycles,Electra,2,349.99,0.2,559.984,15
1593,27-04-2018,1,Baldwin Bikes,Genoveva Baldwin,NY,Trek Session DH 27.5 Carbon Frameset - 2017,Mountain Bikes,Trek,1,469.99,0.07,437.0907,24
1593,27-04-2018,1,Baldwin Bikes,Genoveva Baldwin,NY,Trek Dual Sport+ - 2018,Electric Bikes,Trek,2,2799.99,0.1,5039.982,18
1593,27-04-2018,1,Baldwin Bikes,Genoveva Baldwin,NY,Sun Bicycles Cruz 7 - 2017,Comfort Bicycles,Sun Bicycles,1,416.99,0.05,396.1405,29
1593,27-04-2018,1,Baldwin Bikes,Genoveva Baldwin,NY,Trek Emonda SLR 8 - 2018,Road Bikes,Trek,2,6499.99,0.07,12089.9814,1
1594,28-04-2018,1,Baldwin Bikes,Bennett Armstrong,NY,Sun Bicycles Boardwalk (24-inch Wheels) - 2017,Cruisers Bicycles,Sun Bicycles,2,402.99,0.1,725.382,29
1594,28-04-2018,1,Baldwin Bikes,Bennett Armstrong,NY,Sun Bicycles Streamway 7 - 2017,Comfort Bicycles,Sun Bicycles,1,533.99,0.1,480.591,3
1595,28-04-2018,2,Baldwin Bikes,Takako Casey,NY,Trek 820 - 2018,Mountain Bikes,Trek,1,379.99,0.2,303.992,1
1596,28-04-2018,2,Rowlett Bikes,Tobie Little,TX,Trek Precaliber 24 (21-Speed) - Girls - 2017,Children Bicycles,Trek,1,349.99,0.05,332.4905,8
1596,28-04-2018,2,Rowlett Bikes,Tobie Little,TX,Pure Cycles Western 3-Speed - Women's - 2015/2016,Cruisers Bicycles,Pure Cycles,1,449,0.1,404.1,5
1597,28-04-2018,1,Rowlett Bikes,Lolita Mosley,TX,Trek Madone 9 Frameset - 2018,Road Bikes,Trek,1,3199.99,0.07,2975.9907,6
1597,28-04-2018,1,Rowlett Bikes,Lolita Mosley,TX,Trek Domane S 5 Disc - 2017,Road Bikes,Trek,1,2599.99,0.07,2417.9907,0
1598,29-04-2018,2,Santa Cruz Bikes,Felice Guzman,CA,Electra Townie Original 7D EQ - 2018,Cruisers Bicycles,Electra,1,599.99,0.2,479.992,15
1598,29-04-2018,2,Santa Cruz Bikes,Felice Guzman,CA,Trek Domane SL 6 - 2017,Road Bikes,Trek,2,3499.99,0.07,6509.9814,8
1598,29-04-2018,2,Santa Cruz Bikes,Felice Guzman,CA,Trek Precaliber 12 Girls - 2017,Children Bicycles,Trek,1,189.99,0.2,151.992,7
1599,29-04-2018,1,Baldwin Bikes,Caroll Hays,NY,Sun Bicycles Streamway - 2017,Comfort Bicycles,Sun Bicycles,2,481.99,0.2,771.184,26
1600,29-04-2018,1,Baldwin Bikes,Marjorie Logan,NY,Trek Domane SLR 6 - 2018,Road Bikes,Trek,1,4999.99,0.1,4499.991,3
1600,29-04-2018,1,Baldwin Bikes,Marjorie Logan,NY,"Electra Treasure 1 20"" - 2018",Children Bicycles,Electra,1,319.99,0.05,303.9905,15
1600,29-04-2018,1,Baldwin Bikes,Marjorie Logan,NY,Surly Troll Frameset - 2017,Mountain Bikes,Surly,1,832.99,0.2,666.392,15
1601,29-04-2018,1,Rowlett Bikes,Mozelle Carter,TX,Trek Marlin 6 - 2018,Mountain Bikes,Trek,2,579.99,0.2,927.984,12
1601,29-04-2018,1,Rowlett Bikes,Mozelle Carter,TX,Surly Straggler - 2016,Cyclocross Bicycles,Surly,1,1549,0.2,1239.2,21
1601,29-04-2018,1,Rowlett Bikes,Mozelle Carter,TX,Electra Cruiser 1 Ladies' - 2018,Cruisers Bicycles,Electra,2,269.99,0.07,502.1814,0
1601,29-04-2018,1,Rowlett Bikes,Mozelle Carter,TX,Trek Slash 8 27.5 - 2016,Mountain Bikes,Trek,2,3999.99,0.07,7439.9814,12
1601,29-04-2018,1,Rowlett Bikes,Mozelle Carter,TX,Trek Domane AL 3 Women's - 2018,Road Bikes,Trek,1,919.99,0.1,827.991,6
1602,30-04-2018,1,Baldwin Bikes,Diana Guerra,NY,Sun Bicycles Atlas X-Type - 2017,Cruisers Bicycles,Sun Bicycles,2,416.99,0.05,792.281,30
1602,30-04-2018,1,Baldwin Bikes,Diana Guerra,NY,Haro Flightline One ST - 2017,Mountain Bikes,Haro,1,379.99,0.07,353.3907,5
1602,30-04-2018,1,Baldwin Bikes,Diana Guerra,NY,Trek Precaliber 20 Girl's - 2018,Children Bicycles,Trek,2,229.99,0.2,367.984,3
1602,30-04-2018,1,Baldwin Bikes,Diana Guerra,NY,Electra Amsterdam Fashion 3i Ladies' - 2017/2018,Cruisers Bicycles,Electra,2,899.99,0.05,1709.981,5
1603,30-04-2018,2,Baldwin Bikes,Georgeann Waller,NY,Trek Precaliber 20 Girl's - 2018,Children Bicycles,Trek,2,229.99,0.05,436.981,3
1604,17-06-2018,3,Baldwin Bikes,Latasha Hays,NY,Trek Precaliber 16 Girl's - 2018,Children Bicycles,Trek,1,209.99,0.1,188.991,26
1605,01-07-2018,3,Rowlett Bikes,Robena Hill,TX,Sun Bicycles Biscayne Tandem 7 - 2017,Cruisers Bicycles,Sun Bicycles,1,619.99,0.1,557.991,6
1605,01-07-2018,3,Rowlett Bikes,Robena Hill,TX,Trek CrossRip+ - 2018,Electric Bikes,Trek,1,4499.99,0.2,3599.992,30
1605,01-07-2018,3,Rowlett Bikes,Robena Hill,TX,Trek Procal AL Frameset - 2018,Mountain Bikes,Trek,2,1499.99,0.1,2699.982,16
1605,01-07-2018,3,Rowlett Bikes,Robena Hill,TX,Electra Townie Balloon 7i EQ - 2018,Comfort Bicycles,Electra,1,899.99,0.1,809.991,29
1605,01-07-2018,3,Rowlett Bikes,Robena Hill,TX,Trek X-Caliber 8 - 2017,Mountain Bikes,Trek,1,999.99,0.07,929.9907,11
1606,10-07-2018,3,Rowlett Bikes,Thalia Dillard,TX,Electra Townie Original 3i EQ - 2017/2018,Cruisers Bicycles,Electra,1,659.99,0.1,593.991,10
1606,10-07-2018,3,Rowlett Bikes,Thalia Dillard,TX,Trek Precaliber 16 Girl's - 2018,Children Bicycles,Trek,1,209.99,0.1,188.991,23
1607,11-07-2018,3,Santa Cruz Bikes,Deloris Burke,CA,Trek X-Caliber 8 - 2017,Mountain Bikes,Trek,1,999.99,0.05,949.9905,13
1608,12-07-2018,3,Santa Cruz Bikes,Saturnina Garner,CA,Electra Cruiser Lux 3i Ladies' - 2018,Cruisers Bicycles,Electra,2,529.99,0.05,1006.981,25
1609,23-08-2018,3,Baldwin Bikes,Pamelia Newman,NY,Electra Moto 3i (20-inch) - Boy's - 2017,Children Bicycles,Electra,1,349.99,0.2,279.992,22
1609,23-08-2018,3,Baldwin Bikes,Pamelia Newman,NY,Electra Townie Balloon 8D EQ - 2016/2017/2018,Cruisers Bicycles,Electra,2,749.99,0.2,1199.984,6
1609,23-08-2018,3,Baldwin Bikes,Pamelia Newman,NY,Electra Cruiser 7D Tall - 2016/2018,Cruisers Bicycles,Electra,2,319.99,0.1,575.982,7
1609,23-08-2018,3,Baldwin Bikes,Pamelia Newman,NY,Sun Bicycles Streamway 7 - 2017,Comfort Bicycles,Sun Bicycles,1,533.99,0.2,427.192,3
1610,25-08-2018,3,Baldwin Bikes,Linnie Branch,NY,Surly Troll Frameset - 2017,Mountain Bikes,Surly,1,832.99,0.07,774.6807,15
1610,25-08-2018,3,Baldwin Bikes,Linnie Branch,NY,Trek Domane ALR Frameset - 2018,Road Bikes,Trek,2,3199.99,0.2,5119.984,17
1611,06-09-2018,3,Baldwin Bikes,Lyndsey Bean,NY,Electra Loft Go! 8i - 2018,Electric Bikes,Electra,1,2799.99,0.07,2603.9907,15
1611,06-09-2018,3,Baldwin Bikes,Lyndsey Bean,NY,Trek Domane SL 6 - 2018,Road Bikes,Trek,2,3199.99,0.1,5759.982,28
1611,06-09-2018,3,Baldwin Bikes,Lyndsey Bean,NY,Electra Morningstar 3i Ladies' - 2018,Cruisers Bicycles,Electra,1,749.99,0.2,599.992,7
1612,21-10-2018,3,Santa Cruz Bikes,Tameka Fisher,CA,Electra Townie Commute 8D Ladies' - 2018,Cruisers Bicycles,Electra,1,699.99,0.1,629.991,10
1612,21-10-2018,3,Santa Cruz Bikes,Tameka Fisher,CA,"Electra Superbolt 1 20"" - 2018",Children Bicycles,Electra,2,319.99,0.05,607.981,2
1612,21-10-2018,3,Santa Cruz Bikes,Tameka Fisher,CA,Electra Townie 7D (20-inch) - Boys' - 2017,Children Bicycles,Electra,2,339.99,0.2,543.984,17
1612,21-10-2018,3,Santa Cruz Bikes,Tameka Fisher,CA,Electra Tiger Shark 1 (20-inch) - Boys' - 2018,Children Bicycles,Electra,2,319.99,0.07,595.1814,18
1612,21-10-2018,3,Santa Cruz Bikes,Tameka Fisher,CA,Sun Bicycles ElectroLite - 2017,Electric Bikes,Sun Bicycles,1,1559.99,0.1,1403.991,19
1613,18-11-2018,3,Baldwin Bikes,Debra Burks,NY,Trek Domane SL 7 Women's - 2018,Road Bikes,Trek,1,4999.99,0.07,4649.9907,21
1613,18-11-2018,3,Baldwin Bikes,Debra Burks,NY,Electra Heartchya 1 (20-inch) - Girl's - 2018,Children Bicycles,Electra,2,319.99,0.05,607.981,28
1614,28-11-2018,3,Rowlett Bikes,Dorthey Jackson,TX,Surly Krampus - 2018,Mountain Bikes,Surly,1,1499,0.07,1394.07,11
1614,28-11-2018,3,Rowlett Bikes,Dorthey Jackson,TX,Trek Emonda ALR 6 - 2018,Road Bikes,Trek,2,2299.99,0.07,4277.9814,6
1614,28-11-2018,3,Rowlett Bikes,Dorthey Jackson,TX,Electra Cruiser 1 - 2016/2017/2018,Cruisers Bicycles,Electra,2,269.99,0.2,431.984,10
1615,28-12-2018,3,Rowlett Bikes,Sarita Parks,TX,Trek Verve+ Lowstep - 2018,Electric Bikes,Trek,2,2299.99,0.2,3679.984,8
1615,28-12-2018,3,Rowlett Bikes,Sarita Parks,TX,Electra Tiger Shark 3i - 2018,Cruisers Bicycles,Electra,1,899.99,0.07,836.9907,30
1615,28-12-2018,3,Rowlett Bikes,Sarita Parks,TX,Trek Domane SL 5 Disc - 2018,Road Bikes,Trek,1,2499.99,0.2,1999.992,28
